country_code,welfare_type,spell,region,year_a,year_b,n_cross,lorenz,lorenz_decile,dom_dir,bottom_dir,growth,d_gini,d_zenga,d_ge_m1,d_mld,d_atk05,d_theil,d_ge2,d_cv,d_atk1,d_atk2,d_ge05,d_vl,d_p90p10,d_abs_gini,d_sd,d_kolm
ALB,consumption,1,ECS,2002,2005,2,multi_cross,single_cross,0,1,0.12261876729221345,-0.011427321010249514,-0.010638563885280838,-0.008697613237494406,-0.010185504501010384,-0.0056076063697976936,-0.01402521548425359,-0.02353943203855738,-0.035720769225591864,-0.008689892127393684,-0.00951550562224679,-0.011683761707475426,-0.012404115354158418,-0.1262549583660313,0.23082403477361835,0.38851409307950835,0.14949742501362606
ALB,consumption,1,ECS,2005,2008,1,single_cross,single_cross,0,1,0.09089654192231485,-0.006165781133816717,-0.01121177962553832,-0.014478757213721688,-0.0062234672002200175,-0.0012431259613503998,0.0020240145593125036,0.021718205173695798,0.033024639647062926,-0.005353357315607016,-0.016398882409805277,-0.0025853185992334993,-0.024622547969387676,-0.24565155670844918,0.20484105434161792,0.8906918592147255,0.17735760988267013
ALB,consumption,1,ECS,2008,2012,1,single_cross,single_cross,0,-1,-0.05329075247181538,-0.010159773780349546,-0.008326868771734497,-0.0016663367783651128,-0.009839836361646093,-0.0072415614758084,-0.022819718308032005,-0.0580486606488467,-0.09244503632701917,-0.008532393105732478,-0.0019338020715047033,-0.015025818726147389,0.0008283721947737188,0.03697449546305265,-0.252793873406584,-1.2310102012088047,-0.2312833026061356
ALB,consumption,2,ECS,2014,2015,0,dominance,dominance,1,1,0.18852211625171772,-0.018432657813275966,-0.023190628245164158,-0.03468467841228032,-0.023017771017659477,-0.009934767755929802,-0.020383527333771995,-0.025291619064517212,-0.03819079411685833,-0.019095076378715575,-0.0332814163734117,-0.020820965983227302,-0.050092195791269334,-0.5787725676158662,0.5020316422528044,0.9658504471052991,0.4377901819873218
ALB,consumption,2,ECS,2015,2016,0,dominance,dominance,-1,-1,0.023146701806296383,0.009820541128715277,0.012512428078274906,0.018375963162558406,0.012023541681489391,0.005081217987827208,0.010033462430242501,0.010979570585780918,0.01685084495309863,0.010029307406589,0.01803019480609447,0.010634863478568707,0.027080148920465896,0.31772826254210695,0.21696831201236844,0.3955933993630101,0.1960884278844124
ALB,consumption,2,ECS,2016,2017,1,single_cross,dominance,0,-1,-0.009685147072567037,-0.006804136662951099,-0.007745160778167226,-0.0093839591483722,-0.007677228518160412,-0.0035943148852201068,-0.007907585974221393,-0.010855462506516117,-0.01665790432958092,-0.006389952918347402,-0.009091385163264798,-0.007525872786002807,-0.014123702915242065,-0.26936554298884197,-0.12518734250831898,-0.28646520077633486,-0.11586861844228968
ALB,consumption,3,ECS,2018,2019,1,single_cross,single_cross,0,1,0.032022107090502655,-0.00033443671860350355,-0.006927709023835882,-0.01708072977185829,-0.004984711285741877,-0.00049883511073609,0.0026090946855680808,0.011554369448216306,0.01979837007164975,-0.004291520479074995,-0.018758047923816773,-0.0010356353426313192,-0.02579304860562892,-0.336295216552966,0.1260105974023773,0.5208231641958454,0.11561476197597909
ALB,consumption,3,ECS,2019,2020,1,single_cross,single_cross,0,-1,0.014609977924873058,-0.00695393448892101,-0.005332709809434455,-0.0006051098108958985,-0.004720464784538914,-0.003169434169047497,-0.008766352760172985,-0.015852877402528,-0.027340514545317607,-0.004083789499583906,-0.0006821870836342947,-0.0065735957943075796,-0.0008849898378264776,0.02108684493666102,-0.03609668762823759,-0.26135950602707325,-0.03151720479994502
ALB,income,4,ECS,2016,2017,0,dominance,dominance,1,1,0.045818079978343924,-0.014701453747058002,-0.013934232714104322,-0.03789882238190906,-0.019613634352795783,-0.00863663887517871,-0.019516926237962,-0.029331897743703095,-0.03921227221083112,-0.01507352347293428,-0.022739183238371208,-0.01838535573883962,-0.03974446333157122,-0.236876267281124,0.026699699542889643,-0.05033003445379691,0.023304483477657234
ALB,income,4,ECS,2017,2018,0,dominance,dominance,1,1,0.0456453057296699,-0.011054973232661691,-0.014265607266679137,-0.056150947078007996,-0.02102489906341251,-0.007633818844570997,-0.014469576753575492,-0.017498002066804685,-0.024431499741351614,-0.01648983118608982,-0.03747165843327516,-0.016176206118407893,-0.06035006835637502,-0.6399864728202083,0.05984157056954986,0.08794232251137313,0.05316012715069007
ARE,income,0,MEA,2013,2018,2,multi_cross,dominance,0,-1,0.08369735872143921,-0.0611298323951161,-0.06918378776097478,-0.06527103636791354,-0.0575267270653578,-0.025417758563713803,-0.0491601083433776,-0.04484719536718679,-0.08387130523772474,-0.0488440336862932,-0.060762007347952895,-0.05280558369549081,-0.11671801018389538,-2.374077788574233,-2.759535711355081,-2.959753711815509,1.37367565108908
ARM,consumption,1,ECS,1999,2001,1,single_cross,dominance,0,-1,-0.0510914811280141,-0.00849109149272187,-0.009506689204724084,-0.013197003710444605,-0.012320678981152022,-0.007135402390350001,-0.021862275760049787,-0.06690419476440851,-0.0776373924338376,-0.009974604303299495,-0.012334042496533082,-0.015100013327395995,-0.013671595158903094,0.12341929873383162,-0.1331120851174663,-0.6050813347952029,-0.09786695303200199
ARM,consumption,1,ECS,2001,2002,1,single_cross,dominance,0,1,0.04780521773143196,-0.005872858087827726,-0.007977679889137779,-0.012004855751504312,-0.005984047870979586,-0.0015668502142767021,0.0004060504342791871,0.01987193244957869,0.02380341871106828,-0.004889098816640902,-0.011616511800096874,-0.003307731623094501,-0.019636952572773425,-0.3894028592106977,0.054028441657987925,0.31631842664413634,0.04696049387476142
ARM,consumption,1,ECS,2002,2003,1,single_cross,dominance,0,1,0.02740540788772073,-0.017569582847961618,-0.023031984314401344,-0.02970352068315918,-0.018270030331860004,-0.006874770411698192,-0.010120918778863591,0.011877004883040831,0.013912498182456434,-0.015109327081683582,-0.030497474542548808,-0.014479146414995397,-0.045618571418873655,-0.4818462587900636,-0.04270594364955338,0.1923029463930357,0.00020849862554794818
ARM,consumption,1,ECS,2003,2004,0,dominance,dominance,-1,-1,0.21496956393392042,0.044695617250912034,0.049454914687654394,0.0683634158494848,0.054658832096413396,0.02747547178178239,0.07083791540293322,0.16075879266136578,0.16999843679607507,0.0443927955750994,0.06657991041393319,0.0582018320755871,0.08648970737239786,0.616127778470394,0.7031233988966659,2.1798346080389965,0.4723055018176675
ARM,consumption,1,ECS,2004,2005,0,dominance,dominance,1,1,0.09701197451004953,-0.015098111597275032,-0.017305357372861874,-0.02682799685380871,-0.0191809919102974,-0.009071363133592802,-0.022532157974060107,-0.05068437222664729,-0.05040999705294602,-0.015302834835300816,-0.024630554001862093,-0.019315489906613303,-0.034161328412409764,-0.3684324216164909,0.13953061725504723,0.32035903561821133,0.0927671344399168
ARM,consumption,1,ECS,2005,2006,0,dominance,dominance,1,1,-0.03537356791031703,-0.06266874883238549,-0.06272728142312378,-0.0681816820762178,-0.07117231392500428,-0.0402796567612701,-0.1117743358646199,-0.2677746152614533,-0.3280745057288478,-0.05941784373966258,-0.0716561278171462,-0.08459688412652519,-0.08214891602143404,-0.309607515273421,-0.5210260085949092,-2.5037188740850826,-0.46021901935982223
ARM,consumption,1,ECS,2006,2007,1,single_cross,dominance,0,-1,0.10787243562784142,0.015182789092455129,0.01913940458885377,0.020014253911580404,0.014310197698278987,0.006118614235429601,0.011412585266488612,0.0072283435757390935,0.01099102255536899,0.012288841229646574,0.022531768577132183,0.01273045565491368,0.03165973554735474,0.3590582581108994,0.34959081765309374,0.5962026360678889,0.20551477047232214
ARM,consumption,1,ECS,2007,2008,0,dominance,dominance,1,1,0.021865852981005147,-0.020408762960930804,-0.02650494018424221,-0.026301632550453508,-0.020891956020228197,-0.009937086066021492,-0.02192117430465851,-0.030416048046744887,-0.047572024321451356,-0.018000219694218195,-0.029896331877218185,-0.02065392902163049,-0.03946761884666733,-0.37782734404780616,-0.10714208678067472,-0.26067446769098623,-0.07712286018382042
ARM,consumption,1,ECS,2008,2009,0,dominance,dominance,1,1,-0.11789685739278108,-0.011685169645630822,-0.015349748703903598,-0.013375595858161893,-0.01139817641171001,-0.005719933463543797,-0.013360981390508508,-0.02190950045874021,-0.036684578451199434,-0.009980222946870287,-0.016150906731684816,-0.011838735935036093,-0.019882793998071996,-0.059850658835060244,-0.3359866338443225,-0.7928351676384926,-0.2099910799316851
ARM,consumption,1,ECS,2009,2010,1,single_cross,dominance,0,1,0.02072977593768052,0.019667875019485026,0.021992484967001458,0.0163091115177994,0.01999486846986881,0.011865310409762297,0.03268806307284211,0.07238097238626309,0.11383924275280932,0.01743257554393049,0.019604650835441606,0.024598628807541295,0.02092767556513611,0.03550788110036418,0.18090221057311506,0.8948979250597775,0.15395570047879836
ARM,consumption,1,ECS,2010,2011,1,single_cross,single_cross,0,-1,0.020619047771951667,-0.006321674515801401,-0.004702191322778715,-0.0023011903883609075,-0.006254047926999795,-0.004378200595154008,-0.013486379705701712,-0.0340272012775005,-0.05099705911496255,-0.005415192522044199,-0.0027066503496844807,-0.009094959258143298,-0.001245405168251723,0.07130030307264157,-0.001491296703941103,-0.26784859859946053,-0.02649827442527286
ARM,consumption,1,ECS,2011,2012,4,multi_cross,multi_cross,0,-1,0.03530637615639715,0.002488806567589874,0.0029799766342112344,0.002249309971224911,0.003544974623850783,0.002397243808683905,0.007442635728294095,0.019498836408985504,0.029697191490159702,0.0030736443525545,0.0026458389861713782,0.004977201084040789,0.0017565787418103995,-0.035794167569981106,0.09535174943508906,0.3911421764543235,0.07631045250966584
ARM,consumption,1,ECS,2012,2013,2,multi_cross,dominance,0,-1,0.03691761664874925,0.009710473411141729,0.01493190011335177,0.017967398234850607,0.01042437810961222,0.004096144809565397,0.007178093340903302,0.0051475737968210145,0.007623225664136091,0.008975506626431207,0.020498139676603883,0.00851941079726301,0.026980488915190393,0.2171404508099415,0.1596117603296161,0.2496309184532235,0.08981810382765143
ARM,consumption,1,ECS,2013,2014,1,single_cross,dominance,0,1,0.0253187367990675,0.009091742856908669,0.009476272594485136,0.007343171199131193,0.009669201373239095,0.005692312198225996,0.015617213871757324,0.03344678683580252,0.0475871084993883,0.008242062081562695,0.008064916777398623,0.011870680338577494,0.009525745589443413,-0.021486726968558134,0.13404157241211845,0.5172392596822206,0.11277793227863364
ARM,consumption,1,ECS,2014,2015,0,dominance,dominance,-1,-1,0.06954377031308942,0.008729033328116087,0.010456670623657294,0.012084651624822695,0.011123990231667491,0.006117684380359006,0.016477642622053895,0.036209147694043764,0.04822983540722148,0.009384069993141897,0.012898991742515797,0.012798899422087118,0.01488178579834648,-0.02316857291359442,0.25652410703652073,0.8334545671043703,0.20452915610640332
ARM,consumption,1,ECS,2015,2016,3,multi_cross,single_cross,0,1,0.05140004316777953,0.0017596406445928303,0.005304406448575216,0.008881859217480498,0.00226929283949992,-0.0003443432258499052,-0.0035962754056089175,-0.006536404727221279,-0.008481826923838254,0.0019015630149616936,0.00919616278486729,-0.0007215451018920127,0.015892134190963636,0.4008522509513486,0.16240505398501837,0.2743147252310081,0.0784759267250057
ARM,consumption,1,ECS,2016,2017,1,single_cross,single_cross,0,1,-0.02744216866110721,0.010739321309830574,0.0023420213337427276,-0.0040483094633256,0.011213325460195184,0.010125260694355404,0.03667477387586621,0.11509930412909519,0.1377951154956255,0.009333167827967614,-0.004162429870348261,0.02127397715750229,-0.0159544724949347,-0.4096041753547839,0.01488755260816177,1.024541336580775,0.09518550140726778
ARM,consumption,1,ECS,2017,2018,1,single_cross,dominance,0,-1,-0.0002483333545275196,0.008191966213246527,0.01051624195924461,0.014602602107265994,0.010108098376581498,0.004411167804604099,0.008525455216810612,-0.0007683640909079137,-0.0008501807878846801,0.008324032996570585,0.014791031729516069,0.009305581794046613,0.0205995103393935,0.10566723099658892,0.07130853119920522,-0.009451616205113922,0.06314925796146542
ARM,consumption,2,ECS,2019,2020,0,dominance,dominance,1,1,-0.05635111827721756,-0.04888669977792148,-0.06438318213757388,-0.04922508184300939,-0.04694971048850602,-0.024966247349035797,-0.061916849265899285,-0.11617709055634909,-0.18828866204847505,-0.041367956382125606,-0.061485515618711295,-0.051622928806722715,-0.0720322979998343,-0.4835346760102368,-0.4953354683514193,-1.7151819245086104,-0.3594184434948128
ARM,consumption,2,ECS,2020,2021,0,dominance,dominance,-1,-1,0.040136767865332386,0.02804489105412905,0.03860279232271702,0.027387699893211992,0.025661610951034114,0.0134003698109528,0.0321258545421307,0.055145920891781997,0.09655278261323852,0.02285123865715831,0.03538381162152429,0.027622387779763016,0.04163515903882531,0.37665572341786824,0.2950443127369069,0.9111220302536029,0.20052278766059417
ARM,consumption,2,ECS,2021,2024,2,multi_cross,dominance,0,1,0.09215424011416443,-0.004953305503039851,-0.006669663407211979,-0.005464745124055509,-0.0041541283190122125,-0.0018770714777726905,-0.003798898342787016,-0.0043315748814301835,-0.0070328289483845285,-0.0036595176212863983,-0.006814734650155002,-0.0038811071369556083,-0.008761331289432017,-0.10836765563451634,0.16744692942167605,0.40516725690184696,0.10975993555057018
ARM,consumption,3,ECS,2022,2023,1,single_cross,dominance,0,1,-0.001830790446735804,-0.007906745736556975,-0.010532020079741633,-0.008444427832160206,-0.006231686942820697,-0.0025985526555084987,-0.004465852480612681,-0.0014240671227691015,-0.002423830525008719,-0.005499860013952501,-0.010509475892326398,-0.005367932679256601,-0.014507203041735223,-0.23101930517189206,-0.06480796790959253,-0.026964280336606805,-0.027933204585160465
AUS,income,3,EAS,1995,2001,2,multi_cross,dominance,0,-1,0.14160595218982588,0.008830504632133584,0.009848434908777404,0.014152392962150595,0.009424735596051392,0.004408832184157899,0.009785994187762409,0.013884766517765185,0.020857781258674213,0.007719065095526223,0.008813869339429792,0.00924457060075809,0.01733902885672345,0.06366536221428554,2.2387147548529764,4.637882665553981,3.617623529311633
AUS,income,3,EAS,2001,2003,6,multi_cross,multi_cross,0,-1,0.030797029695514885,0.0003407012993483227,0.0013725925528472738,0.14783598406470777,0.006875894380713787,0.0011729832559998904,0.0016807276710504027,0.003253716988671995,0.004795355941087043,0.005585786556222994,0.07787865461843263,0.002463325801111499,0.04587542262003208,0.0024685503421784105,0.4670524726859977,1.1269747842908018,0.9367319682660558
AUS,income,3,EAS,2003,2004,1,single_cross,single_cross,0,1,0.08468424293665426,-0.004407770167165315,-0.009410507630373655,-0.24317521125016417,-0.01838259292783928,-0.0036606415589968966,-0.0032639014136215116,0.0035611989442941028,0.005210110958575709,-0.015019857652500218,-0.14322189773936916,-0.007682275138974293,-0.10208083247345517,-0.2273908818477013,1.1043984168966787,2.932987479940735,1.5322049135907037
AUS,income,3,EAS,2004,2008,1,single_cross,dominance,0,1,0.2345740248514625,0.023675629176837687,0.02436930079135957,-0.005309321384142973,0.024415268845998206,0.013953709001593706,0.036965852205479405,0.07619974311025862,0.10328467098181837,0.0198891054588671,-0.0040952821213625645,0.029366981573881817,0.019383276705601526,0.24374339565598646,5.686294875839309,15.124889852553054,9.025497563668129
AUS,income,3,EAS,2008,2010,1,single_cross,single_cross,0,-1,-0.0036062770401989143,-0.007683868868282151,-0.006000884040877064,0.0037047318082825687,-0.007366580162059405,-0.005172291964709502,-0.016024154689324194,-0.04066710641147331,-0.05331654354513837,-0.005949874130034893,0.0028632886422884085,-0.010912096970940421,0.0016738737649054092,0.016922723576372256,-0.5474386404175995,-3.4305686316803445,-0.1256379987114009
AUS,income,3,EAS,2010,2014,2,multi_cross,single_cross,0,-1,0.06675064466815873,-0.0026559703772642274,-0.0036241417776163853,0.011409987417296097,-6.113970241619637e-05,0.0012806641376136019,0.008300012119897698,0.03821037651805337,0.050198262525819715,-4.9565227817405244e-05,0.008655448874335281,0.002698922163525602,-0.005700206497205207,-0.19412899019841046,1.2871157563892162,6.380946275588379,2.5199265889848235
AUS,income,3,EAS,2014,2016,2,multi_cross,single_cross,0,1,-0.023366523645572332,-0.007067353578568081,-0.005704671146181117,-0.015276541593566673,-0.008718517449020718,-0.005398411159951003,-0.016619796143930998,-0.04400627970270837,-0.05811473704905512,-0.0070991161357988886,-0.011644408456352506,-0.011363855221203395,-0.007898880694698629,0.028616556790842296,-0.9691773729024895,-4.892515322852688,-1.094809049062583
AUS,income,3,EAS,2016,2018,0,dominance,dominance,-1,-1,0.012863163635463885,0.006417011501451464,0.007861554057952636,0.025923921009106066,0.010527387885998107,0.005209871844199604,0.014197539436751894,0.035575697563895226,0.04731862117540864,0.00856426513015729,0.019506250841874073,0.01096639954000711,0.020809261366967535,0.13219988554535167,0.6926406115489208,3.6585695127908266,1.1418581718826246
AUS,income,3,EAS,2018,2020,1,single_cross,single_cross,0,-1,0.033730982837920385,-0.004964969209246273,-0.0023398699239450815,0.21170898414275335,0.005527360071664489,-0.0026838877390233107,-0.0132080323113207,-0.043012490569176554,-0.057604203369551854,0.00446066428301542,0.12289813893145524,-0.0056533391196250116,0.07838421627895542,0.0816496757550258,0.4287383739774455,-2.1305930492828793,2.3215656669070093
AUT,income,1,ECS,1994,1995,0,dominance,dominance,1,1,-0.021499950066651945,-0.009128462268811866,-0.011677790304811753,-0.021181444922335507,-0.01095244306391141,-0.0048512051573435105,-0.010573096608224392,-0.015632574233487295,-0.02512372682463293,-0.009320747513605204,-0.020873741373444665,-0.010096134408742685,-0.025159716729429238,-0.05419390262399615,-0.8177890924438405,-2.011164089373704,-1.3253177183179794
AUT,income,1,ECS,1995,1996,0,dominance,dominance,1,1,-0.041403585037389626,-0.005967102593402551,-0.010509556921550312,-0.026013197237216013,-0.009875796830788208,-0.003598416641606192,-0.006460165236445603,-0.006925708561335897,-0.011467775942987535,-0.008492474967207508,-0.02742561772051011,-0.007471807115819296,-0.030517713270519387,-0.16909848417239237,-0.9225651749443706,-1.8463239241549587,-2.0209036016889534
AUT,income,1,ECS,1996,1997,1,single_cross,single_cross,0,-1,-0.0009998227824360394,-0.0025029472912337924,-0.00025640835730600386,0.01293282512711491,0.0006144946699873088,-0.0011157984794687992,-0.005097604385626897,-0.01394416938698731,-0.02378324268570653,0.0005308716787293111,0.013893995056712516,-0.0023139223843520185,0.01444937807941371,0.09697247716752155,-0.138490393013333,-1.2076165709221733,0.3526721484141291
AUT,income,1,ECS,1997,1998,0,dominance,dominance,-1,-1,0.04743227217371103,0.02265441354251041,0.025681698196735048,0.03711936784281081,0.025641156826257006,0.014045691003495897,0.03776837663430341,0.0821395697963313,0.1286019618886558,0.0218634956145064,0.03712813736625897,0.02922966612063721,0.03785286023166001,0.017373807403293196,1.8756339420795562,8.06101639714796,2.249002351338767
AUT,income,1,ECS,1998,1999,0,dominance,dominance,1,1,0.029307090147753356,-0.016617233366793105,-0.0229668629323454,-0.04646183169460172,-0.023306181090614914,-0.011082396052593702,-0.027450181726289324,-0.057803030262316896,-0.08769101038208227,-0.019849245342169114,-0.047111891563568875,-0.023081383948781092,-0.04979221328765859,-0.17822183363511224,-0.40490263901012646,-3.6038628524051006,-0.5135793815220602
AUT,income,1,ECS,1999,2000,1,single_cross,single_cross,0,-1,-0.02853477544248952,-0.007032195241929884,-0.005925054790778095,0.0019905775080923116,-0.004747269848380892,-0.003562431133525598,-0.01065897468280258,-0.0230903233056676,-0.038745477081312485,-0.004100144005359407,0.002150168637725769,-0.0073901874146260205,0.0022335699208702597,-0.042298270618826184,-0.811727653452536,-2.9395675843955935,-0.7003884866893557
AUT,income,2,ECS,2003,2004,2,multi_cross,single_cross,0,1,0.05383358928622743,0.0032521764392799968,0.0004712941697000428,-0.017322120628169208,-0.0013918491777404896,0.0004396846710558039,0.0021791783974031975,0.003392488669035687,0.005472533232646404,-0.0011963285614773056,-0.018203616688774182,0.0009133323612751099,-0.015122934556658696,-0.020177924790045765,1.0879007614684681,2.2016478013192398,1.2998399888063474
AUT,income,2,ECS,2004,2005,1,single_cross,dominance,0,-1,-0.0452704391601019,-0.010708863852337602,-0.012368678367359331,-0.006344423232564483,-0.009803738461670708,-0.0056513583642895104,-0.014724090670153483,-0.027901432952844002,-0.04655105952241223,-0.0084738896884336,-0.006901107779442528,-0.011722799055249311,-0.010354060824127875,-0.13113534471471988,-1.3630650221327603,-4.194419058627247,-1.8386158092109817
AUT,income,2,ECS,2005,2006,1,single_cross,dominance,0,1,0.023467959565722406,0.008671822409462293,0.010587352074082346,0.006297212219499887,0.008730416590566614,0.005106356755696609,0.013739700037973979,0.028380384952327503,0.047319802634128716,0.007550205383844183,0.00685022906970334,0.0105907298620673,0.009174657311938506,0.05682059315099375,0.8731936811609824,3.4564665086134454,1.0965832254334593
AUT,income,2,ECS,2006,2007,1,single_cross,dominance,0,-1,0.0406771580685798,0.009927915581314006,0.017217850491021314,0.057928589706584016,0.016768940496219575,0.005261869434407401,0.007435458516059812,0.001016645691324508,0.0016286362935756804,0.014318450285349116,0.05753955008683215,0.010943816764511699,0.06012720769959068,0.38815724030698506,1.2882835020364993,1.5708409273926804,3.274322817386796
AUT,income,2,ECS,2007,2008,2,multi_cross,multi_cross,0,-1,0.016583570362068152,-0.0014201870060092103,-7.509730333565834e-05,0.02130490454688727,0.0027824250688696095,0.0010529250541086999,0.003291342819480708,0.010839996297152987,0.017108583433840474,0.0023526829027575025,0.01895663197474251,0.002193655873274497,0.011834465106155323,-0.14941846853915086,0.2175515593812669,1.651994806451242,0.86833271246417
AUT,income,2,ECS,2008,2009,0,dominance,dominance,-1,-1,0.034941397908885896,0.010556461417530805,0.014182076195949023,0.0786486726163545,0.016576675443986805,0.006140318325113692,0.012461440356600378,0.018195134572617205,0.02773555784061943,0.0138815643414881,0.061642875036064526,0.012817745866825714,0.05432393625040399,0.19739221347927405,1.3118929323066268,3.109708288175227,2.58071377655412
AUT,income,2,ECS,2009,2010,0,dominance,dominance,1,1,0.010053453009819469,-0.0123973986705046,-0.017508963625495033,-0.08472874826084498,-0.020667987548245004,-0.008466571141280896,-0.019213596019989676,-0.0349330345770312,-0.054352419647357375,-0.017343244299427213,-0.066943593727533,-0.017662570400600597,-0.060161999140465106,-0.1353950218049178,-0.5835169799639033,-3.0064646198619798,-0.9772775931725874
AUT,income,2,ECS,2010,2011,0,dominance,dominance,-1,-1,-0.018930151934938192,0.005475285227861726,0.008642838808015085,0.03209856947424139,0.009338864366423505,0.0034336812215979007,0.006645313811917075,0.009486638578505097,0.01522370446092014,0.007880978716320597,0.027058203674004966,0.007153385642728188,0.02942199376806548,0.06819863818537764,-0.01879189875970866,0.21423859213773966,0.07230886985435703
AUT,income,2,ECS,2011,2012,1,single_cross,single_cross,0,-1,-0.023124961135231957,-0.003235357976286213,-0.00231220327403181,0.02639043632100163,-0.0001250206591988101,-0.0011581020394229036,-0.004022453023565575,-0.00913264998012378,-0.014648884076743807,-0.00010501843268878597,0.02064548244171055,-0.0024141628761586986,0.012919228916554892,0.0778364869144732,-0.6314229475110906,-1.7788499431817968,-0.7674730524887359
AUT,income,2,ECS,2012,2013,1,single_cross,single_cross,0,1,0.047828434061713256,0.002707436536434016,-0.0020297516896125023,-0.08729809333967853,-0.006775748809110582,0.0012343138958546968,0.0099853994915024,0.03496300365531549,0.054350519767229155,-0.005711370828805601,-0.07402786069319384,0.002573086294630489,-0.06101853313529826,-0.20309712228083132,1.074631136914519,5.2749316490922595,0.5956658615967427
AUT,income,2,ECS,2013,2014,4,multi_cross,single_cross,0,1,-0.015535696357723715,-0.0021657791101735158,-0.0017451261240299942,-0.0017493679915916993,-0.0020617397181263153,-0.0014035438387286908,-0.004398061474692516,-0.011673038951474313,-0.017642546977609253,-0.0017455616077872993,-0.0016659719638307813,-0.0029257334810393887,-0.0008617924442850255,0.019152913330707566,-0.43597015586546917,-1.7581827118507434,-0.61280632800392
AUT,income,2,ECS,2014,2015,2,multi_cross,single_cross,0,-1,-0.003740322047515906,-5.885899178320608e-05,0.003736415604954635,0.09984055260260882,0.010740763821327298,0.0019004291255026035,0.0013490662446566937,-0.0001904635806858901,-0.00029182030588081886,0.009054279473213606,0.08375614217408267,0.003962042200066601,0.06153584544094809,0.008859953897559336,-0.07484771532977064,-0.17044057881376773,1.0411151665478933
AUT,income,2,ECS,2015,2016,1,single_cross,dominance,0,-1,0.04430118542624041,0.002688533919046998,0.005120378526157987,0.08468327791015617,0.0078775132080256,0.0013053685454853942,-0.0005125355805430942,-0.010510635839848598,-0.016311426722541933,0.006579062261099083,0.056607612835448795,0.0027238241995850843,0.04409427039411479,0.05110664896276296,1.0352280322836656,0.7785417892754793,2.802801163242215
AUT,income,2,ECS,2016,2017,0,dominance,dominance,1,1,-0.013478136715283154,-0.010555341077900904,-0.016174899021855538,-0.1820991821573883,-0.025033412023050594,-0.007920984822123098,-0.015279042850613295,-0.0234542649134315,-0.03800004118140954,-0.021087761295308788,-0.13805684204063057,-0.01649854458065428,-0.1036604653761764,-0.07995951063069118,-0.9457238272513777,-2.993618229954393,-2.528460987007527
AUT,income,2,ECS,2017,2018,0,dominance,dominance,-1,-1,0.010427806964635918,0.011066314816185197,0.013938939599393185,0.08561374746512468,0.017719594175092196,0.0070156703366434925,0.015954165435280887,0.02943418670137249,0.047330806629409694,0.014981203997274983,0.0726222008892714,0.014609280488210086,0.05662785048853364,0.07504913625159526,0.9178723079070004,3.472806994586456,1.5283133626044716
AUT,income,2,ECS,2018,2019,2,multi_cross,single_cross,0,1,0.019853285629164004,-0.0063349152467807035,-0.00660478772079387,-0.011350094218424867,-0.006552815404191503,-0.0038699587861510953,-0.010997633135529289,-0.02504165833584579,-0.040032622163280185,-0.005509233004255792,-0.008734471603251304,-0.008065587730333001,-0.007451340552058094,0.02622362358189223,-0.01814715325676275,-1.8092367955176343,0.851185857800985
AUT,income,2,ECS,2019,2020,3,multi_cross,single_cross,0,-1,0.0025927583801291206,-0.004084831073211059,-0.003201660975593157,0.10967287802147568,0.003228560313034312,-0.0005763158158735016,-0.002443019352773801,-0.0032698993255809994,-0.00542449308066173,0.0027189008785480084,0.0752805476023315,-0.0011996826770239999,0.03815654372420896,-0.01766501572342083,-0.2191154821637653,-0.25584709842920716,0.44602150739138224
AUT,income,2,ECS,2020,2021,1,single_cross,dominance,0,1,-0.001855017469258904,0.008933073279103976,0.01099898324397608,-0.1246152008887158,0.0035425425353979856,0.004690383874757703,0.013770099416528708,0.0297218365329939,0.047638055254365375,0.002973235138946595,-0.08716433268405172,0.009774600480089796,-0.03513504507093107,0.0748844344362829,0.5549010037396584,3.080696817544151,0.14674406066868073
AUT,income,2,ECS,2021,2022,2,multi_cross,single_cross,0,-1,0.045583779422968804,0.0018486083317840185,0.0012555221249545,0.02358502195942941,0.004697439597056596,0.0033735343296407982,0.012327955876689695,0.039694387683006205,0.058629043063809005,0.003926325227474409,0.01855703611192272,0.007045766798983222,0.004729630747247193,-0.07165497736875404,1.0756908241476992,6.063719176906815,2.0672397209336957
AUT,income,2,ECS,2022,2023,5,multi_cross,single_cross,0,1,-0.009697328336836886,0.003087911947457278,0.0031477118363451018,0.0013757259654463838,0.0028174868377870144,0.0015338057080526019,0.003998545662020209,0.008669572204201004,0.01216881116120816,0.002346145060838384,0.0010491022021095753,0.0032077103156637754,0.003466711106567988,-0.09622569541286019,0.005493142837021736,0.3627955625278432,-0.3845988507707645
AZE,consumption,1,ECS,2001,2002,0,dominance,dominance,1,1,0.23276070016329942,-0.11172962730752883,-0.142408355693873,-0.1382443583111203,-0.1120588090244961,-0.053735660162010396,-0.12190562624867281,-0.1899543671270104,-0.26342659144264824,-0.0953898621715204,-0.1550363644260239,-0.11219829649721899,-0.20434577606479037,-1.8817746766908798,-0.2940272877819625,-0.703830524084057,-0.1936873282311613
AZE,consumption,1,ECS,2002,2003,0,dominance,dominance,-1,-1,0.040966418256413714,0.015557464204813742,0.024359368226550493,0.015400871649726797,0.012099098627939009,0.005477611799990102,0.010973703442706609,0.012121821924740095,0.020220318472207954,0.010821579497602402,0.020707152870442613,0.011288421891621103,0.025750809732830893,0.24930142511610764,0.21825469039426437,0.372653533602354,0.11973003432501628
AZE,consumption,1,ECS,2003,2004,1,single_cross,single_cross,0,1,0.028672321636286715,-0.002141595593892709,-0.009858973685386796,-0.0062140120499249996,-0.00020635576396270394,0.0016161769092389935,0.008272089010562894,0.029556370842444196,0.046696540553111454,-0.0001834717134605035,-0.008229461566865104,0.0033369504960605867,-0.013011011933327599,-0.13091596452236542,0.0475365566305439,0.5587315677907743,0.07370042648119968
AZE,consumption,1,ECS,2004,2005,4,multi_cross,multi_cross,0,1,0.10613012809302853,-0.0006638345929548262,-0.0016143595086115514,-0.0011122845119419938,-0.001701266639749302,-0.001214249392842398,-0.003990328699154999,-0.01179801664604721,-0.01822991452974898,-0.0015140464012122906,-0.0014907271525615995,-0.0025073517101943943,-0.0006933061023532971,-0.005675217027070634,0.2539057108501859,0.4650807631110858,0.15826653731096185
BDI,consumption,1,SSF,1998,2006,0,dominance,dominance,1,1,0.19293378147380413,-0.0868851164989502,-0.11181693528740311,-0.2210780122258749,-0.1315344326002674,-0.05736750880296501,-0.1335848805725822,-0.2659158979951769,-0.2899824711025002,-0.10324987216994871,-0.181172804850167,-0.12232327312905342,-0.2751248291677058,-2.8882922187574063,-0.026388711563222866,-0.2082877303231636,-0.020224309550887193
BEL,income,0,ECS,1985,1988,0,dominance,dominance,-1,-1,0.05027760020216178,0.005046040462338475,0.009960217103725855,0.033958241944210404,0.010080247052659294,0.0040959307057523014,0.009154494144197209,0.016870975215922485,0.033201393172573646,0.008997586853381201,0.04034208426006661,0.00842339743449251,0.031311882206922964,-0.01962136440444162,0.6254118844277645,2.059659557914504,1.0641935643848264
BEL,income,0,ECS,1988,1992,1,single_cross,single_cross,0,-1,0.07332125471482942,-0.007609311830775095,-0.006839445894769369,0.19863367608652077,0.006976556458113306,-0.0021598013026955035,-0.010445684862518012,-0.024674733952866096,-0.04934256019762695,0.006174349209775595,0.17249278178108862,-0.004443965550446405,0.08546585821758323,-0.012840109283278611,0.4084151291812397,-0.47358357369461146,1.4141765035198617
BEL,income,0,ECS,1992,1997,1,single_cross,dominance,0,1,0.164070432122184,0.018848608829880015,0.02520615567627915,-0.18151491796582317,0.003939645690327592,0.006378085723948601,0.017099559366009806,0.025685646750602115,0.05126553429209868,0.003467657678645597,-0.15367655542573744,0.013138115472367706,-0.0565781828389228,0.3522524790087753,2.578757148854388,5.61470002341467,4.064215557739063
BEL,income,1,ECS,1995,2000,1,single_cross,dominance,0,1,0.16542006289081138,0.04679545019519604,0.043814710315498884,0.014479920744056407,0.05555871452521899,0.03932087193303581,0.13267184659947268,0.4632233130153378,0.5346154614420329,0.0465842813037706,0.013323061003562175,0.0824078102426031,0.009068012591779362,-0.1464807685347309,4.926593258733027,34.231111335537506,5.654232200014443
BEL,income,2,ECS,2003,2004,1,single_cross,single_cross,0,1,0.07607841218661635,0.02362236217440844,0.021738405793933713,-0.012532005471985325,0.022591844173914882,0.01814093338901769,0.061082161025662995,0.18558919363281529,0.2652777251141313,0.0193898276075766,-0.013300144633005995,0.03773788915739831,-0.01557722707028758,-0.09275674880148488,2.3394610762044703,16.228305903595867,2.0130158294356235
BEL,income,2,ECS,2004,2005,1,single_cross,dominance,0,-1,-0.0011423960070466059,-0.011886773134507145,-0.011312588872695262,0.0013526090005492042,-0.012413542168037695,-0.0092887363880092,-0.031115180051695696,-0.10090994341243431,-0.13166586272963832,-0.010599889801664486,0.00145906446150601,-0.019369260762611307,0.0024776877000275976,-0.036728597159847,-0.6464287568210523,-7.006563590191078,-0.14608280038008203
BEL,income,2,ECS,2005,2006,0,dominance,dominance,1,1,-0.01707740289934848,-0.012633803883013273,-0.014552534158921882,-0.01473933914641709,-0.015535039978634507,-0.009944283094674794,-0.030287449600934713,-0.0811511516007277,-0.12742285654149532,-0.01345205201249211,-0.016218597558567527,-0.020628700030135894,-0.012878436507120505,0.08281288262088848,-0.9183306018527322,-7.244870642121928,-0.8533387149991398
BEL,income,2,ECS,2006,2007,1,single_cross,dominance,0,1,0.02864496733436177,0.011729995339737398,0.013414568237620883,0.008417894462537101,0.01205584160744902,0.007547839707225404,0.021840681012758906,0.05251790898973149,0.08528461269216425,0.010457489985647717,0.009349448366664126,0.0156473448851239,0.009757885588786208,0.04754757352858974,1.0501551603284565,5.423320760198816,1.1538316202146817
BEL,income,2,ECS,2007,2008,0,dominance,dominance,1,1,0.013324962604047683,-0.008586938906851416,-0.010360989338938031,-0.011704790783491403,-0.009479494793014215,-0.005274403921371504,-0.014291247516891398,-0.03252080309000599,-0.0513968087806016,-0.008212108252783512,-0.013064487659967094,-0.010940981488967105,-0.013511742347255329,-0.08723701317211097,-0.2556601510780112,-2.3118204351282117,-0.01642931985021079
BEL,income,2,ECS,2008,2009,1,single_cross,single_cross,0,-1,0.010305977110341702,0.001796841705399621,0.005536540491563713,0.014792137180490605,0.005044537872619104,0.0014927924455275937,0.0018414863983814977,-9.499416201480537e-05,-0.00015650731627503411,0.004379784408963194,0.01643532537897041,0.0030934328589382054,0.018684383982568886,0.07876928998729671,0.25743482576629617,0.33204965975959055,1.0433420853887512
BEL,income,2,ECS,2009,2010,3,multi_cross,single_cross,0,-1,-0.0074069113927053625,-0.0017930795064302063,-0.002618553017086356,-0.0008410555903564931,-0.0017419191366231102,-0.000839662549169895,-0.0018057570105158016,-0.0026643240366787946,-0.004406159225380457,-0.0015098777196645985,-0.0009152393921338375,-0.0017402921721728914,-0.0029141478641028784,-0.007729414713065985,-0.21264097622813694,-0.4844423214318354,-0.40106432645350054
BEL,income,2,ECS,2010,2011,3,multi_cross,multi_cross,0,-1,-0.024668059937210836,-0.003105941836991699,-0.003694847379498545,-0.0009215982652029109,-0.003072112199956595,-0.001984329151485803,-0.005707516152797881,-0.012987442757017298,-0.02195678241601473,-0.0026692934988249983,-0.0010054992491657644,-0.00410962427644182,-0.001728967206589882,0.0355263031352,-0.5399271782085613,-1.9611269784011611,-0.8389595958727334
BEL,income,2,ECS,2011,2012,0,dominance,dominance,1,1,0.028019449525968607,-0.005685470140881221,-0.007604125786973448,-0.01093220651811791,-0.0062560922434896915,-0.0030365564774404025,-0.007232938623789209,-0.012976905607322398,-0.022801661655258876,-0.005461205647093098,-0.012139886957545615,-0.0062803823750443855,-0.012761921669220189,-0.15961751171828142,0.11246617328499298,-0.36853205431146563,0.49473734019948523
BEL,income,2,ECS,2012,2013,1,single_cross,single_cross,0,-1,-0.0020837204010223623,0.0018037418686021045,0.0028316601748715753,0.004564191458359401,0.0019019261754087968,0.0005414306892522064,0.0003474473334562078,-0.002005425174179204,-0.003607421521601206,0.0016638872539860017,0.00511656044100281,0.0011190717556570917,0.006721066539152054,0.15530732141724046,0.06693435063450082,-0.259485899049853,0.1890334174727002
BEL,income,2,ECS,2013,2014,1,single_cross,single_cross,0,1,0.011920635643701128,0.004609643062420399,0.003013422209964367,-0.009326768136650593,0.0014494364908174961,0.0020944398083414945,0.007338684292270498,0.01784884435148909,0.031326081538492256,0.0012659065986511953,-0.010530870192930697,0.0043320042545232085,-0.010122793919843276,-0.04182836186195349,0.43411958966378705,2.0857056955622504,-0.02389184281616963
BEL,income,2,ECS,2014,2015,0,dominance,dominance,1,1,0.011766289930386448,-0.004035035054537395,-0.004979429123598611,-0.004430037306374007,-0.0038361560489793,-0.0020613496825303,-0.0052492553514502105,-0.010330147978458881,-0.017919377070750975,-0.0033544184333204885,-0.005106797384281603,-0.0042636004732896915,-0.005869301933276894,0.054380937656860695,-0.041550105812790505,-0.6166111627095212,0.1652841033451864
BEL,income,2,ECS,2015,2016,2,multi_cross,single_cross,0,-1,-0.010868071498924034,-0.0014938949539317625,-0.0003602620506247822,0.003996284977630105,0.0005047028635861983,2.910639148720473e-05,4.968519159220808e-05,0.0014307460009480855,0.0025154768873344446,0.0004420586506289903,0.004609808215174704,6.016962042568186e-05,0.0037442991190412833,-0.030516196850980393,-0.24914495029313244,-0.20307130213323177,-0.16707594460051212
BEL,income,2,ECS,2016,2017,1,single_cross,single_cross,0,-1,0.010998458311303787,-0.0019134291429271366,-0.0018620326764350326,0.0013173500424427942,-0.0009896180644496932,-0.0007411918772460002,-0.002071393616295908,-0.0039530593924244906,-0.006977469957471616,-0.0008669959130196969,0.0015073911680508756,-0.001531923159741988,0.0007477481997255064,-0.01958037945299207,0.06136348375965284,-0.04134831703770203,0.38119447603512313
BEL,income,2,ECS,2017,2018,1,single_cross,single_cross,0,1,0.023178400126931502,-0.0017686951876663137,-0.005707071907462891,-0.015207804746978498,-0.003998005374868191,-0.0004490205358675947,0.0020841889981990935,0.012102161217977886,0.02109836138408372,-0.0035113662438781,-0.017775580698793897,-0.0009277576965289192,-0.02064599345219481,-0.12076714459812488,0.25670839045850613,1.9382168374394873,-0.1817115060941319
BEL,income,5,ECS,2021,2022,1,single_cross,single_cross,0,1,-0.035153892393475016,-0.0020505340200148714,-0.0046423338269728776,-0.006656694072357111,-0.0015321322649742009,0.0004149896700619965,0.003954836187258198,0.016695193667237096,0.028921306445194195,-0.0013576464288057033,-0.008220761230197882,0.0008560349197725969,-0.011712867605877808,-0.11917797394647289,-0.6812548252598827,0.5179753283480153,-1.8361202864162394
BEL,income,5,ECS,2022,2023,1,single_cross,single_cross,0,-1,0.02215927000876811,0.0044736531864953966,0.007247701053956002,0.007596855737457303,0.003830518706961508,0.001185797319291998,0.0009171931853379223,-0.0045641621371873,-0.007764276174202722,0.0033903859961750965,0.009368055116589197,0.0024470883164697116,0.012426640092558894,0.16750597581632398,0.6178991859421163,0.31369888226613796,1.3645534355764575
BEN,consumption,1,SSF,2011,2015,0,dominance,dominance,-1,-1,0.003602677889932903,0.041785034020263734,0.05571495474380772,0.3577296614651102,0.1203847103829841,0.04025459132507922,0.0829779759310984,0.15996379110097614,0.14433434022971237,0.08319307932203529,0.16989402772991946,0.08849921708584269,0.34769496536871936,6.012019293742562,0.12811513068471414,0.43760820554276725,0.0740636405479953
BEN,consumption,2,SSF,2018,2021,1,single_cross,dominance,0,-1,0.0742941188788663,-0.035506284223737805,-0.03305831090786049,-0.04482475505513578,-0.04092210110749189,-0.020910575339656,-0.052552507893008193,-0.0999279847222534,-0.1212918332392875,-0.0329951050991176,-0.04056136691202189,-0.04425126873627461,-0.05865348171634349,-0.528916333524089,-0.04118224670290416,-0.2858988598613732,-0.04791198375561301
BFA,consumption,1,SSF,1998,2003,1,single_cross,dominance,0,-1,0.37534936314948053,-0.06595299078249411,-0.03969714772084498,-0.103840946547549,-0.1079496212351242,-0.0624027352553472,-0.20884078079510365,-0.7651142780426148,-0.5698169804670885,-0.0747982847856471,-0.05929710765482371,-0.13815871549300912,-0.06500534198009811,-0.1445441700415513,0.2524904746472736,-0.16967515962406887,0.02319341492882898
BFA,consumption,4,SSF,2018,2021,0,dominance,dominance,1,1,-0.03507936790376806,-0.056182416960895765,-0.04852905504367011,-0.08876106239287312,-0.07492646752504573,-0.037384840492670116,-0.0965213210429034,-0.19839459709349866,-0.20103503496931363,-0.05746457259200238,-0.0703633450637397,-0.08031757403231721,-0.10560226084890434,-0.860589707644797,-0.29590047810160125,-0.9922135603653719,-0.20703972541190613
BGD,consumption,0,SAS,1983,1985,1,single_cross,single_cross,0,1,0.09884914544514005,0.010373930737752113,0.005073026369147748,0.0007807097215420944,0.007801026321002602,0.005812872740850301,0.017587408939731403,0.03898137858056941,0.0694569161451779,0.006966195751736598,0.0010257961426274886,0.011974562264727998,-0.001140700693720409,-0.08467341477202472,0.10542994096073932,0.36136830963171707,0.042968486827642496
BGD,consumption,0,SAS,1985,1988,0,dominance,dominance,-1,-1,-0.08529897143614316,0.01926907814029999,0.02628479349322399,0.019498827556773707,0.017771902295268788,0.009036718066601793,0.021250317648062594,0.03564855955039259,0.057083257274620824,0.0156685703178676,0.024804111775429905,0.018689494618959815,0.030025596811301403,0.2604511896622945,-0.013073568978470895,0.011201284221889152,-0.0001937818194540919
BGD,consumption,1,SAS,1991,1995,0,dominance,dominance,-1,-1,0.19397415163398601,0.05365590982157231,0.05768457040130781,0.04973883955424602,0.05322602529014031,0.02938314011612761,0.07604883636155108,0.1506064364055152,0.21560967955046773,0.045796811252882805,0.05807512143757909,0.0611789727003145,0.06870992702828649,0.46698207216361576,0.33836755817359576,1.058199350619502,0.1503774913142713
BGD,consumption,2,SAS,2000,2005,2,multi_cross,single_cross,0,1,0.10992895639239357,-0.0020439452676542236,-0.004109953396101762,-0.004797207823670296,-0.0022911408892813956,-0.0006556527328009099,-0.0004475864684863051,0.002214120099012562,0.002805632008916259,-0.0019158044003204089,-0.005142109268216732,-0.0013762840253125908,-0.007618007318936304,-0.11862485050417826,0.12478389476684248,0.32352416182577715,0.05894984752926652
BGD,consumption,2,SAS,2005,2010,2,multi_cross,dominance,0,1,0.06798197301554902,-0.010714985332561489,-0.00970347598389032,-0.009818028661369299,-0.011185414046634312,-0.0062383856423104955,-0.016326460251552904,-0.03142843244317228,-0.040807187569496084,-0.009416293807521098,-0.010753211742919988,-0.013070255344418413,-0.012979263056854484,-0.02902798020411268,0.04529378551894525,0.045529397689668016,0.011120186616509486
BGD,consumption,2,SAS,2010,2016,2,multi_cross,single_cross,0,-1,0.09164555927299775,0.0025213454585713,0.006009273464535614,0.007042123491322189,0.004028933606778307,0.0017639063952303996,0.0043048951511503175,0.011985524091837285,0.0158188225279694,0.0034038474369308125,0.0077444845138869844,0.0036910874211560085,0.009580176509600191,0.031306325449798944,0.13711282072567244,0.36458556899881156,0.0663111868568772
BGR,consumption,0,ECS,1989,1994,0,dominance,dominance,-1,-1,-0.5494345058102875,0.008926898506047887,0.01563195476220114,0.008479080603846001,0.00861328699219191,0.004722074634039002,0.011581485799174798,0.01952205213519269,0.04171831407350818,0.007856810024328309,0.011889178915146292,0.0096678454741852,0.012865673580980286,0.014636027105039862,-2.3722387495745316,-4.168071382888359,-2.439269310334649
BGR,consumption,3,ECS,1995,2001,2,multi_cross,single_cross,0,1,-0.231064434367677,-0.0008178131752670792,0.006189189469271494,0.01911877463097411,0.002669635089445288,-0.002593416117392694,-0.01588466852842932,-0.0599602116860872,-0.08381910833989792,0.0022145248995777966,0.017668619905583605,-0.0054367857766295935,0.035004089128009896,0.6906963622608826,-0.9216510921178269,-3.0095529464531037,-0.851634528922377
BGR,consumption,4,ECS,2003,2007,1,single_cross,single_cross,0,-1,0.2866146309830178,-0.0077782223076530155,-0.005086465115122896,0.0055536540674177015,-0.004801616324438707,-0.0044776796655519036,-0.014826906601326295,-0.03550468332828008,-0.06050752739410781,-0.004175902455730601,0.006254357782821129,-0.009274056960448807,0.008956379986337804,0.010587668468944322,0.8594449575444512,1.2474848184459466,0.6852255732780288
BGR,income,5,ECS,2006,2007,2,multi_cross,single_cross,0,1,0.34731455465488625,0.004116827741756202,-0.007785729223280358,-0.25520172494618437,-0.02878134855241099,-0.004037953526434893,0.0009023329942176861,0.009342127407456602,0.011994209045573911,-0.02243300654071731,-0.1359924267682608,-0.008566219879848708,-0.16563501219516458,-0.8201134839026922,1.722685804779597,3.7814516556541076,1.6845809625695622
BGR,income,5,ECS,2007,2008,0,dominance,dominance,1,1,0.09487809661455614,-0.025210442077800488,-0.02622602149484754,-0.05854175344080259,-0.03218643710019761,-0.015484928670770406,-0.038239986653610475,-0.0723531257434209,-0.09834444352587635,-0.025863779665714293,-0.04357127893047108,-0.03267149433683908,-0.0593260633620879,-0.28909471226913297,0.1297019373987256,-0.47537581526112405,0.19077629718715583
BGR,income,5,ECS,2008,2009,3,multi_cross,multi_cross,0,1,0.04259249768776823,0.0024797063468908753,0.003730056342240662,0.0008678226515111964,0.0040856824079821,0.0025330902630728014,0.007874399431625795,0.023585760608960837,0.03353551661567822,0.0033294097637235898,0.0006929501825476136,0.005325337890681681,0.0028320430618555825,0.11361511384787626,0.299337895651699,1.1295554222634117,0.34227416589224013
BGR,income,5,ECS,2009,2010,0,dominance,dominance,-1,-1,-0.04331329819893193,0.018261533648123107,0.02153290494293092,0.0652199751117496,0.02782480174495522,0.011682944942786003,0.02609465521368129,0.04514593118720406,0.060181309022468876,0.022316144096413804,0.04806155398548628,0.024658303497225198,0.06761023261225158,0.5390774019442119,0.05736223479673175,0.49256332055944263,0.03797381896616159
BGR,income,5,ECS,2010,2011,1,single_cross,single_cross,0,-1,-0.07624383876162183,-0.013765004614091025,-0.011810205478437807,0.022314655655788385,-0.00952243830932642,-0.006326240614588807,-0.017083957218960083,-0.033141130116705775,-0.04369835566202818,-0.007567432736941604,0.014806960415811699,-0.013372223464163085,0.004960901109683058,-0.3667599052537289,-0.677115138442681,-1.7012409156896826,-0.7080145091154444
BGR,income,5,ECS,2011,2012,1,single_cross,dominance,0,1,0.049992361706314,0.01733860679346022,0.01602845810924003,0.003428315524379222,0.016709491782964908,0.008962663699620899,0.022386190426340186,0.03907504585447408,0.051266737955056985,0.013231418481054302,0.002208526472051331,0.018959011081837784,0.016852400454847594,0.3356398410375103,0.5770321942177983,1.4777458836650368,0.5934686364078186
BGR,income,5,ECS,2012,2013,2,multi_cross,dominance,0,-1,0.11033770961280495,0.005620003762606185,0.008568976812473372,0.04466831040373309,0.013065802993822623,0.004042278285109904,0.006112481493881106,0.003634940095691208,0.004600464442377827,0.010193226711861209,0.027283023466750767,0.008582009789244616,0.04429786647655087,0.8299582425161462,0.8180168510697587,1.6448224388807837,0.9844464901142906
BGR,income,5,ECS,2013,2014,1,single_cross,single_cross,0,1,0.06377760474498469,0.008423817121259392,0.003764105813108265,-0.030837639815571027,0.002562882307730885,0.004299261458147796,0.01590639792115789,0.041562396080721986,0.05082003588156203,0.001983844121192291,-0.0185448006811314,0.00914912693652159,-0.02622287653398625,-0.7688705783129608,0.6255548110168796,2.0129356642722414,0.6598686608883382
BGR,income,6,ECS,2015,2016,1,single_cross,single_cross,0,1,0.17814081179403418,0.020172993171390707,0.012484325575311761,-0.07233847430646323,0.016612204198140745,0.014966960938965879,0.05320127052491558,0.1709287046503299,0.17872008699747366,0.012284213082548678,-0.032571451741120416,0.03221341450789739,-0.04280040236010285,-0.40169592572311696,1.9113116442051723,7.367377084200083,2.180917792070436
BGR,income,6,ECS,2016,2017,1,single_cross,single_cross,0,1,-0.004905816031892872,-0.0022189884621087175,-0.006848272610638917,-0.08401442808004378,-0.012976048995385348,-0.0009281867168939861,0.008875955760038301,0.07000066708039676,0.06492209453733477,-0.009577916114065887,-0.04415981123884044,-0.0020058886808028142,-0.07210474458401128,-0.6235284957432707,-0.09647932846608676,1.3687061645003027,-0.21888174611648825
BGR,income,6,ECS,2017,2018,2,multi_cross,dominance,0,1,0.14804999452699616,0.00903775704351445,0.006017023058310866,-0.0040205539591675055,0.0081082956279388,0.004473068795016494,0.010887504800768999,0.01129094604305858,0.010119633785914406,0.0059994755673816735,-0.0023132945823011175,0.00967669945746824,0.0032634552945268736,0.19582316970461022,1.7138093938446914,4.326611672536771,2.0971588691404284
BGR,income,6,ECS,2018,2019,1,single_cross,single_cross,0,-1,0.032604381354397256,-0.009941922172582829,-0.005851850786373181,0.014330849183643801,-0.011857958717396366,-0.009780308291199108,-0.037378867596569054,-0.1499593740666595,-0.14290649907229314,-0.008790412031554173,0.008155493351519494,-0.021125280248830425,0.015483245702882065,0.0013354586389997536,0.0902071625361458,-2.9336548128579167,0.31855874405090745
BGR,income,6,ECS,2019,2020,1,single_cross,single_cross,0,1,0.11847888117926658,0.002346957425060303,-0.004794024511414308,-0.0661237997130607,-0.005459847100081294,0.003559122797498898,0.02342890705623668,0.1113314813622891,0.10789528947590454,-0.004082613690301884,-0.03984892962651321,0.0076737026421382915,-0.0653919850521546,-0.45616440834624594,1.461171303158448,6.705684465197553,1.6838280348705954
BGR,income,6,ECS,2020,2021,1,single_cross,single_cross,0,-1,-0.013587802833637301,-0.015012213298543298,-0.007072037116730323,0.026358775589680306,-0.015419757469908923,-0.01409904019038849,-0.053389871878432194,-0.19096103516985063,-0.19303033022780602,-0.011651264500281616,0.016583036913531524,-0.03030602987950687,0.03227287264826517,0.3796116943099994,-0.6260358060031557,-6.332767157899024,-0.35192384611411853
BGR,income,6,ECS,2021,2022,2,multi_cross,single_cross,0,-1,0.055961280695359925,-0.00809906944098382,-0.007936488292335842,-0.005861533311282918,-0.007482352376175783,-0.0017308346595139024,0.0026630682586911703,0.04023271776039389,0.04398192408858825,-0.005718781665499301,-0.0036035655062442995,-0.0037035252744156977,-0.02259908109780029,-0.33280219150683443,0.4225965392891027,2.982257022449037,0.6366874380224505
BGR,income,6,ECS,2022,2023,2,multi_cross,single_cross,0,-1,0.10704754388067189,0.012646848410406308,0.010445388542818734,0.02613187326569033,0.015819489910151974,0.008179111007253798,0.022530170181405518,0.055842791373216516,0.057828567050690616,0.012040678596331289,0.015713364825393483,0.017533548492438378,0.021826935664022495,0.10642653425892856,1.8430020006846366,5.483295214958254,2.450970816813136
BIH,consumption,0,ECS,2001,2004,1,single_cross,dominance,0,-1,0.41407530030758877,0.040896994322371205,0.05018604362061152,0.06395774530379059,0.03933282494793,0.014617073040594605,0.020122277478993894,-0.029165411756406717,-0.04014893742928938,0.033083185747144694,0.06571227511387462,0.030574922098872,0.1009995051195603,1.3467374731929507,2.9028341490836915,4.341242016689744,2.9853567281087474
BIH,consumption,1,ECS,2007,2011,2,multi_cross,dominance,0,-1,-0.0391898245141913,-0.009361714253026676,-0.010002685467701444,-0.012416363218087506,-0.009933610894331618,-0.0043680374587583976,-0.008729233192434016,-0.008572503053925401,-0.012634121890456984,-0.008184172939269596,-0.011233650464691214,-0.0091663731291374,-0.01979760375405709,-0.43094319497274824,-0.3888776956860065,-0.6749614582435015,-0.42024143311003126
BIH,consumption,1,ECS,2011,2015,1,single_cross,single_cross,0,-1,-0.05477160560348317,-0.0038741591236847173,-0.0033897701695969618,-0.000714696939801085,-0.00305402441017269,-0.0017115034618414016,-0.004156830333049588,-0.006174328145377994,-0.00924884333311593,-0.0025325543232430914,-0.0006581474833773915,-0.0035856112690177966,-0.002606151424403902,0.005314304639520984,-0.3614150049100511,-0.7521965917136004,-0.38047317813330217
BIH,consumption,1,ECS,2015,2021,0,dominance,dominance,1,1,0.06995555860843607,-0.02623101531431571,-0.03589442103013818,-0.05848600125716111,-0.0330198870470175,-0.013881388605225392,-0.0279888452778585,-0.03430816743820561,-0.053945239636719156,-0.027881411766816105,-0.058560998060341596,-0.02895820526015272,-0.07884869338060468,-0.6830258857323086,-0.06829680130934346,-0.15678782969686011,-0.06727168205324308
BLR,consumption,1,ECS,1998,1999,1,single_cross,single_cross,0,-1,0.059199149916376884,-0.0027458127660352494,0.0003508294659442246,0.008475194786526002,-0.0005517424536121973,-0.0020115340434696954,-0.008611077220591318,-0.02548875682579979,-0.038955156139625524,-0.0004650374445573091,0.00854077235106393,-0.004199643994244412,0.013460492356616394,0.18541435728092015,0.0654982156062891,-0.0009425203349806566,0.012413379861586082
BLR,consumption,1,ECS,1999,2000,2,multi_cross,single_cross,0,-1,0.10439809552212004,-0.0057067586986889185,-0.007319481596135491,-0.010052318350029815,-0.006054455466613401,-0.002195528353082704,-0.003063463604661587,0.0018427804103166023,0.002896175102928611,-0.005119903625916189,-0.010152968732621503,-0.0045785395382896,-0.01630782948458448,-0.2932176528006982,0.11961358575573677,0.3058416767162746,0.05910238177410709
BLR,consumption,1,ECS,2000,2001,1,single_cross,dominance,0,1,0.2162170901872406,-0.005944299986257895,-0.008918505325790749,-0.014104621062040301,-0.007241518869522623,-0.002578929413265596,-0.003769014160052403,0.0006078559199246825,0.0009524461273558993,-0.006164584833482312,-0.014748615554949496,-0.005371116127986603,-0.020794237481922828,-0.18950467300613694,0.31511019493160397,0.7206479883678454,0.16188687794166273
BLR,consumption,1,ECS,2001,2002,1,single_cross,single_cross,0,1,0.09391772495241756,-0.0024204515849662323,-0.003758423975348202,-0.0054828301818383995,-0.002857482413719886,-0.0010058671080786924,-0.0013917725816010862,0.0007801708785717121,0.0012203680819954377,-0.0024448369582470986,-0.005898555611501821,-0.002092878174085183,-0.008271629498034672,-0.07147136406148968,0.15823189926875014,0.3704456821797204,0.08976079953189997
BLR,consumption,1,ECS,2002,2003,1,single_cross,dominance,0,-1,0.03129540682820031,-0.015094703191051884,-0.018430652798035574,-0.015868354765223885,-0.015565881439524892,-0.008488463913274402,-0.021761171291490106,-0.0420712337961924,-0.0695231339057325,-0.013441411393544489,-0.017621206538625894,-0.017616545656832516,-0.021643243911792676,-0.12319352790408944,-0.037604524097532455,-0.3255752955004332,-0.04592974940326289
BLR,consumption,1,ECS,2003,2004,0,dominance,dominance,1,1,0.11605993908930697,-0.02338804803446931,-0.03379345070893791,-0.03266548277616682,-0.023525700603476515,-0.010925955124816901,-0.023406872403485712,-0.031565478599800495,-0.05832315545451672,-0.020716099143251995,-0.039066179138564,-0.02255764920270789,-0.04880438120872371,-0.37144153734571184,0.060066369695866095,0.030670248197415706,0.02416791940022811
BLR,consumption,1,ECS,2004,2005,0,dominance,dominance,-1,-1,0.20689877389729808,0.01073187576022372,0.01688543752703975,0.016166841715078706,0.011169704063350702,0.005026429488660195,0.010374990844385118,0.013089802604879186,0.024955159231242918,0.009896517454631895,0.019828002751690388,0.010361224155753496,0.024669248992879866,0.17319724876719,0.5435845442259652,1.089360221279045,0.33763072835923946
BLR,consumption,1,ECS,2005,2006,1,single_cross,dominance,0,1,0.1451859149275552,0.00718073395897989,0.00797727175975893,0.004172227148775798,0.005692305402955317,0.0031970508018015972,0.007947647492194482,0.0133986000357951,0.024396194896820877,0.005001101982474901,0.004957154126510405,0.006604673106609005,0.006787190631416806,0.13650694180603073,0.46355427527852955,1.01226746899947,0.33619730537503
BLR,consumption,1,ECS,2006,2007,0,dominance,dominance,-1,-1,0.13908936468801628,0.013341412839684597,0.016549108795896772,0.014394973159749497,0.013349307434419394,0.007158582717753603,0.017929032299195208,0.032691635245480216,0.05548936387066705,0.011617269321473986,0.016625732274928695,0.01482970212636081,0.01978153111431219,0.0580645902306367,0.600348351074921,1.540285036244029,0.4980563266015092
BLR,consumption,1,ECS,2007,2008,0,dominance,dominance,1,1,0.0383726116511847,-0.0178437100013501,-0.022584041569181368,-0.02037805322382169,-0.017185831557617104,-0.00860617058467869,-0.01999633586309249,-0.031623607350244,-0.05359016242241621,-0.014984804595428183,-0.023754381016249076,-0.017821617846093513,-0.029911506478563,-0.263916415797135,-0.08354505149934388,-0.37856398721789564,-0.07746831359957151
BLR,consumption,1,ECS,2008,2009,2,multi_cross,single_cross,0,-1,0.009903430097127457,-0.0013561236637080754,-0.0017655214849474632,-0.001524775284908686,-0.0008276563263655001,-0.00016421120234780262,0.0002869135350618002,0.0023789068431945004,0.004207404402217674,-0.0007281767684757107,-0.001837923877867409,-0.0003392503945653935,-0.003191637858765084,-0.021249824110422644,0.01743425339302407,0.12286483313063101,0.023082366019928857
BLR,consumption,1,ECS,2009,2010,2,multi_cross,dominance,0,1,0.12059143738846585,0.008807158725171571,0.009671721920955889,0.0072900822347112815,0.00608632445951629,0.0025199808414645003,0.003964640202962194,-0.0013675965883692964,-0.0024149435041248557,0.005340730132052607,0.008709402261281196,0.005209403615773489,0.0136312104802217,0.1975734260403681,0.5717124229525705,0.8814644594780159,0.4857041423281141
BLR,consumption,1,ECS,2010,2011,1,single_cross,dominance,0,1,0.02409188945984673,-0.014147226324213391,-0.01765580029384839,-0.014462587979196001,-0.012171360143252194,-0.005811326947938407,-0.012352069256417103,-0.014558269440320099,-0.02637800808802704,-0.010712923534903704,-0.0174731562344827,-0.01200286857215449,-0.023025472204242198,-0.2051724503878103,-0.10693574224764602,-0.18808586472313227,-0.09010116903989696
BLR,consumption,1,ECS,2011,2012,1,single_cross,dominance,0,1,0.11321047006829311,-0.006280121856687915,-0.009817887564400496,-0.009347071024825904,-0.005695013772996402,-0.002135506699242,-0.0031297793407406987,0.0005791499910599018,0.0010739770203489485,-0.0050575619444512,-0.011721765656382499,-0.004401411594737004,-0.01557723302074579,-0.17953659425185275,0.3710833410062899,0.9571011209101288,0.3554857767738566
BLR,consumption,1,ECS,2012,2013,2,multi_cross,single_cross,0,-1,0.10869588232040643,0.0004382854159216132,0.0006964049107559545,0.0002611569458672025,0.0011343446980024013,0.000967927495636102,0.0033705547514331913,0.00946617039369338,0.01726065789971576,0.0010096741803230086,0.0003322514997821102,0.001994340142954895,-0.0007113055904605092,-0.06764852593114856,0.5040638660950867,1.323508719641822,0.5062990627166637
BLR,consumption,1,ECS,2013,2014,2,multi_cross,dominance,0,1,0.04059454771656263,0.0060477335621482164,0.007631275859005582,0.005205018036250314,0.005036256261012201,0.0025349566650716,0.005644579110038309,0.007340423303914295,0.01302492421292234,0.004468940084312492,0.006564724409558492,0.005227945500702311,0.008506887880320807,0.0651723417379606,0.31429607559513606,0.6656476688119835,0.3198073251278388
BLR,consumption,1,ECS,2014,2015,1,single_cross,dominance,0,-1,-0.11007175381306634,-0.015383222805101904,-0.020618434501702976,-0.0133774072498513,-0.014183712634647294,-0.007815941807452702,-0.019574809728885006,-0.03529250368223988,-0.06569305798660596,-0.0126437576210299,-0.01709478855932109,-0.016096588427582298,-0.01986302543696239,-0.07343150189823255,-0.7963217893644741,-2.2373738912669463,-0.8019656220461369
BLR,consumption,1,ECS,2015,2016,1,single_cross,single_cross,0,1,-0.04009146587251821,-0.0032762067298995334,-0.0054890390359519925,-0.004808448877066107,-0.002825231082840607,-0.0010309952947950979,-0.001435556577255498,0.0003935458049555973,0.0007796434048467082,-0.0025399792164064044,-0.006326624529569419,-0.0021183229538631054,-0.008078001893454506,-0.15148732756983252,-0.22399583295612135,-0.3232120459156569,-0.21257827376155358
BLR,consumption,1,ECS,2016,2017,4,multi_cross,single_cross,0,-1,0.026580527280126855,0.0013745409166421307,0.0007922148866439382,-9.757718436029239e-05,0.0006248517192047054,0.0004763297796233981,0.0014331286009247046,0.003219805836501888,0.006334041981370331,0.0005623812404377121,-0.00012941121525308907,0.0009785424311860996,-0.00021523891008851104,0.03672002495911597,0.1339237756871885,0.3274369445390164,0.12011216107891798
BLR,consumption,1,ECS,2017,2018,1,single_cross,single_cross,0,1,0.0822330304551803,-0.0020441905201417088,-0.0033775809462112116,-0.0028405475415036047,-0.0015095394669341067,-0.000459991144416097,-0.0003499622810124031,0.0012604039474788942,0.0024582232540975024,-0.0013592222340573085,-0.003785373079812915,-0.0009449814218278063,-0.0049935073006125985,-0.027030143108963234,0.32737381321262227,0.7775829323047088,0.32444719681041034
BLR,consumption,1,ECS,2018,2019,2,multi_cross,single_cross,0,1,0.05260899806664851,0.00038473235766400826,0.001357771652059192,0.0016245493753310053,0.0004130782765933011,-8.768977264930061e-05,-0.0009095233610170034,-0.0035242371635019754,-0.006903405359735104,0.00037214861730540394,0.0021692047860967234,-0.0001801192004053931,0.003001680555095615,-0.023069072195767593,0.2547559815107334,0.37186839809684,0.26333181408038087
BLR,consumption,1,ECS,2019,2020,1,single_cross,dominance,0,1,0.006904917869535383,-0.008956768690564804,-0.014259956811013885,-0.009956928585459712,-0.007752220713766994,-0.003585251550214899,-0.0073019973196130905,-0.00801586649516331,-0.016063094298609193,-0.007009788930693803,-0.013478924098766415,-0.007357167918589605,-0.016302590107051207,-0.12176601169322288,-0.13905388135238095,-0.242238026043184,-0.14518127499200517
BLR,income,0,ECS,1993,1995,0,dominance,dominance,-1,-1,0.4007752451049549,0.07096694964495201,0.10774325796826828,0.07580147564949019,0.06002941895754592,0.027837562246798703,0.0570604855377809,0.06554308081320821,0.13440232325197543,0.0540433947973875,0.1002453352963201,0.057168322737104496,0.12470917665659578,1.2581541374300098,1.3087078358730646,2.5131826556903696,0.7321774789680235
BLZ,income,0,LCN,1993,1994,3,multi_cross,single_cross,0,1,-0.02815996769142681,0.006494818731917706,-0.0003439911712799226,-0.05620669276386847,0.004974627733419723,0.0059077128335441875,0.02350836031811654,0.0624494883219473,0.022481027454806846,0.002501158393277192,-0.00902252370168255,0.014438439646915935,-0.04312817390242474,-1.3667219685391743,-0.10911377348905482,-0.5788588512161361,-0.05822836540284282
BLZ,income,0,LCN,1994,1997,2,multi_cross,single_cross,0,1,-0.18510797667411594,-0.005414994713115129,0.005398628443586406,0.24757410824399173,0.014272172197051347,-0.007767445304263099,-0.057626573825872995,-0.43159682124465615,-0.15929199005239747,0.007107134501200485,0.035909407994327625,-0.018970489790322453,0.17114509590547833,2.714487322336021,-1.0963898447669296,-6.18123012176601,-1.060127712709241
BLZ,income,0,LCN,1997,1998,0,dominance,dominance,1,1,-0.09344356510649734,-0.053439067443728505,-0.027556621534745362,-0.5034124637825281,-0.15017454030248834,-0.0732569915469366,-0.30984920695322493,-2.1270639539123253,-0.9983075938810215,-0.08011538600741036,-0.08562968797961057,-0.17380187639686362,-0.17866601824651474,-0.42385046576319496,-0.8708078870891169,-9.73280714704119,-0.9003680522228596
BLZ,income,0,LCN,1998,1999,1,single_cross,single_cross,0,-1,0.0024589839543633463,-0.016223710393689528,-0.006609802331456915,0.04574002411845157,-0.021182197703249916,-0.01469442031611759,-0.05718416671193083,-0.2807590366636117,-0.1822657016973106,-0.012299865859242587,0.010112372530797664,-0.03382120650306053,0.02965350973940284,-0.5915683184884521,-0.11557922400595722,-1.3848524424785023,-0.11890936605935343
BOL,income,3,LCN,2000,2001,1,single_cross,dominance,0,-1,0.03627686722470547,-0.04193880142396256,-0.02523689993891276,-0.9528301984969252,-0.16207436476012715,-0.0458010014641676,-0.10803349908418447,-0.26912268657599325,-0.1612634776880364,-0.07570428325624706,-0.06295436761097961,-0.10967089021458909,-0.4510949334662502,-23.865194368099885,-0.22957583174938723,-1.1343745689043736,-0.24350631323389482
BOL,income,3,LCN,2001,2002,1,single_cross,dominance,0,1,-0.0005028642148331077,0.01912113457113085,0.009937688965215186,0.2901399596417624,0.0564650037317157,0.01971225038335822,0.05527795166989535,0.15088834832124975,0.09232215214317674,0.027777984165868463,0.024045321398067143,0.046760902818718364,0.12379696053832157,2.789762404846389,0.21582455451481497,1.0488596916112805,0.22987882601159892
BOL,income,5,LCN,2005,2006,1,single_cross,dominance,0,-1,0.06320388586373045,-0.018536310380820598,-0.010562773066522868,-0.1923065568855813,-0.05180706749753117,-0.018649726251063203,-0.05178826525514213,-0.16379211414131722,-0.10430140614442207,-0.026446855536795932,-0.019170614789798868,-0.04391094577997201,-0.103413544349791,-5.360543655468785,0.2580862325024409,-0.07357653131649755,0.28921214603101664
BOL,income,5,LCN,2006,2007,0,dominance,dominance,1,1,-0.0038404517131097105,-0.02116223506651549,-0.015834531527133433,-0.37035745844894175,-0.07134030164829541,-0.0221196264493414,-0.05341343924638564,-0.15208582839593077,-0.10371627353525259,-0.03873509373145223,-0.048622776474580465,-0.05136078435209823,-0.19988089450412794,-4.577970702411802,-0.34734915206001027,-1.6304046403552732,-0.3649565034148088
BOL,income,5,LCN,2007,2008,0,dominance,dominance,1,1,0.04747859016302995,-0.03719822485493063,-0.021866575914964215,-0.20929601513014373,-0.07405822341375856,-0.030587381837993394,-0.08103999401398232,-0.18739950186755272,-0.13934787947078342,-0.04324371519323761,-0.037649627941810704,-0.06979536079177517,-0.12164864475403725,-1.629199570632716,-0.18611461996169076,-1.1510189228657524,-0.1669076769427713
BOL,income,5,LCN,2008,2009,4,multi_cross,single_cross,0,-1,0.055543617944086784,-0.016031366468009567,-0.008634099087354019,0.0016547382177909409,-0.020464644277217114,-0.010118872875353097,-0.02552027211071839,-0.03116915024510125,-0.024682237516711503,-0.01252528522132701,0.0003370971750572549,-0.02278870054191101,-0.010353286563394182,0.26700351755262197,0.18815161097733935,0.7293709561123158,0.24631673330955106
BOL,income,5,LCN,2009,2011,0,dominance,dominance,1,1,0.09400008541309961,-0.031191824557445513,-0.023999582345793136,-0.237145282299291,-0.07121478000654113,-0.029742580418932713,-0.08407667844176803,-0.25543897609072386,-0.22440960775478813,-0.04564000524423678,-0.05686208418749905,-0.06615500758153109,-0.15029741454892065,-2.655729152117299,0.2343182449731458,-2.033703898471419,0.3748993910546945
BOL,income,5,LCN,2011,2012,2,multi_cross,single_cross,0,-1,0.023258482666015462,0.004985168491936698,0.007291409363089252,0.20608911014986675,0.027217126121802104,0.00613373233203221,0.008224701925668043,0.0061592238391194876,0.005985297282085744,0.017827622092861706,0.050414366507753106,0.013543912120966173,0.11859984656383937,1.3210203978470965,0.288884351451804,0.5485764064221001,0.3774620128293753
BOL,income,5,LCN,2012,2013,1,single_cross,single_cross,0,1,0.09746178097803353,0.010019334316691775,0.004166189646416574,-0.0686661058892114,0.00514120487722064,0.0070049077438359975,0.027124894321247706,0.08685529257980651,0.08098078392533181,0.0033134209652131985,-0.015224680197768015,0.015529868629073906,-0.04331594678738404,-0.9321473405067149,1.0889274071088764,3.6155669727907913,1.2362879125559658
BOL,income,5,LCN,2013,2014,1,single_cross,single_cross,0,1,0.005504059689314477,0.0022754763246864984,-0.0014917938086321803,-0.13354483258239658,-0.0071306658366149245,0.003106459831228592,0.02261523162075385,0.11970478777979321,0.10280093523556677,-0.004600173770734184,-0.03409720934437632,0.006908495491910693,-0.07728766064527948,-0.5561653001609042,0.10045888606194531,2.2392569357018317,0.03611983048953249
BOL,income,5,LCN,2014,2015,1,single_cross,dominance,0,-1,-0.03663894354864612,-0.010906803387253583,-0.00646425428991626,0.08632819784524637,-0.011718211773503018,-0.007855659712858787,-0.024004414319064804,-0.06528847844877661,-0.054939824985788865,-0.007631326618442624,0.022774298936556248,-0.01744475392017497,0.018034751333941168,-0.6874864593375865,-0.569656905581045,-1.988287827358242,-0.6250907990714465
BOL,income,5,LCN,2015,2016,2,multi_cross,single_cross,0,1,-0.04836370314502155,-0.014747956662311101,-0.007053985113037897,-0.002094754275369981,-0.015185718840765805,-0.013151478472842315,-0.051779979567353196,-0.1946689208495503,-0.18194718877268812,-0.010023464496920986,-0.0005198015997239791,-0.0290178453320879,0.029641646952702216,1.2023760891234812,-0.71550235551946,-4.5224501125105405,-0.7137096040529833
BOL,income,5,LCN,2016,2017,0,dominance,dominance,1,1,0.010317742258524562,-0.006230567659483377,-0.0062232098888753695,-0.1273530730195449,-0.019378728259224764,-0.005842716698533784,-0.011899561187776686,-0.020214619476492723,-0.020871866453777366,-0.01301415489342761,-0.03477044128392193,-0.012817610870919316,-0.06989651131065178,-0.7479817952270249,-0.030313710100205782,-0.20651831715990454,-0.023729101094060567
BOL,income,5,LCN,2017,2018,0,dominance,dominance,1,1,-0.017652194907111313,-0.02037119221615824,-0.019544843172916604,-0.15527179557733972,-0.04518123129487811,-0.01590609061198911,-0.03299569577552469,-0.050761242307057974,-0.05453465140539604,-0.031339922714353985,-0.05294151185623064,-0.034668673693458274,-0.12609709090488497,-1.2946072246655707,-0.5307997118248657,-1.3422326499098034,-0.6173706818305646
BOL,income,5,LCN,2018,2019,1,single_cross,single_cross,0,1,0.04488505589860228,-0.009357760152051198,-0.013892266099174821,-0.15526003209597722,-0.030962910705701507,-0.007671890604047493,-0.008089129711151222,0.010616346128865306,0.011674307389189065,-0.022309844278393887,-0.06970219526319615,-0.016605550169032313,-0.12269144651203023,-1.5688277569807596,0.18281515195307563,1.0065232194223732,0.1678361696246755
BOL,income,5,LCN,2019,2020,1,single_cross,dominance,0,1,-0.0006822723371255517,0.019929582846501204,0.017398630622599942,0.0673543507568693,0.03369632800952621,0.014740849379177384,0.036628117225631696,0.07761244280464458,0.0812003382276284,0.024246384048630665,0.03277450895648376,0.031972540180989384,0.06561497608152067,0.7396492147170761,0.3849401732179629,1.5788271240861,0.39846439902367425
BOL,income,5,LCN,2020,2021,1,single_cross,dominance,0,-1,-0.0022808304520080844,-0.027220993892102308,-0.02399625224688906,-0.08649858492785167,-0.04519436589722342,-0.020190279000882994,-0.050944217231808364,-0.11043026753073182,-0.11778983114533115,-0.03270859438663798,-0.04292818041971269,-0.0437225758229744,-0.08478003488957297,-1.0253696114022022,-0.5516336753243962,-2.3472353930196057,-0.5721974585444451
BOL,income,5,LCN,2021,2022,0,dominance,dominance,-1,-1,-0.01702838022920929,0.002949433747652608,0.004021460932683407,0.038191055171962696,0.008347359443553637,0.0025583591808538975,0.004624378173931798,0.006212972142253637,0.007043019233658909,0.006153075234139271,0.019869718939539593,0.005511688919004332,0.029493450512729003,0.16350078719452554,-0.07830526807408411,-0.15465342098729096,-0.090504830189853
BOL,income,5,LCN,2022,2023,1,single_cross,single_cross,0,1,0.05432716080594525,0.00837901548073322,0.00433963144776317,-0.035398581606577495,0.004986284260617702,0.004820587754183814,0.0156573502342105,0.0383717469787338,0.04231439794694558,0.0036511020241239978,-0.0183635367115213,0.010407707945393196,-0.020229227646810677,0.05459143840922742,0.61203088096436,1.8090192113310941,0.6805426021358985
BOL,income,5,LCN,2023,2024,1,single_cross,dominance,0,1,-0.03508969161440046,-0.011870370594854407,-0.010951697608328703,-0.04052071660858392,-0.018609388387709314,-0.007007907071933717,-0.013073918252451022,-0.006782113231147191,-0.007337461442931348,-0.013719651241096253,-0.022748446227807362,-0.015120541335541304,-0.04504539411990294,-0.32777420541821733,-0.5266618670603318,-0.793084722563929,-0.6189517796417627
BRA,income,0,LCN,1981,1982,2,multi_cross,dominance,0,-1,0.018872353191075823,0.004891441339222147,0.002852133482858177,0.018651525787205747,0.011750595394363739,0.004420782420500702,0.011224830256971408,0.02847642530586003,0.017919874022511495,0.006231203391101892,0.0031946492086716294,0.010402714403198399,0.017777586844267557,0.5516761859185131,0.13517021282141695,0.40857389420358103,0.12519365801105842
BRA,income,0,LCN,1982,1983,1,single_cross,single_cross,0,1,-0.1689365141970716,0.005452593552826568,0.0018754138807948184,-0.019074259862149834,0.008753850579778844,0.004969444062176476,0.01673157867109898,0.05995643793298866,0.037087955577674414,0.004594704525424431,-0.0032678684254827672,0.011731983387327727,-0.0066999969625474165,0.1411592517834226,-0.7406378630127977,-1.8687102157591529,-0.6502732706990111
BRA,income,0,LCN,1983,1984,0,dominance,dominance,1,1,-0.0063460123182505716,-0.005996674486766662,-0.003937126107870337,-0.04953124085592586,-0.0171459983399459,-0.005971888094286115,-0.01580139593067631,-0.05428576482979963,-0.033543407429284855,-0.009037483160358406,-0.008838846900736108,-0.014093666215815315,-0.034562119083918263,-1.1124865665876627,-0.07039328324553207,-0.31753906279549504,-0.06090823872509343
BRA,income,0,LCN,1984,1985,1,single_cross,dominance,0,-1,0.053623973821565606,-0.027597727156901897,-0.012267292603856061,-0.07648046942823594,-0.05547508910316634,-0.02829090078294988,-0.09697403692971507,-0.34958942028926243,-0.23560416909573068,-0.030325122833220974,-0.014741380210917088,-0.06598713940074541,-0.030220752510803583,0.1862486000273531,0.021494068437004188,-1.158481004551124,-0.053435697177543595
BRA,income,0,LCN,1985,1986,0,dominance,dominance,-1,-1,0.5811478088603917,0.02883569773334449,0.014290269297483782,0.23561936497471625,0.0676328667065409,0.031453882309255,0.10875025386649018,0.4306688309885529,0.28545237989839767,0.03674932873129377,0.04141851931398377,0.07344448158234851,0.08371310947703936,0.29605577837353003,3.7269284425640485,12.096453093564786,3.65111608313859
BRA,income,0,LCN,1986,1987,1,single_cross,dominance,0,1,-0.24170618781419764,0.012110701745421726,0.008272203613241769,0.10353290743769716,0.037648770089262595,0.012192775895343178,0.029259297017753316,0.07197603001170472,0.043023119834580514,0.019405447847821278,0.014971308438144426,0.028901680059675083,0.08289512648933717,1.8947660780447464,-1.5789119123753812,-4.372439018076548,-1.5923959278094095
BRA,income,0,LCN,1987,1988,1,single_cross,dominance,0,1,-0.014165010658606253,0.017310168742700527,0.00944302505248773,0.18169783030342002,0.050586428877647305,0.017483890932846025,0.045867633801108254,0.11056727594760729,0.06404150700662403,0.024949826216870363,0.022694833845583018,0.041882920278031754,0.09804620303587686,2.1199632838907974,0.09295562094263055,0.42071901968243,0.11061917754687478
BRA,income,0,LCN,1988,1989,0,dominance,dominance,-1,-1,0.1492401162188602,0.018539902262840413,0.008505926842116596,0.17149371637977318,0.05180291117941016,0.02067780047636758,0.06915206955794717,0.3037133189779726,0.16497186842757183,0.024274839154597827,0.0180803855759597,0.050226634065769105,0.06907337535142943,1.5828212096888237,1.2687078739106905,5.007880675842998,1.2782349256135834
BRA,income,0,LCN,1989,1990,0,dominance,dominance,1,1,-0.2431102241905671,-0.02776483228574511,-0.014383409015841897,-0.38942551440218875,-0.08693710457227943,-0.031330225780172805,-0.09742591816710022,-0.3854761231270065,-0.21209872681127684,-0.04146912380747014,-0.04582681998195948,-0.07580711375271987,-0.16522078567492815,-2.6852689278251525,-1.9371585835378786,-7.123327631221635,-1.9332406054165667
BRA,income,0,LCN,1990,1992,2,multi_cross,dominance,0,1,-0.22765576314809008,-0.07328753250956277,-0.03609181380301574,-0.26043661599537016,-0.15346144084593705,-0.06900879175001456,-0.2103289066022942,-0.6494627702134841,-0.43470353133535844,-0.08260572667304145,-0.04297766516086721,-0.16119726543234192,-0.1518939663725818,-3.089904507354129,-1.7422096679404504,-6.67350734725769,-1.7053449755952843
BRA,income,0,LCN,1992,1993,0,dominance,dominance,-1,-1,0.22938104375643809,0.06938233108087188,0.03384252122437925,0.3266799879511575,0.14866590550992942,0.06852876887570841,0.221701235862658,0.7801310654558438,0.5094245695951274,0.08021163966666162,0.05207034765016527,0.16004915570986666,0.15243686670693535,1.9601966080355187,1.7146472166423417,7.420995114833087,1.6863157946423266
BRA,income,0,LCN,1993,1995,1,single_cross,dominance,0,-1,0.292966075356869,-0.005247102451601315,-0.0023987056521060923,0.001822903961093525,-0.013940516272995196,-0.0075228671380995205,-0.032085243117169204,-0.17953184498250918,-0.10351527280721551,-0.007025112352023022,0.00024145326575741866,-0.01794185230236156,-0.004577745295546443,-0.025662961024817577,1.898218980489796,4.515803310438265,1.8680348243305724
BRA,income,0,LCN,1995,1996,1,single_cross,single_cross,0,-1,0.005465018084733215,0.003070044585765541,0.0038264202884089604,0.16959668001635952,0.020359424498581302,0.0035234807769505827,0.0018390293476712172,-0.020874896684259125,-0.01245245918009541,0.010227042247271223,0.02064191228016099,0.008391468614548536,0.08552206618856961,1.4247123649353455,0.08187038712734385,-0.04257042671467559,0.08120712064430258
BRA,income,0,LCN,1996,1997,1,single_cross,single_cross,0,1,-0.01164909276856383,-0.0008607789847007163,-0.000996630431446155,-0.05447394791879456,-0.005677727872746452,-0.000842218129039507,0.0006263521035621,0.017296531973530982,0.010324417734518976,-0.002831158075511375,-0.00625940572483874,-0.00200772174550945,-0.025271939461168014,-0.6359252120198349,-0.1008546541296731,-0.11852174584846864,-0.10501031144507689
BRA,income,0,LCN,1997,1998,2,multi_cross,single_cross,0,-1,0.029996978937443557,-0.0018659782521252,-0.002592837601269604,-0.10314077151358636,-0.013194237453291513,-0.002051271573800195,0.0002485581501286971,0.018869357440603363,0.011191382905589187,-0.006641625796853123,-0.012806634817089435,-0.004884907391033977,-0.05685239276259013,-0.9280385157349365,0.20844164631666828,0.8038828460171139,0.2165303511753569
BRA,income,0,LCN,1998,1999,0,dominance,dominance,1,1,-0.06421357890851764,-0.006137320958698678,-0.003455689036266252,-0.06631035890910697,-0.01726438708899436,-0.0065238607048568875,-0.019717871724671765,-0.0730645041568938,-0.0437570044729938,-0.00882383790910779,-0.008971922128558685,-0.015488982487999348,-0.03144006806147592,-0.5785996188404816,-0.5650763775319261,-1.9320208772068277,-0.5782992150479442
BRA,income,0,LCN,1999,2001,3,multi_cross,single_cross,0,-1,0.11330439608330595,-0.005460190584016256,-0.0015364763306279228,-0.030468783756064433,-0.009631831094681576,-0.005355903074030388,-0.019292059398906658,-0.06585508319101097,-0.04045972386677654,-0.004989441554191509,-0.004337100575705577,-0.01266311244289886,-0.0007393230825853969,0.454191128474811,0.7997910191918081,1.8879348125398145,0.8199586118923552
BRA,income,0,LCN,2001,2002,2,multi_cross,single_cross,0,1,0.01525357834944903,-0.0029597890313880493,-0.0033874054494533734,-0.12114777564831614,-0.01656607047597003,-0.0036958141411154166,-0.006586305524561409,-0.018992037159244024,-0.011858825267209383,-0.008694701476212097,-0.018749358562519247,-0.008710605812984884,-0.06310044811622562,-1.0553201011909703,0.0827670469323305,0.17574448863757297,0.08880417905790239
BRA,income,0,LCN,2002,2003,1,single_cross,single_cross,0,-1,-0.050051948917392494,-0.005510841996500537,-0.0021602607178242694,0.009790307366730477,-0.009323932616799646,-0.004949733552519375,-0.015745817942612206,-0.0462374508216834,-0.029246472946459656,-0.004957387267623681,0.0016117358707087304,-0.011631096732517499,0.0021950299455550937,-0.17179781408523986,-0.4732201109952756,-1.4893632715878127,-0.4971896100071609
BRA,income,0,LCN,2003,2004,0,dominance,dominance,1,1,0.005007392765517849,-0.010826116976566769,-0.007399158595959077,-0.12797512984695247,-0.03168399075352846,-0.010375913769900103,-0.024265206562400166,-0.048851184106815104,-0.03150505474789633,-0.017195505542740408,-0.022605278917490645,-0.02425394365831046,-0.07626003134787362,-1.2233904394577806,-0.10711560117184149,-0.3189401382305945,-0.11346968511878952
BRA,income,0,LCN,2004,2005,1,single_cross,single_cross,0,1,0.049297301203647614,-0.0016175608717116097,-0.0016233529410111247,-0.03164852264770124,-0.006018023268321904,-0.0011523639420973897,0.00018036312951097422,0.014661736099991884,0.009523134195857708,-0.003328114898506207,-0.006152254972463855,-0.0026831188669582673,-0.02225476458416842,-0.530559335684119,0.3611692685372203,1.1792994552933322,0.37491098852207205
BRA,income,0,LCN,2005,2006,0,dominance,dominance,1,1,0.07155760958422722,-0.006663003465097517,-0.004105472841414826,-0.04499103503420643,-0.01600729669902512,-0.006160567580170029,-0.016510012545455477,-0.04534149986363767,-0.029644054159107203,-0.008950538443897316,-0.009180339864617526,-0.014308642431938079,-0.028698889302004593,-0.5947422846846582,0.48930587636341016,1.1703252993604494,0.5202019415963806
BRA,income,0,LCN,2006,2007,1,single_cross,single_cross,0,-1,0.03349884784544032,-0.007227917774174308,-0.0026148396843740374,0.0665307412518179,-0.00793906161047564,-0.005669543633935681,-0.01839656491180608,-0.05029858167459511,-0.03357896193691179,-0.004492589412100512,0.013393807753040221,-0.013115966211900254,0.021819441784907356,-0.12034763789006853,0.17428843861802967,0.25650668444200164,0.1924398224636441
BRA,income,0,LCN,2007,2008,0,dominance,dominance,1,1,0.052246753529242275,-0.00881390852827868,-0.00639349283618762,-0.11236515642113687,-0.024612839225935712,-0.008317433083139425,-0.020222087523084076,-0.04853069193864279,-0.0331366664903614,-0.014156883196148884,-0.023313586482956783,-0.019152257475616885,-0.06281420560723072,-0.7014022099925885,0.31665588652658627,0.6997851241988187,0.3510143378336297
BRA,income,0,LCN,2008,2009,2,multi_cross,dominance,0,1,0.030215421785675708,-0.003546262136030376,-0.001934490223762464,-0.011784685666700656,-0.006589747042359262,-0.0029549088779214916,-0.008392188636573539,-0.023777119175850014,-0.016514917337016266,-0.0038498167441077813,-0.00264945121577409,-0.0067788654616114385,-0.007619825671245861,-0.14783579980471906,0.21377330865645483,0.45367439474527416,0.2404528001270192
BRA,income,0,LCN,2009,2011,2,multi_cross,dominance,0,-1,0.07373596818502377,-0.007393358650854331,-0.004611594862730439,-0.01653902738755675,-0.01381777457546185,-0.005408396095348794,-0.012021218189820826,-0.014364841397748629,-0.010070391207357865,-0.00815536724785082,-0.0037900282518792405,-0.012373439446581147,-0.020951465719061035,-0.8178782595087242,0.5647538576634705,1.6844722627441087,0.6375341715638596
BRA,income,1,LCN,2012,2013,0,dominance,dominance,1,1,0.041238234692508896,-0.007317620858178109,-0.005273209830436443,-0.070278405688465,-0.018928194919158092,-0.007369082915064495,-0.02108819907341275,-0.06973052933176405,-0.04904290055552951,-0.011314434498699788,-0.018473380377991067,-0.016829845572193636,-0.041278100535398154,-0.3416032355642624,0.2929024864589671,0.19284972445530713,0.3614757802887798
BRA,income,1,LCN,2013,2014,0,dominance,dominance,1,1,0.02080931991058597,-0.006581979207327393,-0.004563041095766884,-0.03888093917816193,-0.015013748895257306,-0.00623590579530392,-0.017691809863997543,-0.05436578660589764,-0.039464896029512087,-0.00912810855437407,-0.011074734159896904,-0.014179084485535787,-0.027125139227307193,-0.3285704902351192,0.08948449513201595,-0.22415795249089854,0.1268431955733078
BRA,income,1,LCN,2014,2015,2,multi_cross,single_cross,0,-1,-0.031624891885347145,-0.001156263026601545,0.0002780904172930976,0.02401363618666008,0.001284834631659515,-0.0003423700946899866,-0.001391566424936319,0.004128468714227562,0.0030370693647863156,0.0007865313344833647,0.006916456205628196,-0.0007768235728500272,0.014168564832254593,0.08903398750556235,-0.3631175114234946,-0.8247746207360507,-0.4134026274053255
BRA,income,1,LCN,2015,2016,0,dominance,dominance,-1,-1,-0.0008176954933379351,0.01424151597519574,0.010405715917950475,0.11911855814488959,0.034877822561932614,0.012658793447650002,0.030780710745936357,0.06682996856586687,0.04825253927244599,0.020969473199436595,0.030919153567321778,0.028837027068181253,0.07987127814665351,1.1087989500099713,0.2805204640690526,0.957054075364919,0.29818370795887894
BRA,income,1,LCN,2016,2017,2,multi_cross,single_cross,0,-1,-0.002425740953804784,-0.0007819399366273405,0.0006291766634441975,0.040807728821623646,0.003430472456357858,0.00024417110206609305,-9.124854512043701e-05,0.005243152192755174,0.003715942750754042,0.0020232602670287037,0.009455061722274172,0.0005585652017470188,0.02225279655680601,0.10705894232895652,-0.04206920360864075,0.005946589369902,-0.041123600967932106
BRA,income,1,LCN,2017,2018,0,dominance,dominance,-1,-1,0.03457194857709955,0.00601326402932334,0.0037903413938358277,0.03556513062803446,0.013609059147336344,0.005713426492623991,0.01688398927545487,0.05794683717504234,0.04043561839688814,0.007958458739191987,0.007827713125874158,0.013095585341806437,0.0228270042143226,0.4790383625830952,0.5054574719005522,1.8543487430522525,0.5702361618350107
BRA,income,1,LCN,2018,2019,1,single_cross,single_cross,0,-1,0.0043753066880301405,-0.004135462910077048,-0.0015964650873732111,0.015245742709405041,-0.004836819509782431,-0.002995011218172805,-0.00904997655523676,-0.019920524911620108,-0.01377252730272227,-0.0028161316482899768,0.00324482826457384,-0.006870908469282622,0.005736089895184371,-0.09857462642354697,-0.03757595695355853,-0.15641496867068128,-0.019840968295619987
BRA,income,1,LCN,2019,2020,0,dominance,dominance,1,1,-0.004264657752322495,-0.04650870224578224,-0.041197925798429735,-0.430582140222701,-0.11986666426031822,-0.03987574725148599,-0.08674113055750915,-0.17059129324417066,-0.12383286423519269,-0.07432416730062891,-0.12594039227917508,-0.09022360005871338,-0.31817484949511576,-4.2878177540954585,-1.0230945204747268,-2.72555856709279,-1.1811083813922814
BRA,income,1,LCN,2020,2021,0,dominance,dominance,-1,-1,-0.09352184072366207,0.040292214735970056,0.035726182366007775,0.3229793778195429,0.09917571593892383,0.03298516394102449,0.06845439276518545,0.10727981879875437,0.07915835454142295,0.06212236242598379,0.10156249472250112,0.07446691138609873,0.2590975743235653,3.7215781667932504,-0.1439205962351764,-0.9514372580239439,-0.16955656469243685
BRA,income,1,LCN,2021,2022,0,dominance,dominance,1,1,0.1069030270996581,-0.00958394574016963,-0.00853871286746799,-0.10246197951457625,-0.027957541240013484,-0.008868455235377104,-0.018626041521168868,-0.031048487316628792,-0.022440121914697686,-0.016893239377262503,-0.02687878172931757,-0.02017587417807082,-0.07750946408654324,-1.237435951734545,0.9343021009980585,2.528374305770299,1.0916140207026555
BRA,income,1,LCN,2022,2023,0,dominance,dominance,1,1,0.04809787845949509,-0.004065054160103054,-0.0035280238151342846,-0.04082179025012378,-0.011029773535322807,-0.003776818103927493,-0.00910502313084427,-0.024859058558991176,-0.018234775547889992,-0.006795706327336282,-0.011898684567355544,-0.008557358791532188,-0.029091392437830987,-0.16160353924604287,0.45236602213991084,1.0304311545695093,0.5415981426841121
BRA,income,1,LCN,2023,2024,0,dominance,dominance,1,1,0.041641255755929134,-0.01227015949240784,-0.008482173795152814,-0.0664895657137623,-0.0258382977672027,-0.01089552555129028,-0.02971018090224392,-0.07741746342444211,-0.05843071206325923,-0.016216143748466194,-0.021080824327891823,-0.02457135973643343,-0.04642289251088705,-0.4582596585868721,0.20259188451996124,-0.07438024867706972,0.30481286697806276
BTN,consumption,1,SAS,2007,2012,2,multi_cross,single_cross,0,-1,0.3133735276267487,0.007120688336138992,0.0044971425329055625,0.004093500180575027,0.009573148192024594,0.007010294266299608,0.024375777742582594,0.07640396017744328,0.08714093462956185,0.007502452232832801,0.0033374566302910025,0.014943132410847798,-0.0019497969412210492,-0.2076746661027009,1.085121704252952,3.0834315072626284,0.8886405980425476
BTN,consumption,1,SAS,2012,2017,2,multi_cross,single_cross,0,1,0.08302741274817643,-0.013645643224138193,-0.009532671252847957,-0.009189601364177125,-0.0174861340379599,-0.0121527166343781,-0.04024731337562898,-0.1147043289133865,-0.13445100490389916,-0.013758288687764603,-0.0075415451672525835,-0.025867066595003596,-0.0008536064766096474,0.37264529594021667,0.18573728293377556,-0.6578408561930775,0.10092583076087847
BWA,consumption,0,SSF,1985,1993,0,dominance,dominance,-1,-1,0.33622048322898673,0.05859712355966773,0.028914710852217196,0.20054430478447904,0.1323566483833467,0.0697704103434546,0.2757770896649022,1.585294569111099,0.8073084963478598,0.07402640562085461,0.05785205171377472,0.16413256276713017,0.07841141498501347,0.19563913033874947,1.3858264933450335,8.14114474301001,1.2346615582087372
BWA,consumption,1,SSF,2002,2009,1,single_cross,dominance,0,1,0.15147638130546295,-0.046142404641580925,-0.027867864855272928,-0.29933820930733424,-0.11907716535261048,-0.039672421734192276,-0.08244932920214809,-0.03911086001127928,-0.02181508104752461,-0.06295055337254374,-0.06524686921715861,-0.09419785991883156,-0.22991485444523885,-4.368092506032763,0.41338825824420855,2.378090527670139,0.3455747873393453
BWA,consumption,1,SSF,2009,2015,0,dominance,dominance,1,1,-0.05210645079294639,-0.02017051800259151,-0.01150879332081367,-0.11008755222923727,-0.04855695318611153,-0.024900923912254208,-0.09369961956304351,-0.4332917656546629,-0.2624925641509974,-0.0279003653033294,-0.03177959268708763,-0.05782015390065487,-0.04639491184099609,0.12068929876464907,-0.4928184687784247,-3.4855893741528003,-0.5088685231656642
CAN,income,0,NAC,1971,1973,1,single_cross,dominance,0,-1,0.11571457808434844,-0.023440388706063575,-0.02614473291214625,-0.07089148641352927,-0.03839537349219224,-0.014667150158303,-0.029893806865405492,-0.039715091631953275,-0.0551801870876556,-0.029315127683396114,-0.014221615800291021,-0.031120914923926907,-0.10298949142606484,-0.8754559134302928,0.6235508188584546,0.9573987197551652,1.39794471425704
CAN,income,0,NAC,1973,1975,1,single_cross,dominance,0,-1,0.10940713950329663,-0.008136063631638601,-0.009350682685952294,0.057276228609192126,-0.010098395370913282,-0.0046884635100366,-0.010393136774461409,-0.015601878893953425,-0.022920880540438948,-0.007898974664311303,0.011587962768821014,-0.009894215566940784,-0.014986225216028104,-0.32568041320419816,1.130315691998021,1.968724705797836,2.217581581048888
CAN,income,0,NAC,1975,1977,0,dominance,dominance,1,1,0.05590072487144785,-0.0035753013758507146,-0.003790894270236156,-0.22603583041829922,-0.007985413184067397,-0.0025247160366378,-0.005947039128293197,-0.01127694269380658,-0.017068447159081068,-0.006302921538574396,-0.05134399413473578,-0.0053173212369141964,-0.03975979541933505,0.14181344130450046,0.6377455620615002,0.8238727907276733,1.37181531990678
CAN,income,0,NAC,1977,1979,1,single_cross,dominance,0,1,0.036811566821592735,-0.0026060137502966207,-0.003823331598709956,-0.08613171290042687,-0.007074189604602293,-0.0018887974114037004,-0.0027615949112666793,-0.0015019647489507015,-0.002307159734050046,-0.005625888324036099,-0.024303740531782525,-0.0039731499454328245,-0.0319414981882169,-0.1519593430462285,0.4239981219846758,0.9409705506706665,0.7681909142451282
CAN,income,0,NAC,1979,1981,1,single_cross,dominance,0,1,0.0488848017655151,-0.005058074969062687,-0.008637622079091467,-0.337566414510651,-0.019140274628185405,-0.00428975470137849,-0.005818776335765108,-0.003508937999339906,-0.005422249695410164,-0.01542271021228181,-0.13767803582759047,-0.009008271481889096,-0.10486575902857087,-0.24391065105868215,0.5067654200739842,1.1887845449873033,0.7511615780021401
CAN,income,0,NAC,1981,1982,4,multi_cross,single_cross,0,1,-0.020045499828603992,-0.00033147630649699167,-0.001198642045946885,-0.0899051792757698,-0.005445665437117719,-0.0007650541649650983,-0.0003376586629789957,0.000822372871291499,0.0012748717090704798,-0.004442180140865198,-0.05486667125668049,-0.0016043410469492037,-0.03610368872844921,0.025697865383297547,-0.3190122218202305,-0.5362540435956795,-0.7346351652904062
CAN,income,0,NAC,1982,1984,0,dominance,dominance,-1,-1,0.001645411049165963,0.005864552651868804,0.00845188849804912,0.04469391449946564,0.010981373370370806,0.004248790952107895,0.009128525065611487,0.015138977542404092,0.023034935599198558,0.008933084657240714,0.028636557382067607,0.008918388640313607,0.03278598910813163,0.1119119519299634,0.29225293716491585,1.0993620727255298,0.5115150978697862
CAN,income,0,NAC,1984,1985,1,single_cross,dominance,0,1,0.02663348137595659,-0.0034525240526873113,-0.005357679974993146,-0.0538430176261962,-0.008353983622262307,-0.0020701332415277024,-0.0019699470595951063,0.0038395988221053,0.005717141306605944,-0.006786829854356913,-0.03486901251975422,-0.004347902649904201,-0.03669165707676564,-0.1848405802825832,0.2508469815166503,1.0913783532035133,0.3468418847163868
CAN,income,0,NAC,1985,1986,1,single_cross,dominance,0,-1,-0.011146683234644456,-0.014952288963622384,-0.016373657985849555,0.3659812000586426,-0.003934884744450778,-0.007077999602151094,-0.019958131892527375,-0.036980322362061196,-0.05726082910333885,-0.003216420854575297,0.17627964129048107,-0.014828601036037503,0.07447574697477072,-0.2544154432566552,-0.8650524895581704,-3.003494810703099,-0.8039055983938077
CAN,income,0,NAC,1986,1987,1,single_cross,single_cross,0,1,0.021324274968979304,-0.0002374602576147855,-0.002525540303916163,-0.4199527106938836,-0.016638257335547108,-0.0019541079795366983,-0.0004903700107950215,0.0032259218728376005,0.005204826338789825,-0.013741078496460807,-0.21595295054279495,-0.0040837961819426005,-0.12297543328949834,-0.005598299815000374,0.30500481988585193,0.8627415044451787,0.21509562350986045
CAN,income,0,NAC,1987,1988,1,single_cross,dominance,0,-1,0.024242348465982513,-0.004547005877530541,-0.005389660991606315,0.023700329705952428,-0.0029523158519003945,-0.00199366753355551,-0.004655894022901397,-0.006119335786665403,-0.009910796874706085,-0.0024622094234885983,0.018063260441307016,-0.004161987207849577,0.003994249603525235,-0.22319287572356394,0.14702237521634132,0.24229065059216026,0.49792341078391544
CAN,income,0,NAC,1988,1989,1,single_cross,single_cross,0,-1,0.014888621980090853,-0.0018511141115618024,0.000731416161207199,0.858390264938584,0.020847871373370186,0.0015434558944411036,-0.001469459153212005,-0.006683390658265481,-0.011010881828886987,0.017232394419591818,0.31078007437196586,0.0032217285967219844,0.17622263004619187,-0.007277091453678608,0.13575385614911362,-0.09644551872198193,0.96724253164518
CAN,income,0,NAC,1989,1990,1,single_cross,dominance,0,1,-0.00516660326597738,0.003527606727014243,0.005162817397694419,-0.0004382815886467828,0.004283022840670808,0.0019678516280999953,0.00420534097789052,0.005809176700879992,0.009581894012205439,0.003495985804761098,-7.763704571972507e-05,0.004111523368137693,0.007676550461969245,0.14444613880830204,0.09410292887606175,0.3166488124949396,0.09780213095428536
CAN,income,0,NAC,1990,1991,1,single_cross,dominance,0,1,-0.03258740031504485,0.005780614769353987,0.006639263890730662,-0.018178164193112023,0.006243953561655191,0.002757515245808001,0.005667322940560993,0.006628209825009307,0.010752518833305968,0.005069830084499183,-0.0032561494948211145,0.005768847145950107,0.011934584680927784,0.16990350268765475,-0.21830448322514862,-0.4497357671955484,-0.7264312155535606
CAN,income,0,NAC,1991,1992,1,single_cross,dominance,0,1,0.010806077305693721,-0.0037990760679444957,-0.006862328406024298,-0.7586440978141544,-0.02254502257534738,-0.0038817658242627923,-0.004799962993963014,-0.003289548442281215,-0.0053129815960046844,-0.018455789941379586,-0.25279113590016195,-0.008118336449321806,-0.15513611511005582,-0.061497572835320646,-0.017578974900024136,0.06565042796552945,-0.28228799729541976
CAN,income,0,NAC,1992,1993,1,single_cross,single_cross,0,-1,-0.03106433973317395,0.0011240664918614751,0.0030737040300152785,0.7287614699388196,0.018025003578183096,0.0021293921651005937,0.0011293034881299235,-0.002271933102094309,-0.003696313720678912,0.014788887830713582,0.24728078128068104,0.004451283394946104,0.14163764223865843,-0.03788509240951754,-0.4102215782380316,-1.0751911868826802,-0.5344595425952079
CAN,income,0,NAC,1993,1994,0,dominance,dominance,1,1,0.021068757122916264,-0.003712067894225901,-0.006191060717593566,-0.6289124959579138,-0.01737738121452642,-0.0033130075336897935,-0.004891159360276814,-0.005210834641630385,-0.008563147517847813,-0.014252906612528787,-0.1921536871154076,-0.006923278095183283,-0.11716343476402713,-0.0226582065302523,0.13708520132474789,0.1998422891094762,0.16330551458275622
CAN,income,0,NAC,1994,1995,1,single_cross,dominance,0,1,-0.002672009691382191,0.0020523715972535217,0.0024645476409491662,-0.12022175050603046,-0.00223515156603718,0.0006436593787045031,0.0023585847477272104,0.004079951741898485,0.00671492539157037,-0.0018513116007284058,-0.06790701911809482,0.0013440923401936977,-0.03179187938673961,0.04394788258883864,0.05748540043830097,0.24120333773181102,-0.02113203968664834
CAN,income,1,NAC,1996,1997,3,multi_cross,multi_cross,0,1,0.016075295472521057,0.003465959640243488,0.00327047856191387,-0.0009816639397748905,0.0033701621327319187,0.002301698678961392,0.006955342673212489,0.016896898984224196,0.02450936876749743,0.002784570529785091,-0.0008457524744205358,0.0048253018010809,0.00011217095179921754,-0.043526133118730215,0.40170731648965585,1.6322712526270706,0.48618951212977635
CAN,income,1,NAC,1997,1998,2,multi_cross,multi_cross,0,-1,0.035633088066430924,0.0009839566649086917,0.0019675159396376207,0.01881260421591091,0.003928051798891191,0.0015975926388745038,0.004383162807104407,0.01296342362133851,0.01823831792288022,0.003233701445619991,0.01583754073489302,0.0033528002302145865,0.012836024120994993,-0.005505099670481961,0.6022589894144144,2.050433878252072,1.1387408861829371
CAN,income,1,NAC,1998,1999,1,single_cross,single_cross,0,-1,0.025015498220252005,-0.001541859292783998,-0.00043345281423823323,0.0059805732526369,-0.0006663563120092031,-0.0013246961582953076,-0.005482395092721193,-0.017574463435249488,-0.024840995616361217,-0.000547672193204285,0.004876000384909818,-0.0027802926886653923,0.0073462729499848,0.11453391745941222,0.3271567291275552,-0.3465811609508904,0.8827799529549125
CAN,income,1,NAC,1999,2000,1,single_cross,dominance,0,1,0.0312703760919452,0.0035580008942227015,0.0027154035899892293,-0.018534372143697297,0.0013268986571273178,0.0019327368289818042,0.006596679843012099,0.016700819130428368,0.023626405432698117,0.0010902058766801836,-0.01535834031523059,0.004057137343454392,-0.011611000025305407,0.0003779235781591339,0.6959316872556727,2.281886985577131,0.9255073069618476
CAN,income,1,NAC,2000,2001,4,multi_cross,single_cross,0,1,0.03730786116389989,0.0013794040064231128,0.0010406178306100466,-0.0004023730692264138,0.0006503240053999937,0.0002633078192899041,0.0001805109089313972,-0.002270361586081293,-0.0031660271225095737,0.0005337909137720087,-0.0003416529629314269,0.0005530615998595168,0.0009167709885000153,-0.01024160942266139,0.716051644667715,1.2179894968635878,1.2247441394481342
CAN,income,1,NAC,2001,2002,2,multi_cross,single_cross,0,1,0.008562871601889682,5.6304502157766834e-05,0.00026812998101877206,-0.0020407811219546046,-0.0003117957277627148,-0.0003495471418051982,-0.0016022007824809115,-0.005861598993903705,-0.008239545612216959,-0.00025588099764958794,-0.001738350141362588,-0.0007341844440666989,0.0002694974307846931,0.09237073071509538,0.1547219647851925,-0.11348448458814886,0.3393842735811461
CAN,income,1,NAC,2002,2003,1,single_cross,dominance,0,1,0.001456419952303241,0.002481022373230335,0.0023725363076121386,-0.0007628872420143984,0.002469727716061909,0.0016466336433045986,0.004917531636516814,0.012199587381070132,0.017043285777874506,0.0020246430654480008,-0.0006522156841861082,0.003459806638593077,0.0002339476817603825,0.01674898001514258,0.15777553923522092,0.9603234512180308,0.10295243047288949
CAN,income,1,NAC,2003,2004,1,single_cross,single_cross,0,-1,0.022130614756946113,-0.00032232388109731946,0.0005491887341606549,0.006262193315065723,0.0007061642457575901,-0.0002890903896523994,-0.001978240340022197,-0.007412469318646919,-0.010307001681847838,0.000577983422055478,0.005315536113527808,-0.0006076467686137732,0.007021116623124712,0.06642654084823896,0.38431402553264604,0.3013250910223988,0.9077355869713273
CAN,income,1,NAC,2004,2005,2,multi_cross,single_cross,0,-1,0.024040146928829272,-0.0015468078377539052,-0.0014016908721214971,0.009361676330627178,-0.00020311677539439077,-0.0003907918249431014,-0.0008625532614384146,-0.00026414121010137626,-0.0003700338663998881,-0.00016620581215398555,0.0077872954998844945,-0.0008212615526091149,0.004308286425590613,-0.11848378818037908,0.36018890997128494,0.9232137807948888,0.8235790196370303
CAN,income,1,NAC,2005,2006,1,single_cross,single_cross,0,1,0.02802934751586357,0.004664140579325793,0.0029800861650245425,-0.010382283717984553,0.0023427375638366,0.0023079907042616032,0.007501788390153502,0.018484162655187875,0.025447363039330928,0.0019149592671081073,-0.008647717174638414,0.004852886262878303,-0.007752291644181619,0.05426734935308275,0.7985272583942233,2.5852122556348576,0.8849627482161928
CAN,income,1,NAC,2006,2007,1,single_cross,dominance,0,1,0.038784916409746586,-0.002511085221181486,-0.0034860182917877403,-0.012112748820673813,-0.004028849348873292,-0.0013784562377305992,-0.0022610522871396865,-0.0011874696415929975,-0.001608409856276749,-0.0032959700481220155,-0.010388683977476387,-0.0028991491614789033,-0.012709669615484087,-0.14619896749604422,0.6217649412524366,1.5770631632960388,1.15291856083903
CAN,income,1,NAC,2007,2008,1,single_cross,single_cross,0,-1,0.017489191671819306,0.0009162703684171825,0.0028258373388604374,0.019314738962419198,0.00399085343642569,0.0008730024278284926,0.0004479920225889944,-0.00296361703214032,-0.004029560878036298,0.003264947875500912,0.016411997820004187,0.0018358294429665079,0.018106873694587577,0.07608768716838021,0.41047878650348935,0.5301284003561335,1.1386666545592448
CAN,income,1,NAC,2008,2009,4,multi_cross,single_cross,0,1,0.0046613884571918346,0.0002419580528937315,0.0001970709424100603,-0.0015153692782692296,-0.0004990017440343886,-0.0005542553150971047,-0.0025352704069208087,-0.01015573032417949,-0.013979667538939089,-0.00040752476662012094,-0.0012580684200217962,-0.0011656415013084065,0.0007315639763434412,0.018886132362204933,0.1106484996979944,-0.6428456905226838,0.21889446501220533
CAN,income,1,NAC,2009,2010,1,single_cross,dominance,0,1,-0.0002470022726789037,-0.0036146724371042827,-0.004780828384195912,-0.015466139489229702,-0.005220373704093895,-0.0016229266312464963,-0.0018889592330508798,0.0037222965364250293,0.00515516326561638,-0.004275589211015396,-0.013127043042016007,-0.003411087338848401,-0.017381835456970696,-0.06431888370575933,-0.2249076796226106,0.3026792528824629,-0.4563029722506755
CAN,income,1,NAC,2010,2011,3,multi_cross,dominance,0,-1,0.005515792302421492,-0.009308066865753806,-0.009992453769509302,-0.009406010631688388,-0.0105002301712529,-0.005820742996070702,-0.015750942214122515,-0.03543682024850392,-0.050675279262914597,-0.0086677901031805,-0.0082480512055077,-0.012209057951417801,-0.012619273200043746,-0.10305646366105581,-0.4562260594853491,-2.8549011697633873,-0.1835227963073045
CAN,income,2,NAC,2012,2013,1,single_cross,single_cross,0,-1,0.01905721096098641,0.002599555546678678,0.004443187181662145,0.030954892371005405,0.006506243924355004,0.0017109895159269917,0.0018813470639379992,-0.0014692025860360003,-0.002154335052882761,0.005304539997588897,0.024074394853695724,0.00359481164632669,0.02677473741574432,0.18115302790613885,0.5622198705511003,0.6762668461860741,1.4104662453367105
CAN,income,2,NAC,2013,2014,1,single_cross,single_cross,0,1,0.004318637299390944,-0.006421801815531092,-0.009932508578009203,-0.03626543599711557,-0.011719159131159895,-0.0037204765528427997,-0.005245366972941812,-0.0001952857472264924,-0.00028686668155952777,-0.0095796033673195,-0.02839627689799762,-0.00781244376385809,-0.039250326275931,-0.47487926021657323,-0.314051471483797,0.1674251002795515,-0.9067607169329541
CAN,income,2,NAC,2014,2015,1,single_cross,dominance,0,-1,0.00783285490830382,0.005900714916134087,0.007348948818748369,0.019564417051250393,0.008215169448082177,0.003262595543347499,0.0064139586832693,0.007177350580398201,0.010464998567997319,0.006727089720108909,0.01563868927902179,0.006850097033415603,0.02141109692283727,0.21872799023426648,0.5409453986402113,1.0055176120884681,0.921843919285191
CAN,income,2,NAC,2015,2016,0,dominance,dominance,1,1,-0.008610777948824954,-0.010447316845186405,-0.013765283395045569,-0.030315676363813715,-0.014609114811773294,-0.005877092043559504,-0.011598418586877685,-0.013808496588393698,-0.020278681882927252,-0.012001227398954095,-0.02457080588318289,-0.012330587148256217,-0.036774500099774066,-0.4133772784776193,-0.8445612624562244,-1.659150259767543,-1.501020139575413
CAN,income,2,NAC,2016,2017,1,single_cross,dominance,0,1,0.03577281507431215,0.006054861981516113,0.007068010052141638,0.007560990050462013,0.006909110385332595,0.0033485502155276015,0.007841975958163883,0.013404419062432393,0.01969372646562184,0.0056976127799660825,0.006307408842204709,0.007020625209706921,0.011802314163641692,0.14742977429483162,1.148934436126602,2.8337013296796982,1.9648159750265464
CAN,income,2,NAC,2017,2018,1,single_cross,dominance,0,-1,0.003700336766735692,-0.00798624549019411,-0.00931152694470272,-0.01036344622492491,-0.009012508798755897,-0.004327200177410298,-0.009958583847847896,-0.0159575060982019,-0.023510634502322714,-0.0074400157342725814,-0.008676791640651216,-0.009070042959510999,-0.015707559206148414,-0.17658252239762895,-0.4441560796057509,-1.377885178311864,-0.34776919508353643
CAN,income,2,NAC,2018,2019,0,dominance,dominance,1,1,-7.731143576172288e-05,-0.007597621470160687,-0.008998066316697306,-0.016380408042479422,-0.008728996833434588,-0.0037902993752087916,-0.007939216631726698,-0.0101592196804694,-0.01540967248572045,-0.0072701758594302945,-0.014202722542336788,-0.00792701929688941,-0.019640946148371585,-0.19895708111402577,-0.501064092527006,-1.0163098401022452,-0.5848975278356257
CAN,income,2,NAC,2019,2020,0,dominance,dominance,1,1,0.05585914528705098,-0.01897838203829838,-0.02890144217984525,-0.06897455722856258,-0.02721046497643262,-0.010176487239129103,-0.018440169897334296,-0.018158631907708,-0.028491963592102376,-0.023074522237220202,-0.06728667624447832,-0.0212023416978378,-0.07948562331698333,-0.502451347664306,-0.12069091589841463,0.4800538408213555,-0.6718381976540115
CAN,income,2,NAC,2020,2021,0,dominance,dominance,-1,-1,-0.0007966690186293351,0.01262799703421097,0.016453345027711674,0.02340936346492231,0.014368459424538904,0.006564288052722592,0.014514853383582993,0.022140651739412515,0.03457498485146826,0.012262694371425797,0.024311061352359498,0.0136630422671922,0.030479138660375216,0.22386563254994174,0.8605434998217767,2.3668696344700777,1.2627898506326147
CAN,income,2,NAC,2021,2022,1,single_cross,dominance,0,-1,-0.026008181627319542,0.0038081842298393065,0.008425203605419096,0.028264569194326794,0.008498213855526904,0.0024348708326186047,0.002754525956629811,-0.0023815469983705095,-0.0036313035274495586,0.007170269679889291,0.027286622915694614,0.005080377052283203,0.03186304750433511,0.20308292573849185,-0.2968718876246932,-1.4183787342390772,0.20562037384787502
CHE,income,2,ECS,2000,2002,0,dominance,dominance,1,1,0.032739737440246455,-0.017327013872116215,-0.021754195218227967,-0.03720279203582699,-0.0240332930806178,-0.012539877305353692,-0.03368386706153009,-0.07818634411003372,-0.11171646769705657,-0.020106081744256016,-0.03634486512211671,-0.02624327853608449,-0.04008169966422148,-0.03348299344340866,-0.4659469091934625,-6.20007272968131,-0.26844027499970835
CHE,income,2,ECS,2002,2004,4,multi_cross,single_cross,0,-1,-0.03431309347041319,-0.0012433657772201734,0.0004967036153473714,0.011195185342982195,0.0015788909704859966,0.00020672742060200144,0.0001215204312481899,0.0012651778575007988,0.0019615567020146996,0.0013357703738265947,0.0113386387016578,0.00043118048160908917,0.009753140647707992,-0.1436864003004228,-0.8434153615021174,-1.4069554925372287,-0.9638123453290959
CHE,income,3,ECS,2006,2007,4,multi_cross,multi_cross,0,-1,0.025825966261474324,0.003336329240733682,0.0031015392122129004,0.004112451525704303,0.005022662954552087,0.003528571455224394,0.011958863756809518,0.037043235782261486,0.04899575719359539,0.004117338277692395,0.0036688415124099816,0.007422911261538295,0.001391323917413867,0.009394582526898176,0.8834451592073869,4.988826615727724,1.345000728084905
CHE,income,3,ECS,2007,2008,0,dominance,dominance,1,1,0.007012228244454496,-0.004595538644089403,-0.005740899379281461,-0.012039224618685701,-0.006933640817474412,-0.0034145766732152916,-0.009021189886864012,-0.021982359435900878,-0.02869000348774453,-0.005689305190557714,-0.010855814416578569,-0.00718333137957658,-0.01304352963761668,-0.1333130870974939,-0.16363966717273115,-1.7256505481361657,-0.23919675910483562
CHE,income,3,ECS,2008,2009,0,dominance,dominance,1,1,-0.00423285862488888,-0.009382067201558097,-0.01112013917501653,-0.018366459370118215,-0.0114862036817171,-0.005301093691233008,-0.012201228561408595,-0.021035323975464704,-0.028518667744361625,-0.009512085385561003,-0.017260202057159224,-0.011125263515631811,-0.023037553607520467,-0.1573467020116519,-0.7997829624885711,-2.34490490634451,-1.1153513761269593
CHE,income,3,ECS,2009,2010,1,single_cross,single_cross,0,-1,0.003764369482874598,-0.0030260889001157976,-0.001901471162834456,0.0026666634401056044,-0.0015927678206165974,-0.0011653612331527924,-0.0031645627597211012,-0.005182660438439013,-0.007200752776470143,-0.001327667795050086,0.0025604652040536746,-0.002441368041180808,0.0014944252220960852,0.00010808702568265716,-0.13305008685184205,-0.3327796666858305,0.40497583892685185
CHE,income,3,ECS,2010,2011,0,dominance,dominance,1,1,0.014103662787831456,-0.008338384946465216,-0.010806377189871319,-0.022531998269965714,-0.012066251317674193,-0.005872591911083899,-0.015008734482467506,-0.03293156437313938,-0.047564490929527636,-0.010126932647779308,-0.022248274765371168,-0.012279091994358698,-0.02415954985415053,-0.0007032556501842535,-0.28474976860135826,-2.825896802494981,-0.455449646017442
CHE,income,3,ECS,2011,2012,1,single_cross,single_cross,0,1,0.024423104650034264,-0.0015018121485897984,-0.004670735766628797,-0.010940704371700999,-0.003150307179343087,-0.00026691263355650696,0.002248025299583206,0.012391651852500185,0.018284430333007307,-0.0026641595895224857,-0.011327394296044013,-0.0005571570824884908,-0.016166241258296354,-0.1983370102284141,0.47418107900401907,2.6550687549548257,0.11862702883767184
CHE,income,3,ECS,2012,2013,1,single_cross,dominance,0,1,-0.00468152743237707,0.008970102967626015,0.009544670434551206,0.00957224776295082,0.008718623102678902,0.004315435237157106,0.009984811918211906,0.015584210218840211,0.022326264406428487,0.00735270749230868,0.009929971464415321,0.009018053005963284,0.014351814721607181,0.18564417552582935,0.5751126885577733,1.466887443019985,0.2879223148100465
CHE,income,3,ECS,2013,2014,4,multi_cross,multi_cross,0,-1,0.011989922138384207,0.0006197155117690922,0.0021735249843288784,0.004194076406173197,0.0017920625409093838,0.0006017767992482909,0.0009881504081903913,0.0011681164953966094,0.0016452179652837184,0.0015033803285603997,0.004265644467524976,0.0012592355082539086,0.005728902291563476,0.11237415455074373,0.34868353226867654,0.7847163321737582,1.0348598749512377
CHE,income,3,ECS,2014,2015,3,multi_cross,multi_cross,0,-1,-0.004607876012538574,-0.0022019867266335202,-0.0013542333086733471,0.0007054216491785004,-0.0014803367301309822,-0.0010728527245735947,-0.003130430844618892,-0.006353174784593907,-0.00899459569159744,-0.0012416766307343785,0.0007124655392948265,-0.002244686329027884,0.0006663811675441389,-0.020171117262686167,-0.2864807464615886,-0.9497504050071583,-0.04804085988516249
CHE,income,3,ECS,2015,2016,0,dominance,dominance,-1,-1,0.01791210984444129,0.0073040521589368135,0.00925198331133581,0.01399789410056329,0.00992201440677079,0.005109906807003392,0.013571832526612204,0.0323242167712226,0.044637228185389954,0.008287365642302091,0.013848135947010287,0.010703089577987573,0.01661769069429947,0.06554205552935422,1.0266476058725118,4.49662746461896,1.8123099682681953
CHE,income,3,ECS,2016,2017,2,multi_cross,dominance,0,1,-0.0032126389933432226,-0.003589186330551497,-0.003889282930296001,-0.004257089673228492,-0.004569761949860002,-0.0027719665659821924,-0.008378351202067313,-0.023532321216655494,-0.032220063589393555,-0.003806681960397712,-0.004154063884720394,-0.005809817082707475,-0.004300365011732976,-0.028657760215518024,-0.3651643885871714,-2.7179032050482235,-0.33324820050819426
CHE,income,3,ECS,2017,2018,0,dominance,dominance,-1,-1,-0.01798398359639228,0.004583265750349119,0.006898560706202761,0.01521488159031209,0.007820590748225192,0.003661437123841496,0.009426712253319591,0.023618673234184373,0.03233573475183904,0.006504102802799616,0.014623474999037267,0.007675951643662887,0.01692511765406518,-0.005174340631434404,-0.10357559209921163,1.4938248823188545,-0.01882691264457037
CHE,income,3,ECS,2018,2019,1,single_cross,dominance,0,1,0.027738842443692423,0.0085370445602726,0.008341829219183472,0.008511258217132806,0.008918319710212702,0.004818960715503709,0.012597822084376015,0.026417899478355822,0.0345838359913857,0.007355232385920507,0.007917222892875608,0.010126240547992299,0.011336295064305613,0.17796517559568592,1.3949656839945028,4.3606288919797365,1.8130962734356046
CHE,income,3,ECS,2019,2020,1,single_cross,dominance,0,-1,0.010890152081006691,-0.0025536798855150256,-0.00297622769798489,-0.0019648812767877055,-0.0027829110239505905,-0.0013940490764658003,-0.0033564674916410076,-0.006605119409586302,-0.00850166098032512,-0.0022881215766037133,-0.0018114752972832604,-0.0029321315003874027,-0.004089827212676311,-0.1366458978327687,0.09022098715237448,-0.0032644345214620785,0.42288385277242924
CHE,income,3,ECS,2020,2021,3,multi_cross,single_cross,0,1,0.012312478393300238,0.0008244431130896013,-0.0005713381178561461,-0.008966111884251199,-0.0006399801670144145,0.0005683322606938879,0.0030935743811658922,0.011311508978807006,0.01450338647486682,-0.0005270956466532084,-0.008390466344430636,0.0011951117938795164,-0.009445788454355786,0.09199419710441781,0.4016284015296385,1.943813909937795,0.059831077248325926
CHE,income,3,ECS,2021,2022,2,multi_cross,single_cross,0,-1,-0.023946048920876657,-0.00027400679250927373,0.0008244259961153189,0.003973312573035903,0.001060555662571211,0.0003143757368787997,0.0006733145664916118,0.002554005598787268,0.003237867319316856,0.0008733032314796052,0.003743630912019291,0.0006612431925540896,0.0042385184625335914,-0.001996886702290368,-0.6705442852317631,-1.2546755842959811,-0.9460067609944858
CHE,income,3,ECS,2022,2023,1,single_cross,dominance,0,-1,-0.005294351803482389,-0.003346181951502436,-0.004163657602962334,-0.002721038438332185,-0.004374834918202508,-0.0025142214373534977,-0.0072263576981397015,-0.019822932958314,-0.025490280358018258,-0.003608388437034593,-0.0025593342495084936,-0.005285083021774495,-0.004518357097586023,-0.061488201769916095,-0.40491563566735067,-2.3390977633970422,-0.5310518739560592
CHL,income,0,LCN,1987,1990,2,multi_cross,single_cross,0,-1,0.17755062161247398,0.010282972406900015,0.003443897977395638,0.017961542209741554,0.0193178814734859,0.012271865409238636,0.05046571283648493,0.24968236871281202,0.15235133018952007,0.010815350277632085,0.004121209624618261,0.028641366350391717,-0.00776120750260878,-0.3321806786520778,1.1861868595237697,4.745185894182358,1.16027100054289
CHL,income,0,LCN,1990,1992,0,dominance,dominance,1,1,0.06371230126004084,-0.02419958040905168,-0.017640019282812447,-0.21090847910552368,-0.061712241964626546,-0.021013045664549312,-0.048300326552138895,-0.09635977413863839,-0.05713709007598511,-0.03529558589252979,-0.055719444845484634,-0.0488979652109891,-0.140307939627625,-1.8921682288539223,0.13801839252109538,0.6060748839809023,0.11882122167465159
CHL,income,0,LCN,1992,1994,0,dominance,dominance,-1,-1,0.11505639604141574,0.015930388062139755,0.012978786998459113,0.18124931505936992,0.04414791397895801,0.014641879828999171,0.036472730837846745,0.12639905199855206,0.074563810872744,0.025470628377517124,0.048859568575504886,0.03399840405593402,0.11208217622801231,1.4839481207419905,1.0529270324850417,3.555257854338322,1.0562463011344052
CHL,income,0,LCN,1994,1996,0,dominance,dominance,1,1,0.07941866437863057,-0.015260306484060182,-0.009279950318143104,-0.13017509510204395,-0.0380207617713606,-0.016848292323214692,-0.058207625160461296,-0.2795422892416013,-0.16966327998577735,-0.0218680813800598,-0.03373916138264954,-0.03909278557688456,-0.060956823931758386,-0.44909240793369065,0.4195029997851032,-0.5650192253475481,0.43979628867058196
CHL,income,0,LCN,1996,1998,0,dominance,dominance,-1,-1,0.06989879958146346,0.0064083427628865985,0.004804410223748334,0.0678261058919456,0.017588668952587483,0.006713556321413933,0.020193832397858325,0.08553041688845897,0.05380287746159107,0.010219721352082656,0.018366087929702846,0.015524282723608618,0.03845683931476718,0.48438583526578505,0.703609741158921,2.5813486083803454,0.742065352425584
CHL,income,1,LCN,2000,2003,2,multi_cross,dominance,0,-1,-0.015419249645983827,-0.012864350187835383,-0.008001700836242964,-0.02277637481046213,-0.023677376096294722,-0.01050450898203159,-0.027784425391072398,-0.056142600162592204,-0.03845576579145704,-0.0145335162751975,-0.006375177040775615,-0.02388818879386445,-0.029197303729670665,-0.5653909610323762,-0.2893782358901502,-0.8443812971284856,-0.30050230810917
CHL,income,2,LCN,2006,2009,3,multi_cross,single_cross,0,-1,0.07670015072893517,-0.003006790823888994,-0.003704906006738784,-0.007638405507552237,-0.0057518861221095285,-0.0019209644224204014,-0.003607075132809723,-0.01002963086005737,-0.007937462372016313,-0.003901309230083194,-0.003664395777509988,-0.00426157076063971,-0.014034180632904958,-0.36047624114362176,0.5523674283067876,1.4696058416247908,0.5925825259585835
CHL,income,2,LCN,2009,2011,0,dominance,dominance,1,1,0.06927504279136948,-0.005343132561723529,-0.00614155414214923,-0.046752936177156146,-0.013781296740315196,-0.005274978327517915,-0.014117897206001817,-0.04583623644629009,-0.0369305301307572,-0.009439187109894276,-0.023686159417159014,-0.011676492063043664,-0.03582045857325333,-0.06107685436177146,0.48481144842220836,0.871198522923823,0.5308409119641073
CHL,income,2,LCN,2011,2013,1,single_cross,single_cross,0,1,0.20084606193830365,-0.0004723830083953051,-0.0019059814301760625,-0.011619641768964406,-0.002336639773465987,-7.391970645218016e-05,0.002167401830994009,0.014747751185148372,0.012002886523253764,-0.001613366010561612,-0.006245212129326605,-0.0001633582767240349,-0.012793638487032077,-0.3715603685023021,1.9053053840189609,5.271141155007708,2.1390926669485335
CHL,income,2,LCN,2013,2015,0,dominance,dominance,1,1,0.04796194728029376,-0.014794626698949986,-0.010923746390903877,-0.03224176032108139,-0.023384516817795298,-0.010999508291602317,-0.028913314399405365,-0.06394011152422596,-0.052920707613427265,-0.016355529692580195,-0.018149378244355252,-0.024226662875908467,-0.033093156820309555,-0.24189530399376924,0.16787022045217803,0.11555132998473638,0.24137156062938203
CHL,income,2,LCN,2015,2017,1,single_cross,single_cross,0,1,0.0882888045267883,-0.0007491830263375854,-0.001087532629560961,-0.004502721229761086,-0.0012444850948575836,-2.1419298726899072e-05,0.0016833914625417612,0.012507901361486606,0.010537113374977647,-0.000881179053704384,-0.0026356665500034127,-4.701937096202036e-05,-0.006222267941389359,-0.10671036273431955,0.9671045024618774,2.844033982431629,1.1422536675497792
CHL,income,2,LCN,2017,2020,1,single_cross,dominance,0,-1,0.0034714414289072418,0.017314767233699124,0.021851609372850356,0.27303803276945127,0.04721408478371908,0.013121845547200417,0.02076016917194723,0.010861810027844587,0.009075412473578126,0.032674141001982404,0.123908455306937,0.028919465734108696,0.17297448576769092,1.2153568106376307,0.488123419270579,0.34141595899005495,0.6881913490310065
CHL,income,2,LCN,2020,2022,0,dominance,dominance,1,1,0.09591821793740044,-0.037579742569578745,-0.03411697926530377,-0.2797745578056193,-0.07412751251357069,-0.029174484379746818,-0.07072039165387972,-0.15713910654166963,-0.13881948340076544,-0.05200143137154423,-0.1279001015179263,-0.06398904925156268,-0.1823765227877936,-1.4636706834109487,0.15304152915104652,-0.8234169199188628,0.3301285883228715
CHL,income,2,LCN,2022,2024,0,dominance,dominance,1,1,0.08400035701298031,-0.0021056716830544775,-0.0026868025515995875,-0.02173313774794522,-0.006048410298917173,-0.002684113815210082,-0.008220446013063987,-0.028546987858824036,-0.027214820194510603,-0.004415585810796319,-0.013288027941124492,-0.005831314431642587,-0.014726831758956838,0.10284005784587968,1.012221355618701,1.8070947213051376,1.3243111508558236
CHN,consumption,1,EAS,1990,1993,1,single_cross,dominance,0,-1,0.11376424929425043,0.015734470611604268,0.017758552074684908,0.021333093683944898,0.015731081501429017,0.00672962448373611,0.01247384101945212,0.00518637515029341,0.0072912168382989195,0.013190969732286811,0.022262851039769216,0.014091003046733691,0.03332391233014015,0.4134056534522035,0.1070016421079647,0.17715648506920734,0.023270697182535813
CHN,consumption,1,EAS,1993,1996,1,single_cross,dominance,0,1,0.26875316863014725,0.014502000935611326,0.016761094005297128,0.022652103022676506,0.01720499290001698,0.007962303538966792,0.017908470683380584,0.028338179291207688,0.038594156738122165,0.01419127909344961,0.02220632136133921,0.0167396205237611,0.03256541032955779,0.34631597179405205,0.26157908558759846,0.5756054281998042,0.08265639620808979
CHN,consumption,1,EAS,1996,1999,0,dominance,dominance,-1,-1,0.10243720826033592,0.03460837594523691,0.03686029589928708,0.060485154517837814,0.043897506420208315,0.019942131269308702,0.044612977850247315,0.06698788951368201,0.08419222904564672,0.035121104748688375,0.0530236273453214,0.04225304301996141,0.08257213321465406,0.9341052140331039,0.21219665315274572,0.48518809360994597,0.0843451984999816
CHN,consumption,1,EAS,1999,2002,0,dominance,dominance,-1,-1,0.2446424970177017,0.03251229311784337,0.033423909071617186,0.0750533070015515,0.04879380677615408,0.02157640856817379,0.050004593241975204,0.08883842561760485,0.10006761406716691,0.037271216567232424,0.05543873698091811,0.04625790894422949,0.09345709938396662,1.093781272529652,0.4580824503083072,1.108553685664012,0.22525010679858243
CHN,consumption,1,EAS,2002,2005,1,single_cross,dominance,0,-1,0.2609274938716652,-0.010684050622362606,-0.009338593382268945,-0.021932675706725524,-0.015312806347902663,-0.00668284365030089,-0.014916287284960417,-0.022796409218992675,-0.02463139658671676,-0.01150150073224121,-0.015175244784451702,-0.01438886931312,-0.028357115746848294,-0.46555883280504773,0.4372242469460912,0.9738452807798552,0.24626191288168287
CHN,consumption,1,EAS,2005,2008,0,dominance,dominance,-1,-1,0.2081912809411944,0.02039088074484724,0.022102159078208672,0.06522444047325632,0.035504624026364895,0.014532529005840594,0.032358415250180295,0.05763402615140961,0.06107098564153701,0.02640089253475042,0.042968678944843186,0.031361702980163386,0.0773696160428643,1.000516898698951,0.6111648510345078,1.4629902263847967,0.40599531803442945
CHN,consumption,1,EAS,2008,2010,0,dominance,dominance,-1,-1,0.15780973789113545,0.008093733402938286,0.006927144441341793,0.019833835143344802,0.013072260334860697,0.006128801234882603,0.01607915283436112,0.03788998224531531,0.03814442094812698,0.009486725287484399,0.01186369620659522,0.013306332843485202,0.021154102278893472,0.2709564968482816,0.5207687602791213,1.3278522504590295,0.39414996734819097
CHN,consumption,1,EAS,2010,2011,1,single_cross,dominance,0,-1,0.08030311300295856,-0.014322198093194904,-0.01231315621311524,-0.03432365113824021,-0.022440523895543907,-0.009900351333998803,-0.02365338380894172,-0.045880961336511206,-0.04638136410889604,-0.01636209616945611,-0.020865128165261426,-0.021471014353986906,-0.04034684735758176,-0.6185434473700786,0.1548780560085472,0.25318874743566333,0.1145657265525788
CHN,consumption,1,EAS,2011,2012,1,single_cross,single_cross,0,-1,0.08812026657607877,-0.0018630518139302055,-0.0005695106789327387,0.0022533069677608264,-0.001579411842423717,-0.0014745155295846912,-0.005528397087922576,-0.018140128727316907,-0.018964352364134407,-0.0011654888810974096,0.0014190088363809084,-0.0031871477247994995,0.003756025094937776,0.06955792305947117,0.294536826457759,0.5446672906587047,0.23177596066871553
CHN,consumption,2,EAS,2013,2014,3,multi_cross,single_cross,0,-1,0.07406123362903903,-0.005570768778712432,-0.0042450494647569,-0.006278484584668176,-0.006847605908657406,-0.0038255656713171993,-0.010767324706208725,-0.024874344864088183,-0.028844312934612648,-0.0052915919224356955,-0.004789373843513911,-0.008175771753740069,-0.006610110951520698,0.000551562150590712,0.24019978991177737,0.3559730801085941,0.20060863396874273
CHN,consumption,2,EAS,2014,2015,0,dominance,dominance,1,1,0.06969493852469538,-0.005842158442286305,-0.006715355822389357,-0.014874582014913929,-0.008700046653257298,-0.003566647451770197,-0.0073379779500264974,-0.009270618069982417,-0.011004468136859291,-0.0067755697334895,-0.011649882638200826,-0.007606392501840309,-0.019371362253883695,-0.22862753849940454,0.2319800602896338,0.5211815154586752,0.20873603016096265
CHN,consumption,2,EAS,2015,2016,1,single_cross,dominance,0,-1,0.06522175847932257,-0.0012200885466713829,-0.0013721547396000622,-0.002649397273020271,-0.00190824579390661,-0.0009318782694267003,-0.0024627482156734937,-0.006033074052221088,-0.007239812293772019,-0.001494035129779303,-0.002121117720070176,-0.001984828002384198,-0.0032043046358616323,-0.0437076217739536,0.27920110733904835,0.550563465116678,0.2576309375382513
CHN,consumption,2,EAS,2016,2017,0,dominance,dominance,-1,-1,0.05503863882829659,0.005902344066002485,0.005388116590143377,0.009485673271140194,0.00767650071444817,0.003754083269560199,0.009285329089025518,0.017080577798031793,0.02033722114549763,0.005992916546234794,0.007529243797071095,0.008002314687732104,0.011877829972272602,0.14380158122105158,0.33785211603854126,0.8261630886919011,0.3246416106663914
CHN,consumption,2,EAS,2017,2018,0,dominance,dominance,1,1,0.06122428566435169,-0.005583042790738291,-0.005667924048830653,-0.010670923801717302,-0.007810974216690386,-0.0037578741211154038,-0.009401664763955708,-0.01895040151560523,-0.02259390644457815,-0.006098308320682311,-0.008482779071095792,-0.008010386764275318,-0.013007728683377906,-0.1023000660151574,0.23860660579895576,0.3781849991312427,0.232681193304471
CHN,consumption,2,EAS,2018,2019,1,single_cross,single_cross,0,1,0.05614192091468676,-0.0030839126017979113,-0.0056440034935565375,-0.01359957889819341,-0.005762399182848987,-0.001690713323432791,-0.0017020613735871937,0.00395010157063741,0.004760175806589717,-0.004529543462059998,-0.01114982222381583,-0.003598405243331604,-0.018708583024100778,-0.22571903337661858,0.25703020088668627,0.7162615651793214,0.2573768434152566
CHN,consumption,2,EAS,2019,2020,1,single_cross,dominance,0,1,-0.04237512908011475,-0.010547977453820578,-0.014753666614850891,-0.0280349575704823,-0.014581747447497295,-0.004814758798550103,-0.005711085699146717,0.01225199685312639,0.014594399247789158,-0.011579280782393786,-0.02426746296449711,-0.01022860893151728,-0.04127094861798991,-0.5427927429683246,-0.37213681073536176,-0.29461347915235514,-0.3634098073160805
CHN,consumption,2,EAS,2020,2021,1,single_cross,dominance,0,-1,0.11995370242775522,-0.013321193827189104,-0.011970706921671459,-0.01649637120917488,-0.01575759208669661,-0.008287685419027704,-0.021631001803932293,-0.04512470553671588,-0.055080030245386546,-0.012704296361315093,-0.015151011719900076,-0.017541909942145217,-0.02098063919777937,-0.1824092995325053,0.4437060577595924,0.6299760024943861,0.43857728453377165
CHN,consumption,2,EAS,2021,2022,1,single_cross,dominance,0,-1,-0.004202587864181172,0.002580418734062506,0.0033018361986124622,0.005300229533154482,0.003269362966713818,0.0012844520681603022,0.0022585516614558043,0.0008025948353526102,0.0010130912663360858,0.0026523533820895784,0.004942129905473602,0.002713378764250096,0.0077914245153366535,0.09959975650692243,0.01657500713787563,-0.03582987813630467,0.01704775762582722
CHN,income,0,EAS,1981,1984,1,single_cross,dominance,0,1,0.28750128506849976,-0.010855907900734985,-0.012784543825544503,-0.010333846628836407,-0.008796775720693692,-0.004160719028868401,-0.00861711667492919,-0.009217071065751398,-0.017674188860156814,-0.0077716103173455925,-0.012618869771077679,-0.00858253745388421,-0.01686253973960311,-0.2391799676378077,0.0935219340622509,0.18047492681211585,0.012245521396286999
CHN,income,0,EAS,1984,1987,0,dominance,dominance,-1,-1,0.2060686677656918,0.022569588816040598,0.03358632513525728,0.0336316497850051,0.02369705281015959,0.010594756116856799,0.021629250470257003,0.02575870014914758,0.04799809282294032,0.020780454415725305,0.03963675946788647,0.02189193335886369,0.05181402738265878,0.46665637955486616,0.14095895183804402,0.27706354204428285,0.024282788899575497
CIV,consumption,0,SSF,1985,1986,0,dominance,dominance,1,1,-0.18761299216613644,-0.07537438744172792,-0.07511686216264468,-0.2583064357379294,-0.12720657466238758,-0.05669676929098211,-0.1444311567110354,-0.3417615521976555,-0.3382533566028546,-0.09430478692506511,-0.16161853204311283,-0.1225838638791013,-0.24949119379505186,-2.058721990561901,-1.2598316431160232,-4.32945227292536,-1.0775924619095265
CIV,consumption,0,SSF,1986,1987,0,dominance,dominance,-1,-1,-0.08996762377590255,0.025350123853400686,0.025729040857329855,0.05240612066367267,0.03717467911317138,0.0181191865105447,0.046694074966616816,0.0992168680657276,0.1106619938946295,0.02881070052870882,0.04095870054838063,0.038736523171242876,0.06028440698881987,0.5388240535759756,-0.07062439066861348,0.21407256254250395,-0.011901719037841652
CIV,consumption,0,SSF,1987,1988,0,dominance,dominance,1,1,-0.23551370532168234,-0.0361788827380064,-0.03232475844170779,-0.0579581582668941,-0.04717241334896158,-0.023832035457652598,-0.06149524389026781,-0.12307160979880077,-0.13951321226830726,-0.03674353402404712,-0.045625219296993036,-0.05086741907083647,-0.0676300583294811,-0.5623921634294975,-0.7724786384326596,-2.1087543710125107,-0.5526597744222772
CIV,consumption,1,SSF,1992,1995,1,single_cross,single_cross,0,1,0.03834684084835552,0.011795715147961294,-0.0010227991188234142,-0.03234201206272763,0.006689499953563605,0.009431944934436498,0.03684473017950951,0.1079926611169213,0.11896774135822319,0.005119140067074812,-0.02361715257815189,0.020218486368821065,-0.04450970162594242,-1.0782290841685143,0.11981554560049834,0.6794811003872998,0.12101023186286974
CIV,consumption,1,SSF,1995,1998,1,single_cross,single_cross,0,-1,-0.14067225541755826,-0.01606660458784337,-0.008770337150740826,-0.007534100504663077,-0.01856369396036578,-0.012206209907491397,-0.03812562485074822,-0.09635482019532793,-0.10535732613532323,-0.014290638464889704,-0.005774526807718894,-0.026144692430754513,-0.0023004450111033803,0.8061442481129841,-0.3024679296351289,-0.9838124674480557,-0.20227781299555547
CIV,consumption,2,SSF,2002,2008,1,single_cross,single_cross,0,-1,-0.04136558381090278,0.01844276305372139,0.023947288394894017,0.0905310001835129,0.035758653921331485,0.011053503899434797,0.01503117072226684,-0.008213803019060384,-0.008299817197458648,0.02633382271600454,0.05583262324410143,0.023921704816871614,0.10806124422907837,1.4071593720216606,0.0039673038541272465,-0.20068019316312924,-0.024710824386396935
CIV,consumption,2,SSF,2008,2015,0,dominance,dominance,1,1,-0.0157037808210841,-0.017122367175152975,-0.017688191407300824,-0.060315129511447685,-0.029480800753535708,-0.011237089874738704,-0.022466784381419025,-0.027280991294423407,-0.028082890836467755,-0.021642199262594308,-0.035929904789060496,-0.024317714227839016,-0.07004079843209987,-1.174091124843434,-0.09413325013048413,-0.1716576866759345,-0.045487658011878485
CIV,consumption,3,SSF,2018,2021,0,dominance,dominance,1,1,-0.03799758715676667,-0.018914656369857508,-0.021196134965741464,-0.03373891505537621,-0.02375686143675429,-0.010736113245091508,-0.023892744021135975,-0.03602542869843561,-0.04542614947694601,-0.0191786656528731,-0.03055233629765458,-0.022701932592660484,-0.04601275565022822,-0.517550470710801,-0.1809883451060772,-0.4185632268996935,-0.10985515688494318
CMR,consumption,1,SSF,2001,2007,2,multi_cross,single_cross,0,1,-0.056743165070526444,0.006955820043652139,0.005752139220386643,0.011953871176330844,0.006285973989721694,-0.0005094762660201035,-0.014750352732195271,-0.10579024693568773,-0.10002525253385897,0.00466049116987588,0.008243202035511377,-0.0011035611153951685,0.03107093432713126,0.9922375613157524,-0.07789872925057284,-0.7279389995780079,-0.09065844276503032
CMR,consumption,1,SSF,2007,2014,0,dominance,dominance,-1,-1,0.2635823866735813,0.038206118022770796,0.0428162907603733,0.16551904014740826,0.07559960060369647,0.02811686171013289,0.05758123951376032,0.08003618597912854,0.07652483046671388,0.053814596237024726,0.09433870253922017,0.061404356325013565,0.1829258904944605,2.07924993176292,0.7902692339418356,1.7833903804519906,0.5064479885463756
COD,consumption,0,SSF,2004,2012,2,multi_cross,single_cross,0,-1,0.7007070342467613,0.004328859921224282,0.014743824862784471,0.05374135391230184,0.016252061472603885,0.004284368348934309,0.005321460850199189,0.002822925220935968,0.0029542858382993753,0.012134524057226398,0.03655706112677981,0.009243955473916987,0.06021703962216396,0.3198301664330714,0.4347032833545057,0.9822802553132552,0.11392766523581979
COG,consumption,0,SSF,2005,2011,0,dominance,dominance,-1,-1,0.30339822826190727,0.01603384525192414,0.01880701834221643,0.11070935746782873,0.042238072514080904,0.016244209266457005,0.04235593712193231,0.13032594224664074,0.10451205741937741,0.028326279690427503,0.05174275638210529,0.03609542698517387,0.10060564646676362,0.5609689448762367,0.641930361868839,1.9154503561420624,0.40594675166896743
COL,income,1,LCN,1992,1996,1,single_cross,dominance,0,1,-0.09694907668866487,0.05397434018349856,0.037208956480124455,0.49176482797840015,0.14519000783750713,0.05636176722213099,0.1665258129605327,0.6050667269311583,0.40283152519469834,0.08193676792617349,0.06938770702789421,0.1299751000869392,0.2952885035155748,5.563935188054588,0.016217350422391696,2.542580604208373,0.05928249875774538
COL,income,1,LCN,1996,1999,1,single_cross,dominance,0,1,-0.04420731759317742,0.017535897082836427,0.011127249064152522,0.16184999362668195,0.04851661075399272,0.015800136502115092,0.036691502846669555,0.07764935467095757,0.04498948004349512,0.02483309784789267,0.01636448371879251,0.03733684680348581,0.10591356854075507,4.196543697718161,-0.07287731848451351,-0.28790357198854366,-0.062166906450127346
COL,income,1,LCN,1999,2000,2,multi_cross,multi_cross,0,-1,0.10962336259007752,-0.0014284497806197338,0.000290054622260838,0.4277184466002888,0.02419289626726906,0.002756862884567224,0.005230040782970735,0.04256332001365548,0.024176456165068583,0.011940091012544451,0.03392003962161261,0.006557171948160079,0.15091106035701052,4.630039395961273,0.5950911786533828,2.064928399590695,0.5581834996497044
COL,income,3,LCN,2002,2003,0,dominance,dominance,1,1,-0.05279775189523995,-0.024173547444371724,-0.013751287257565692,-0.09169505833569125,-0.05109325598704639,-0.023673479548659893,-0.07620924373493287,-0.2950362891600864,-0.18971759866713844,-0.029588028650579967,-0.022514800552634107,-0.05464957720246444,-0.05876558808988275,-0.7378327441317101,-0.5445786478816546,-2.7890671785657553,-0.5355659957420245
COL,income,3,LCN,2003,2004,1,single_cross,single_cross,0,1,0.0586398719964837,0.013956960275405383,0.0046798508981837905,-0.04213394202481813,0.018780735260538473,0.013069985359272118,0.04875380979470734,0.19586983003431047,0.12848007321772315,0.011051997071280295,-0.011378991874747224,0.030065060105119557,-0.02690313252124632,-0.48847061204906517,0.47087584208868094,2.24215139324782,0.46935285172761043
COL,income,3,LCN,2004,2005,1,single_cross,single_cross,0,-1,0.05288280751721358,-0.010659947190981511,-0.004436685478517055,0.0021291029696450803,-0.017464559383620237,-0.010028561847382433,-0.03447923573679601,-0.12606584996452774,-0.08143592441368375,-0.01027067853687369,0.0005921428593970157,-0.023091983482743217,0.001760499156803319,0.1549772587342897,0.19697066437824873,0.004456616536135272,0.17053427092024176
COL,income,4,LCN,2008,2009,0,dominance,dominance,1,1,0.005002687650186309,-0.008660504411157843,-0.006702261322308112,-0.11181200316416262,-0.025131173317798905,-0.007983196082720495,-0.01758356251316784,-0.032666878713394576,-0.021762599494284718,-0.014481393698711265,-0.023925885023855065,-0.018395560195335392,-0.06819064347684156,-1.0608032668597875,-0.07527584092749517,-0.18077553218367015,-0.07960851981032757
COL,income,4,LCN,2009,2010,1,single_cross,single_cross,0,1,0.07346968563726432,0.0036298526075165816,0.0014192884016963614,-0.009180549001170601,0.0052049977669177405,0.0031503881478789075,0.010574938128027567,0.0347820156185048,0.023160911041763654,0.003029243038317808,-0.002126777987230377,0.007247756485230017,-0.003396563841496558,0.07523571460228773,0.5735418646840662,1.7613977667746639,0.5891968930770224
COL,income,4,LCN,2010,2011,0,dominance,dominance,1,1,0.042122125327277785,-0.011411260134699397,-0.007893835029242458,-0.09630906575874265,-0.028013332432382798,-0.010436374512506896,-0.026904709372103652,-0.06801310445751318,-0.045630444781131985,-0.016490917654080228,-0.02403125229385561,-0.023952304502267818,-0.06026576144664009,-0.7987197562928454,0.15743726781584666,0.23964908453025302,0.162873920075441
COL,income,5,LCN,2012,2013,2,multi_cross,single_cross,0,-1,0.04660537162469077,-0.0004232349513354494,-0.0004761619267651396,0.0005136679860049398,-0.001119188692916273,-0.00016694164500541397,0.0008040689006150181,0.010297094100855775,0.007171689588671093,-0.0006553477587634138,0.00011098940534726154,-0.0003824426348173482,-0.003478833500745182,-0.05808895095980482,0.3616087631581335,1.092775357753748,0.3857127317419664
COL,income,5,LCN,2013,2014,4,multi_cross,multi_cross,0,-1,0.04725977475809178,0.00020300849779175678,-5.3822518726986956e-05,-0.0004133469914424648,0.00010445620985599646,0.00035717278419791776,0.001869020914499142,0.007407002067728152,0.00513678910369797,6.119600792020563e-05,-8.930693012343394e-05,0.0008182896816091301,-0.0024906337671857237,-0.25167089284775734,0.394000856771493,1.132846708227337,0.4242011734484983
COL,income,5,LCN,2014,2015,0,dominance,dominance,1,1,-0.026211182454573302,-0.01528656733719802,-0.00951639104944757,-0.08163133221609964,-0.03209208012695508,-0.013372717407084511,-0.03669314209619079,-0.09874985799738367,-0.07006071159392468,-0.019105189821815916,-0.01864239821778224,-0.030507459517293223,-0.05342696432986527,-0.7143701774777469,-0.45477377549233466,-1.671571906578066,-0.48015661791214903
COL,income,5,LCN,2015,2016,2,multi_cross,dominance,0,-1,-0.012677227444223926,-0.0029666857593165785,-0.0021166174404506632,0.00547635931778101,-0.005279533519368829,-0.0019628686009798835,-0.0035166825698004223,0.0008038243151904378,0.0005847050502014728,-0.003202182290378386,0.0013165706442688219,-0.004455720745133007,-0.0077198124215867026,-0.3858294163808438,-0.1461191557547279,-0.25803472885340994,-0.15829865948493627
COL,income,5,LCN,2016,2017,0,dominance,dominance,1,1,-0.005494128357851185,-0.007982771606177774,-0.00570785713086952,-0.06483041278402024,-0.018690608363087113,-0.007502759246059004,-0.020923412358180515,-0.06417191150053736,-0.04748903217292488,-0.011473206349579435,-0.0162561931492049,-0.016979660261549012,-0.03874644490244017,-0.344223695303576,-0.16396460505314447,-0.8336429588572614,-0.16932961398791146
COL,income,5,LCN,2017,2018,0,dominance,dominance,-1,-1,0.014215252908584294,0.0071576056643564145,0.00528626679473676,0.0711372501169929,0.01746245903918814,0.0065728650999205,0.017198972008635738,0.04702645623775892,0.03496295683133721,0.010725873071251946,0.017760107631863642,0.014870760415772732,0.040983674032364914,0.4017129122340357,0.22021276995555006,0.8246399002064564,0.23249168331007386
COL,income,5,LCN,2018,2019,1,single_cross,dominance,0,-1,-0.0012173432186321034,0.008617526066530434,0.006899873973083892,0.06373773429654683,0.021528412400759367,0.0072323481367699005,0.014972680986306552,0.018518351227874597,0.013524150853431838,0.012968070584569447,0.014496026741081636,0.016435563041445,0.05240601164773062,1.1287808791199847,0.1225300501872475,0.18197108937240003,0.13154975139101932
COL,income,5,LCN,2019,2020,0,dominance,dominance,-1,-1,-0.12742933148708457,0.01928370941194235,0.01566125018023068,0.4305014129754008,0.06672967280577413,0.019920894490777996,0.04629808852509931,0.12219025733159583,0.08610438892362837,0.038467108671723205,0.07303583321543072,0.045673279061671845,0.21468829988987026,2.4952593472541675,-0.7023974029811395,-1.3624757977326567,-0.7546187107456639
COL,income,5,LCN,2020,2021,1,single_cross,single_cross,0,1,0.16529849854998974,0.006847071966164298,-0.0027183344773895612,-0.3499690713510566,-0.01958018896253444,0.0024489786652783785,0.020180980539849624,0.06214661712010461,0.041903237416677896,-0.011022380800486897,-0.056376366688638435,0.005656457725524255,-0.16998854850479295,-1.7387727785811453,1.429220741197346,4.216116227856066,1.5202758357093549
COL,income,5,LCN,2021,2022,1,single_cross,dominance,0,-1,0.08313651127999358,-0.0029894665423565447,-0.0022746284759289637,0.005832588265282768,-0.007403960982582225,-0.0028196362476410886,-0.007125714022189311,-0.019025397753849038,-0.012703090969954145,-0.004224509020421707,0.0011414931861841726,-0.006511769355981745,-0.011800606171580075,-0.5371266033904156,0.7088523100414044,1.8570822571500827,0.7774670726292312
COL,income,5,LCN,2022,2023,3,multi_cross,multi_cross,0,-1,0.025939751925225588,-0.002359976647774986,-0.0008904931799988969,0.035049638405995065,-0.003218431281099776,-0.0027407224166201005,-0.011378239294704273,-0.05173785753717497,-0.03510521302990299,-0.0018461295744593986,0.0066881706486832115,-0.006317823443555248,0.010630300862022102,-0.15284518890256216,0.20726986788399415,0.05476169917391971,0.2423953967406991
COL,income,5,LCN,2023,2024,3,multi_cross,single_cross,0,1,0.037846719846875626,-0.0020279200809318887,-0.0004229647166592576,-0.011961256397691411,-0.0024319295049478606,-0.001290312166796287,-0.0032371873597861756,0.002244292579665297,0.0015403394234967394,-0.0013989294101199867,-0.002250004640726444,-0.0029704103428156436,-0.0005404600534433257,0.20683638541335192,0.33634341196751905,1.0262966161788754,0.3817600245641568
COM,consumption,2,SSF,2020,2024,0,dominance,dominance,1,1,0.04207763677365133,-0.03866578588035641,-0.04221126500132888,-0.04440252127264402,-0.040518386688507185,-0.020799428386171895,-0.050757241052989704,-0.08956603277370317,-0.12472175759726734,-0.034186596379595396,-0.04751416849339943,-0.04349803073135658,-0.062301386405676396,-0.516753492388708,-0.19234173365078622,-0.7240641374561072,-0.16449138998426194
CRI,income,0,LCN,1981,1986,1,single_cross,dominance,0,-1,0.03513800815401582,-0.130738560822451,-0.11340724496371224,-0.28725720175645786,-0.1837743659093179,-0.0818311279669627,-0.1915291193918207,-0.30300809140217644,-0.37451879068857763,-0.1310007703550695,-0.11204925008003908,-0.1768992345401634,-0.31637427628127623,-5.981150837908355,-0.7035015723265765,-2.0925816291189423,-0.5433122481468344
CRI,income,1,LCN,1989,1990,1,single_cross,dominance,0,-1,0.031160010407497364,-0.0024964685765218597,-0.002150860610167671,-0.041605136920475516,-0.007166430114359301,-0.0025584463056814166,-0.006754935470434209,-0.01979166829580148,-0.019540525356004368,-0.004714995676686429,-0.008363461739442801,-0.005632148322475883,-0.022194524377799896,-0.2020066574308217,0.117021679697773,0.1209880543235311,0.10649874573174545
CRI,income,1,LCN,1990,1991,1,single_cross,single_cross,0,1,-0.08636805483972228,0.013303076113689083,0.0091481609076699,-0.027729870552117175,0.017214750477157093,0.009881162497256207,0.029500702434342108,0.08126292580350225,0.07798197895101744,0.011269421665145996,-0.005827075537200965,0.021800829919824183,0.0007906174162000124,0.5142267533600826,-0.257576875458259,-0.1172653736452336,-0.2279810017738968
CRI,income,1,LCN,1991,1992,3,multi_cross,dominance,0,-1,0.06051022541434453,-0.009067110936243294,-0.008705163906435942,-0.06797557962012235,-0.0213881985669514,-0.007007863572358386,-0.013136177097658797,-0.015972212621575554,-0.014876891300690476,-0.01403085939206411,-0.015220064510824916,-0.01547496315022151,-0.059467967245875886,-0.95859118661952,0.18183004617266896,0.48421693780897535,0.1694434708094832
CRI,income,1,LCN,1992,1993,1,single_cross,single_cross,0,-1,0.14720290736583344,0.0028580949854405957,0.0032955498678168826,0.14970012922874532,0.012674242316610518,0.0014867559336009806,-0.0037562247933585202,-0.038052594109929005,-0.036308585734478926,0.008350623658407719,0.03181764455097169,0.003277579111547302,0.07059914896350328,0.24408544636623297,0.7537878593158371,1.265562000919525,0.7155235972654812
CRI,income,1,LCN,1993,1994,2,multi_cross,single_cross,0,-1,0.12169201333092344,0.007726520528968883,0.0026363731496297227,-0.07128063628571812,0.0015123970950486898,0.0057714601765478935,0.024690752095148316,0.08373856959912507,0.07833034304750353,0.0009894168107267842,-0.014378278539370903,0.012751445328315292,-0.052244602233601056,-0.4386165996657567,0.7864369990111362,2.55969134465537,0.7988926405146741
CRI,income,1,LCN,1994,1995,2,multi_cross,single_cross,0,1,-0.046996614590661755,-0.010359424150819696,-0.005983853077338397,-0.020519533987906735,-0.0141274029918807,-0.007914883625103092,-0.024277417200504192,-0.06391462622000876,-0.059258126550349566,-0.009300764933684202,-0.004389270922609323,-0.017475717624921783,-0.008385671222543634,0.22470305530455725,-0.4082316679452491,-1.400421951368564,-0.4182833949375304
CRI,income,1,LCN,1995,1996,2,multi_cross,dominance,0,1,-0.053861844089766304,0.008196718962905525,0.0065147442940087785,0.026403515484224815,0.0145321214690457,0.0048542965756931955,0.007261380280068008,-0.010277897934567015,-0.009844459752383683,0.009565279838135432,0.0056263867666278555,0.010708074543969825,0.035481257434504365,0.6650437141851828,-0.20107468589763133,-0.8002247007624614,-0.20443377540846575
CRI,income,1,LCN,1996,1997,2,multi_cross,dominance,0,-1,0.053469476616943394,-0.009031071330710794,-0.009795075846329215,-0.17807685865632816,-0.02916285791074802,-0.007666514020413989,-0.011111085126042808,0.0011694909161872324,0.001124868674801549,-0.019336921532960016,-0.042157209579693156,-0.01689711654892534,-0.11019931124229398,-1.1265404153798926,0.18847322381544984,0.6866859671962615,0.18967679439757967
CRI,income,1,LCN,1997,1998,3,multi_cross,single_cross,0,-1,0.11665473144472817,0.0006208623073178932,-0.0011589868329260344,-0.03386260439611899,-0.005216685177955094,-0.0008689702661122123,-0.0011791395518211956,-0.006947997778508297,-0.0067008642270178775,-0.003518863390706395,-0.009290966041861193,-0.0019102750088988985,-0.027510601228007636,-0.2885274203513273,0.7095440854805375,1.5067539764320959,0.7362860844061387
CRI,income,1,LCN,1998,1999,1,single_cross,dominance,0,1,-0.026140800292868426,0.019924117442141065,0.015694156649515234,0.10988814443620587,0.039253772193078906,0.0156461603628901,0.0374302219603766,0.07016894195154433,0.06579801753775816,0.02603307723852538,0.028561794499279092,0.03455021522899271,0.08504189289369768,1.3257816696745959,0.10674607185217777,0.5230361574099707,0.10705588545075173
CRI,income,1,LCN,1999,2000,3,multi_cross,single_cross,0,1,-0.008359241185017189,-0.002214872944123203,-0.0003585807562543897,0.048876108609752,0.0015927596134935884,-0.0004024104940826001,-0.0008686267163909855,0.008678682539660754,0.007866386660561275,0.001034896208928937,0.011351813239734443,-0.0008927592567635756,0.02017307322095574,-0.01407164624970747,-0.08384619657121561,-0.018380981044403555,-0.08960568849448336
CRI,income,2,LCN,2001,2002,2,multi_cross,single_cross,0,-1,0.016159379511874655,0.003008917899120389,0.0003443770760875875,-0.0012594853226093328,0.002407897707570883,0.002881917417790897,0.012630060234462115,0.0517569985017583,0.03940407080838981,0.0014613351974969158,-0.0002643532663347825,0.006529395151278372,-0.01283369685710034,-0.8071567138023479,0.21051970720783686,1.1244152194726809,0.21637276723194
CRI,income,2,LCN,2002,2003,0,dominance,dominance,1,1,-0.020064351523487168,-0.025033316929459648,-0.013635262571406792,-0.13090720223742847,-0.04453141891356471,-0.022095417817453195,-0.06840109603173211,-0.20215987249671064,-0.1614060265479984,-0.027603307927979603,-0.03004811222230841,-0.0497557684608157,-0.05162509131629889,-0.09324132155084364,-0.6510086586824677,-3.452780029267096,-0.642362575812844
CRI,income,2,LCN,2003,2004,0,dominance,dominance,1,1,-0.06744890509282189,-0.008804572210196204,-0.00845658757886758,-0.09781868498972757,-0.023925396260278897,-0.007835089130335204,-0.016633588512663722,-0.03352041134322281,-0.02896413217641447,-0.015345937294909295,-0.026361178756270975,-0.017478128857012665,-0.06890071071233195,-1.3810739999391952,-0.7397337997883469,-1.896649358316342,-0.8524013679103364
CRI,income,2,LCN,2004,2005,0,dominance,dominance,1,1,0.03867369170842828,-0.009067501699707825,-0.008890325858818549,-0.15176710079772682,-0.026439808549181987,-0.008371364192976294,-0.01784262858834229,-0.031182438393699385,-0.027619128723880948,-0.01739127982000188,-0.04968221481075097,-0.018581009913940127,-0.0866126246600587,-0.3875879487805065,0.1654173568579136,0.28014471698420707,0.19834410471959885
CRI,income,2,LCN,2005,2006,0,dominance,dominance,-1,-1,0.040024009295981385,0.017646282896857823,0.010976382941650598,0.06803072472593974,0.03087186300445449,0.0149835180175385,0.043638120727948704,0.11440593709116809,0.09825854825887115,0.020261811142761876,0.02378612692091142,0.033325455618744115,0.04120007043273932,0.2512092021657626,0.672272125440859,2.631716446518393,0.7101424496321691
CRI,income,2,LCN,2006,2007,1,single_cross,single_cross,0,1,0.10737836531808989,0.00024826017062939965,-0.0037832572731065772,-0.0866817170664611,-0.008711693242620888,0.0011479251378788136,0.01465882144494679,0.08632710742676397,0.0691696021033914,-0.005654446594921814,-0.030801475831476743,0.002565949367183684,-0.06452510690780333,-0.6390932860410263,1.0397240609671687,3.976205713066797,1.150835447490719
CRI,income,2,LCN,2007,2008,1,single_cross,single_cross,0,-1,0.007044392646045856,-0.006670679472728314,-0.0023029956345512748,0.038633657839111546,-0.006519847658621014,-0.006028508215484618,-0.02301749722756241,-0.085887230806591,-0.06880715988894637,-0.004264144008091608,0.014285984504171623,-0.013455015352794586,0.022669885566067638,0.0032798862374328053,-0.06673267664675286,-1.242606410179416,-0.021863573797913816
CRI,income,2,LCN,2008,2009,0,dominance,dominance,-1,-1,0.08900582659149966,0.019161119426194972,0.014544835904526487,0.12530882759327877,0.03978287487052101,0.014960208712042622,0.03368118664546643,0.05012675032297009,0.040616881365159285,0.0255914842114231,0.04052727666492162,0.033483205253984405,0.08914134654423544,0.8897098562902386,1.3753773017412616,3.270259258641669,1.6005227745532178
CRI,income,3,LCN,2010,2011,1,single_cross,dominance,0,1,0.031037001244654513,0.007154087655459995,0.007201850221417838,0.03573840298995834,0.016454584983749965,0.00590420976396272,0.012951258699709589,0.029255970383450958,0.024727831431469838,0.010853940975585563,0.01336235925820739,0.0131284785935315,0.039229461288094014,0.4956727595502226,0.5219415682236175,1.4468649036601526,0.6563998655433423
CRI,income,3,LCN,2011,2012,4,multi_cross,dominance,0,1,0.03236767436382243,-0.003400858776976712,-0.002246535109932335,-0.012799154629305365,-0.005981213906455285,-0.0027936194417482185,-0.008031573719579799,-0.024583497141268618,-0.020743620027335208,-0.003924744063164398,-0.004691018607190345,-0.006217805945015531,-0.008697741387640234,-0.15093467027283936,0.2993286881350645,0.42808338793084033,0.39742762342056537
CRI,income,3,LCN,2012,2013,2,multi_cross,dominance,0,1,0.03023887456089759,0.007367435880786033,0.005546455617245094,0.02579626839841942,0.013499292736585511,0.00494669048605062,0.009331361840135277,0.003937843516951922,0.003347330585432573,0.008824764859202694,0.009351103654641646,0.011017288125655111,0.028292933319450597,0.4903626671484069,0.554479307204172,0.9760006208982475,0.692358449181242
CRI,income,3,LCN,2013,2014,3,multi_cross,dominance,0,-1,-0.023064523024385716,-0.005161153793865003,-0.004445465881310784,-0.020238442285999803,-0.011104490795265598,-0.004580683195936214,-0.012218293445814488,-0.038791268351935804,-0.03340083055785592,-0.007250528842946302,-0.007301466752098973,-0.010203271423901705,-0.02115787851165396,-0.2366066652298091,-0.41354016445702335,-1.5147300319638717,-0.5206204609606431
CRI,income,3,LCN,2014,2015,1,single_cross,single_cross,0,-1,0.0006621616289745752,-0.0025735726022755867,-0.0019997368972974883,-0.005635451676767822,-0.004517048892351105,-0.0019669308235328864,-0.005073686688521595,-0.013597029276682937,-0.011940671939449476,-0.0029724608245453865,-0.002078402852800254,-0.004372380083595306,-0.006928448656855601,-0.1683671507513793,-0.05605546869615452,-0.2783833791323609,-0.06555977889121856
CRI,income,3,LCN,2015,2016,1,single_cross,single_cross,0,1,0.03752963328905064,0.003280746565059167,0.002021407993734181,-0.0065600327281767346,0.004613461460047985,0.002769003195349201,0.008830432414706602,0.026945289065527067,0.02354294046175731,0.0030357592384758214,-0.0024449428154056374,0.006156869728800807,-0.0007219950942396469,-0.15693011825347902,0.5451011834602095,1.6868510344671002,0.6559489069052695
CRI,income,3,LCN,2016,2017,1,single_cross,dominance,0,1,0.015800107281041555,-0.003609340913736603,-0.004568975322325586,-0.04797651090624977,-0.011441826980616965,-0.003355355945102806,-0.005956682016642678,-0.005506937885128904,-0.004772448642796467,-0.0075547578601906085,-0.01876189003527362,-0.007459273111288189,-0.0376229707467064,-0.10939412827183226,0.1055982111993643,0.3506236392213218,0.12035640132469894
CRI,income,3,LCN,2017,2018,1,single_cross,single_cross,0,-1,-0.023588194554643203,-0.003751860439133392,0.00019173826182394826,0.0439112147862295,0.00061524292968268,-0.0021885437265403984,-0.009281790281608637,-0.025959077125760954,-0.02276849396918057,0.00040843260581940877,0.017232754660344463,-0.004857027688062399,0.029583533942566742,0.2396146413271456,-0.391982403736872,-1.2887542360010755,-0.40982228033500867
CRI,income,3,LCN,2018,2019,1,single_cross,single_cross,0,1,-0.004452035563867943,0.002201973008302882,-0.0008588951756175467,-0.043676017154146374,-0.002778320575968496,0.0006856682318663876,0.0039259370357251355,0.008853081392649953,0.007816218161463606,-0.0018464007510570202,-0.017136811479674274,0.0015209973798505083,-0.02834787543321815,-0.43224887448645255,0.0016018110724260737,0.07097120108653598,-0.051682903084149245
CRI,income,3,LCN,2019,2020,1,single_cross,dominance,0,-1,-0.1421573389931258,0.010595598184313049,0.011014690450302567,0.12912210057928464,0.02914405046343338,0.0085505301900895,0.013957011530790264,0.0027175153689640297,0.0023884833687579654,0.019115405169976007,0.04716126475242832,0.0190215605165287,0.09385679194439933,1.092442473954378,-1.394844441389555,-3.7923922051471166,-1.7146919620071532
CRI,income,3,LCN,2020,2021,1,single_cross,single_cross,0,1,0.128468369051975,-0.005762495291560532,-0.007453785648884881,-0.11395443645583359,-0.01997959402512617,-0.004166860919487397,-0.0009937741550570811,0.03625098063475063,0.031395650308337464,-0.013044338915708387,-0.04105889196705903,-0.009282193079646728,-0.08108103275661038,-0.9347028552560115,1.349377608519255,4.248695443257226,1.6172419593062912
CRI,income,3,LCN,2021,2022,0,dominance,dominance,1,1,-0.028998154261254704,-0.015212492159631108,-0.0113745444748109,-0.059702336912590415,-0.028609793920857607,-0.012720409954104894,-0.034276193350364914,-0.08514553721702556,-0.07516613980663744,-0.01913853910408203,-0.02502651184293836,-0.02818920790672319,-0.04881109026155239,-0.45147178514604924,-0.722326055091461,-2.681298758323674,-0.8048764689609325
CRI,income,3,LCN,2022,2023,2,multi_cross,single_cross,0,1,0.0638836183830624,-0.0042037176718737745,-0.0016639954068712326,-0.0001272189618830577,-0.004675280746462285,-0.0030630824850853,-0.009713465107500985,-0.02448505902489373,-0.022590059514829175,-0.003179911954808101,-5.6331415707822075e-05,-0.006755283273323087,0.0019231798754151264,0.149214650329192,0.6509249389000704,1.1783672589132976,0.8954659381407524
CRI,income,3,LCN,2023,2024,1,single_cross,dominance,0,-1,0.0727404946551735,-0.008997535281557612,-0.006233396253011891,-0.019077122768644594,-0.01394486929794142,-0.0064669846887543125,-0.016371889241944382,-0.030491546262378932,-0.028814978056036722,-0.00957344586995279,-0.008602639237208276,-0.014221088400395987,-0.019737406053861983,-0.512553384053156,0.6666514679658064,1.3023235584534447,0.9685922532983398
CRI,income,3,LCN,2024,2025,1,single_cross,single_cross,0,1,0.10379957873893522,-0.0037459173391501954,-0.004398966334057897,-0.034426347581190786,-0.009264722939485104,-0.0024730046832642794,-0.002495372197370227,0.008166896398943635,0.00779526451215351,-0.006434639306943768,-0.016347352439606055,-0.005423566252164225,-0.0318075496039516,-0.18405648158520727,1.2885876390561197,3.4444078806590923,1.7047874727675971
CYP,income,0,ECS,2004,2005,1,single_cross,single_cross,0,1,0.06552394190400916,0.0016833537552105038,-0.001196162246133392,-0.004796767947427505,0.0009268928598230863,0.0016653899219102042,0.006774311550612089,0.020907739879084702,0.030752508562669867,0.0007974051447066088,-0.005449595803654811,0.003464591782688403,-0.008066285692730213,-0.0803181662128507,0.995495207156603,3.4965644979949566,1.216472205246756
CYP,income,0,ECS,2005,2006,1,single_cross,dominance,0,1,0.0939032786927096,0.008628860035745478,0.008481838649443407,0.006507984734575395,0.010994760115145913,0.0075159453795047015,0.02426935562485691,0.0735117055937776,0.09872513095477065,0.009402615412285403,0.007374750638313193,0.01567479461839341,0.004670218784430691,-0.05196997046335783,1.8825779264253324,8.48488831154124,2.5501640577077733
CYP,income,0,ECS,2006,2007,2,multi_cross,single_cross,0,1,0.0019074276254917083,-0.00011360687640959988,0.0006553210207927984,0.000938644297534208,-0.003105526885822524,-0.0033511198808166,-0.0139466984120942,-0.053717776482214985,-0.07081500211842462,-0.002645349568615507,0.0010518084262050031,-0.0069968044338346025,0.006642311366644338,0.15092220921782706,0.025288269981519562,-3.658370208810311,0.2523553696090062
CYP,income,0,ECS,2007,2008,1,single_cross,dominance,0,1,-0.007734489422833665,0.005946294549726505,0.005545593586330444,0.0045572713104800044,0.006212426581327507,0.0037650424725625964,0.010755624209885795,0.026058548767382894,0.03517875324067843,0.005283660626747205,0.005064999581240903,0.0078619211163167,0.005414241207264359,0.15786189378532,0.18503398673601623,1.5486143781765875,-0.02778901464736805
CYP,income,0,ECS,2008,2009,3,multi_cross,single_cross,0,-1,-0.010953580611403405,0.004007790666545996,0.008180681951205249,0.013368265066078605,0.006000758326562494,0.0020730916546325973,0.0031425118857475176,0.00025878678276880507,0.000341179268901759,0.005072565641997401,0.014469609077005507,0.0043357997158874895,0.018252675718385236,0.017672157127818444,0.02684940743031561,-0.4150603222982241,0.3566349465279117
CYP,income,0,ECS,2009,2010,1,single_cross,dominance,0,-1,0.015575308405935882,-0.006482865398897808,-0.007413826418731673,-0.007337198648150217,-0.007679268142801093,-0.004459676058843301,-0.012869565567320801,-0.03443325121584778,-0.046831285746118057,-0.006496901329929805,-0.007871137860477495,-0.009321184348805495,-0.008773521746543389,-0.011195223838580404,-0.0802171547409607,-1.8474549058314338,0.07826877943803368
CYP,income,0,ECS,2010,2011,0,dominance,dominance,-1,-1,-0.004611484950612938,0.011649528453716806,0.013360319291063072,0.014424478859757811,0.013852209928897102,0.007764747693285501,0.021649384003838784,0.05441742621021878,0.07273004503620129,0.011683352259349217,0.01531602349774841,0.016243815499348696,0.017671522862015454,0.05153719480019525,0.5341197399381379,3.6374390468599103,0.5225824049670358
CYP,income,0,ECS,2011,2012,1,single_cross,dominance,0,1,-0.05717576571430003,0.016827675811268317,0.01663970956495897,0.016379546001182688,0.017668138037083697,0.009577425230675798,0.02522442167067021,0.05539076628452061,0.06768042692209042,0.014668875076895876,0.016637201585428196,0.020131676305789298,0.022382288208193823,0.2841433282587742,-0.11652847182551795,1.0643560626396962,-0.8098057570150843
CYP,income,0,ECS,2012,2013,0,dominance,dominance,-1,-1,-0.04105385338943835,0.02726966422797389,0.025126083559049883,0.034905821536735215,0.03453738833552569,0.019717515245329803,0.05774093372935629,0.1610504984396547,0.1716781294673977,0.027936704250660804,0.03301339856153568,0.04178597370874382,0.0372205177006375,0.03379689306120959,0.6126041337128036,6.455693495962812,0.046366796631950535
CYP,income,0,ECS,2013,2014,1,single_cross,single_cross,0,-1,-0.07042916695893046,-0.014748245510058211,-0.00866416875907483,-0.007760948884299207,-0.017916887671526577,-0.012452428754478398,-0.0417023970014348,-0.1347242990691035,-0.1413285235565197,-0.01437220408781889,-0.007069834713067602,-0.0264433128520061,-0.0015175427697498023,0.1980057853192969,-1.8477515509910223,-9.560509584182128,-1.9107837041292335
CYP,income,0,ECS,2014,2015,0,dominance,dominance,1,1,0.01872869521940141,-0.015931588840559896,-0.017082679879678597,-0.025211143485904003,-0.019845726163754823,-0.010187508353970101,-0.02666571153379499,-0.06060198467925493,-0.07156382935835837,-0.016222925160811807,-0.024029951635569813,-0.021496870658560707,-0.03070946264227542,-0.06887806803516305,-0.4210477037299878,-2.4883700932590003,-0.3221561532120951
CYP,income,0,ECS,2015,2016,0,dominance,dominance,1,1,0.032888313657757434,-0.010720915742418902,-0.013331592478639576,-0.016955239434750996,-0.012783942591212988,-0.0061114856833669046,-0.01460723079483292,-0.028819185802667402,-0.03634801069322824,-0.010622047880894298,-0.017141594385884473,-0.012837839841250087,-0.023445985790165158,-0.2815949085656091,0.012150486087119106,-0.4710036919846914,0.0893222218065226
CYP,income,0,ECS,2016,2017,0,dominance,dominance,1,1,0.0205486150611977,-0.01474020606581078,-0.01485161178686023,-0.015464278539690512,-0.015816657572283593,-0.008898270549040702,-0.024215545502871777,-0.05480895316158457,-0.07431343733302864,-0.013331231384976994,-0.016380321144483623,-0.018614916412287297,-0.019080601383995532,-0.07661509906366604,-0.3831128307164775,-2.785220157107993,-0.061720145524290615
CYP,income,0,ECS,2017,2018,2,multi_cross,single_cross,0,-1,0.07390235943783878,0.013190260003758003,0.012435356162739164,0.013409554461674411,0.016185966590503004,0.010235981795061605,0.03120343699210909,0.084570974918524,0.11182311518146637,0.01363999506218691,0.014246011334868802,0.02142122829187168,0.01212660087867351,-0.15921782649529126,1.8209427070402988,8.281915278288814,2.2493529843541182
CYP,income,0,ECS,2018,2019,1,single_cross,dominance,0,-1,0.007051848422849367,-0.015101887934025837,-0.013492689968026772,-0.007098393587006313,-0.015892776830742222,-0.010353878962670704,-0.03132218984701099,-0.0826246715931232,-0.1090496850959356,-0.013390954146495215,-0.007471763430075495,-0.0216672589279443,-0.007619322244283189,-0.015509419155430137,-0.6603106454862981,-5.3298734134259504,-0.12058366090158756
CYP,income,0,ECS,2019,2020,1,single_cross,single_cross,0,1,0.02590241419269594,0.005030024683711221,0.0025509513087035307,-0.0053734753509789845,0.0044084384237798035,0.004065807455794906,0.014263373885693098,0.04216503022131601,0.05760586613245189,0.0037358212701079085,-0.005759808928100907,0.008493761412181,-0.007827172509706937,0.012164336258727815,0.6885576045495014,4.000607827051105,0.49683899047771973
CYP,income,0,ECS,2020,2021,4,multi_cross,multi_cross,0,1,0.025727624330458145,-0.004753162183638415,-0.00407993092497716,-0.0036010589702566154,-0.005333254835726303,-0.0034400812401891995,-0.010306336125713522,-0.02567476181006889,-0.034532580206208974,-0.004521625939258506,-0.0039111539043106824,-0.007187800403046091,-0.0031968382103197968,-0.02163600556628653,0.17925166111501056,-0.8260017512685067,0.6611129863454792
CYP,income,0,ECS,2021,2022,1,single_cross,single_cross,0,1,-0.012722796139733206,0.0028230674678831336,0.0005343560257117241,-0.0018346870283160732,0.0025541041491886074,0.0023667980086311963,0.008380623575996005,0.024469705150444165,0.03294691117290327,0.002168422907756512,-0.002008726047651621,0.004943804144908304,-0.004249290326641175,-0.10937120346477691,-0.06306216797155173,1.2680453867941708,-0.5814920250677567
CYP,income,0,ECS,2022,2023,0,dominance,dominance,-1,-1,0.062433910475631745,0.0029325710112830805,0.004252584155480799,0.0062505117094242,0.004636300258962112,0.002652221747493605,0.008185635516944706,0.027007711602795414,0.034778486676460774,0.003922074444663887,0.006799069700432703,0.0055475999900322925,0.006532711178745099,0.00641843924871921,1.2560834319034413,4.607567610074987,2.1260460301301727
CZE,income,0,ECS,1992,1993,1,single_cross,dominance,0,1,0.08018064129837991,0.058475988937413986,0.07234716764703764,0.037257226003000604,0.041741604070295896,0.0227154583705846,0.054429619271543606,0.08789796158940899,0.16537679905160751,0.0380180958238807,0.053190173519004985,0.04657742023595811,0.060772683892773405,0.570395391712927,1.4861788661437618,3.993197954982671,1.3550398995426036
CZE,income,0,ECS,1993,1996,1,single_cross,single_cross,0,-1,0.1240728272643146,-0.00753617134923612,0.009292064134058253,0.013763475457221494,-0.0011786849586189058,-0.003401058344333699,-0.013381022708009907,-0.034122133562647095,-0.0583257734681476,-0.0010519118283767032,0.01804402238346431,-0.007009319309706302,0.021733421769196487,0.07013104849841634,0.5297642949491088,0.30160763158004933,0.7077205818166656
CZE,income,0,ECS,1996,2002,1,single_cross,dominance,0,1,0.09943997901905918,0.0075585417851088965,0.009067005278734386,0.003697999145645392,0.005068204620800307,0.0026183148083517016,0.005757741202382302,0.0070626982062994,0.01256382138452361,0.0045143120778916995,0.0047133435076610886,0.005395023358983703,0.007526193281759602,0.19997831872886795,0.7982839096765506,1.6276592555746987,0.9137186111675089
CZE,income,1,ECS,2004,2005,1,single_cross,dominance,0,1,0.026411481157312764,-0.005869781880405267,-0.00978353333899007,-0.011204913414576995,-0.006223333538793299,-0.0023996604456134954,-0.004032644504178284,-0.0022138925101903018,-0.003687319396899702,-0.005478460125257892,-0.013584810335824093,-0.004959396548049,-0.016964890783112502,-0.07193432613047834,0.03595121525530498,0.3314403865027593,0.021766083070287934
CZE,income,1,ECS,2005,2006,1,single_cross,single_cross,0,-1,0.05368114491026988,-0.0020095359057374362,-0.001430704584715503,0.001372337917855293,-0.0016717568096479007,-0.001522406665829798,-0.005159863913596019,-0.013816149419383583,-0.023545275182345837,-0.0014774822603857984,0.0016894619673840927,-0.003143079951490005,0.0024773491293489935,-0.04102608534126073,0.35132013204789914,0.22533930438454064,0.5348866195074908
CZE,income,1,ECS,2006,2007,1,single_cross,dominance,0,-1,0.051521533320384914,-0.00744026641074208,-0.011082410600651738,-0.007698668844274004,-0.0063097481028309005,-0.0028399825285036,-0.005607660854733187,-0.0057674867059129,-0.010119133865213792,-0.005598800949942806,-0.0095728310581992,-0.005856476269576305,-0.0133151862017101,-0.1810080423472873,0.18339835377555236,0.575006715777306,0.26697580893978223
CZE,income,1,ECS,2007,2008,3,multi_cross,multi_cross,0,1,0.02429828325540911,0.00277257089432259,0.0030413361750606382,0.001107555901398799,0.003964816971432,0.0030012169546366,0.009805620496018796,0.02722633003772479,0.04629944837895794,0.0035222072682973976,0.0013915554679928,0.006189231636668999,-0.00016249999674070037,-0.08776806336621013,0.283023567733264,1.8802373681634243,0.31780791317114865
CZE,income,1,ECS,2008,2009,1,single_cross,single_cross,0,-1,0.014375444254417426,-0.001203141362827398,0.00036115045367446363,0.0026863501720844063,-0.0015469766324369971,-0.001892868980654501,-0.0072759232387130945,-0.022323392116544494,-0.037685801085085124,-0.0013726197716621008,0.003354989397178404,-0.003904701129928287,0.005652215010002903,0.06216887928455339,0.08110414509194364,-0.9228964606786114,0.23597805074596856
CZE,income,1,ECS,2009,2010,1,single_cross,dominance,0,-1,-0.001786243331837904,0.004686038560733796,0.0068067307882331285,0.006098116528850783,0.0033277566791136,0.0010503822322550996,0.0007109695612256828,-0.005260515159535212,-0.009246995598753194,0.0029500645994909036,0.007511447113935393,0.002166293434009897,0.010367591988952013,0.20283609581669282,0.13418896099890176,-0.32674743026265674,0.1922036048502722
CZE,income,1,ECS,2010,2011,2,multi_cross,single_cross,0,1,-0.0010648182579055452,-0.002418681367745812,-0.0025064981825524413,-0.0021272438356598755,-0.0017831360773662985,-0.0009432343641767038,-0.0022494310426185993,-0.0033820347973985976,-0.00602586836317498,-0.0015795337005897053,-0.0026039575974543816,-0.001945368587248808,-0.00279769100840932,-0.02324447805253982,-0.08586101654038991,-0.21057122604558032,-0.067545746386382
CZE,income,1,ECS,2011,2012,1,single_cross,dominance,0,-1,-0.01698883025418541,-0.0026977440249935647,-0.00527136349951729,-0.0037049908835605216,-0.003379249561529102,-0.0016837423479717992,-0.0039929919105563955,-0.007677361706635688,-0.01392651749001228,-0.0030011370086324984,-0.004576974471634798,-0.0034702027663468943,-0.0061940646539666855,-0.07220292158056418,-0.22541693414844488,-0.7338553576924198,-0.35971824954800624
CZE,income,1,ECS,2012,2013,1,single_cross,dominance,0,1,0.006602088611422665,0.0036015652632542805,0.004671678058141393,0.00030214986592461135,0.003429389236884406,0.002342735459785701,0.006833313155485202,0.015644350464214085,0.028020233204112954,0.003045590122188399,0.00037526333103748977,0.004829236811708396,0.0009726049647907908,0.06065278909504679,0.16726227727924403,0.993765349168104,0.1720718691041867
CZE,income,1,ECS,2013,2014,1,single_cross,dominance,0,-1,0.02307124093363831,-0.005479548618601893,-0.006859214498728394,-0.0019647742907530075,-0.004429756221603895,-0.002726201182263903,-0.007344459220825203,-0.014926480765578093,-0.026702973090221183,-0.003935970826270396,-0.002446618056620914,-0.005619128437782894,-0.0035659159674309993,-0.14447375480156976,0.017862640599950907,-0.43924988920972297,0.1262665955643234
CZE,income,1,ECS,2014,2015,1,single_cross,dominance,0,1,0.04043252643994476,-0.0005917580161395875,-0.0011331152116041965,-0.0029558209014675096,-0.0006318522321035053,6.074184367860225e-05,0.0010362176215329005,0.004888768782303904,0.008887471046967632,-0.0005628417885687048,-0.0037094708157644762,0.00012510992474060179,-0.004223009309078984,0.013160128040543562,0.32422077667071036,1.0222839292515395,0.45697815990526625
CZE,income,1,ECS,2015,2016,1,single_cross,dominance,0,-1,0.03642981699972488,-0.0045986706134454325,-0.007438703020800408,-0.003199509376213494,-0.0039378621275868025,-0.0019713559347758966,-0.004383586644381002,-0.006605624355128098,-0.012043150117662993,-0.0035157978094315923,-0.004054741307657012,-0.004058345311506603,-0.006627325055748701,-0.10926845700392107,0.16158544955095522,0.27086154739704327,0.2512240778242072
CZE,income,1,ECS,2016,2017,0,dominance,dominance,1,1,0.033061146557520064,-0.005523435822450878,-0.010187737550837128,-0.010751423990140396,-0.007045639020574798,-0.003416168463265902,-0.007999645259936392,-0.01432462950685881,-0.027082085274862777,-0.006325129591026796,-0.013933983351576501,-0.007022705797719506,-0.014647839970095416,-0.04739297999208025,0.09821508138796098,-0.3390956072070743,0.11232864959725752
CZE,income,1,ECS,2017,2018,2,multi_cross,dominance,0,1,0.046236224577640685,0.0013991171940264946,0.0015635617403992885,-0.0002476519151424911,0.0005546336222472942,0.0002934345045279979,0.0005268339967611918,-8.37452754257062e-05,-0.00016251389688737294,0.0004995326089414914,-0.0003266954112688125,0.0006027237332003055,0.0005023011075810102,0.046267012342720015,0.47485643498234076,0.8699336675182643,0.6928460396036904
CZE,income,1,ECS,2018,2019,1,single_cross,single_cross,0,-1,0.0454032790025776,0.002734663325010822,0.003497081651878675,0.0031855029325726925,0.0016502980902649983,0.0005099669511655983,0.0003249916898111077,-0.002344218265368986,-0.004570114817222026,0.0014847088473303044,0.004182271932431925,0.0010477101988767973,0.005338594717566508,0.031878194427652495,0.5441536873914039,0.7204032233900719,0.8424047485513864
CZE,income,1,ECS,2019,2020,0,dominance,dominance,-1,-1,0.016880551811497297,0.009774750711485591,0.015470263915070448,0.01258584784542259,0.0110486996750849,0.005995491439220506,0.015267612778017109,0.02980064318813469,0.05535670547689697,0.009877218826935402,0.016111248090448588,0.012338747237627096,0.017216948770127194,0.08204453263624734,0.5605889020469732,2.5585257716420706,0.7843191281038333
CZE,income,1,ECS,2020,2021,5,multi_cross,single_cross,0,-1,0.05330563370611848,-0.00038631930584970275,0.00011281175239863384,0.0008932207100940115,-0.0007971309759396,-0.0009125786203686009,-0.003428916449680214,-0.009851532911016786,-0.017681179907533817,-0.0007089651627028015,0.0011190401795451999,-0.0018806205081460942,0.0023611001146408017,0.05658083757527166,0.5586901629938072,0.4941032883671639,1.0342746597063357
CZE,income,1,ECS,2021,2022,1,single_cross,single_cross,0,-1,-0.06544133522164458,-0.0033179481013786982,-0.0026735121459137146,0.0013951340551905111,-0.0016285280736445945,-0.0012972761943379,-0.003819791426561192,-0.0076556861645181995,-0.014144100041155516,-0.0014501643373721063,0.0017415319028535048,-0.002671829575664905,0.0014407022393370938,-0.04262267350114923,-0.8318863745219094,-2.026261751629498,-1.1559498739154463
CZE,income,1,ECS,2022,2023,1,single_cross,single_cross,0,-1,-0.03193801870873321,-0.001571033452761994,0.0004449696395891767,0.003393647327134597,0.00017017968903719483,-0.00036313343282970423,-0.0015335292587392996,-0.003179383286030818,-0.0059852974535056225,0.00015165136569010584,0.004204408117291003,-0.0007475692420495922,0.004464533823167888,0.015390812300297263,-0.3817122086671496,-0.893463492326191,-0.42497083702664007
DEU,income,2,ECS,1991,1992,3,multi_cross,multi_cross,0,-1,0.016566114400773022,-0.003284020437201829,-0.0030233291225904013,0.0003092591649636045,-0.001837909532446086,-0.0010079921799909936,-0.0022233488429196924,-0.002847298427065381,-0.004830008266336949,-0.0015972102162400137,0.0003531510062974863,-0.0020887744515767914,-0.0016298525219570759,-0.0807385314124951,0.07944393679795425,0.254555748571768,0.357987717674888
DEU,income,2,ECS,1992,1993,0,dominance,dominance,1,1,0.0035250617224072164,-0.005577829853309346,-0.008306153195900112,-0.011332762964445603,-0.0066110605694832125,-0.002977806458372201,-0.006467686875046202,-0.009523123891159113,-0.016451485755844986,-0.005769583799317801,-0.013160467760006789,-0.006164060645147601,-0.014969879919764839,-0.12004465321613589,-0.23791220903593313,-0.7507432667298382,-0.4236539722174335
DEU,income,2,ECS,1993,1994,0,dominance,dominance,-1,-1,-0.022057922603691722,0.006674542853637777,0.015571423327313316,0.03656950883237531,0.013214694099989599,0.004474648752836499,0.0072258777462684,0.006183502770791494,0.01073519422267366,0.011494732581059097,0.040907500387557805,0.009266243797130286,0.044263440444873736,0.23131400768581667,0.01737682475561364,-0.10167253585805724,0.8665549406167159
DEU,income,2,ECS,1994,1995,1,single_cross,dominance,0,1,0.007410550178704909,-0.0034569887682935896,-0.004702298560775087,-0.009945917388557102,-0.0039699747786346995,-0.0014889823676149938,-0.0025704541875211095,-0.001642021304698399,-0.0028312917164876605,-0.0034373136709962837,-0.010688303834914703,-0.0030859000803832026,-0.011653139138955215,-0.042160040464738646,-0.06741530905030402,0.07513974163254744,-0.09489675304018519
DEU,income,2,ECS,1995,1996,0,dominance,dominance,1,1,0.014569887368409933,-0.00480787975079533,-0.009642259240457474,-0.020312799516001206,-0.008202666323608582,-0.0030272994667042002,-0.005456876261911908,-0.006067208519462186,-0.010583930149081433,-0.00714546753998091,-0.022834592459131803,-0.006266454582629394,-0.025086333293583007,-0.10602534363168203,-0.034097947111245475,-0.11562661998904389,-0.4300230501364801
DEU,income,2,ECS,1996,1997,3,multi_cross,multi_cross,0,-1,-0.017090563523965936,-0.0006366355907482801,-0.000772839473957232,0.00013540595611369333,-0.0008075719296030126,-0.0006852863364667089,-0.0022839385500108833,-0.0056730250184137965,-0.010077919365282795,-0.0007066626911328977,0.00015689128262430518,-0.0014171215001171078,0.0007073816109294251,-0.005126604017446912,-0.28238591217647624,-1.019205142465676,-0.42862446690882905
DEU,income,2,ECS,1997,1998,6,multi_cross,multi_cross,0,1,0.033366060892969,-0.0004298084963842985,-0.0007801625323663464,-0.0013175810337580918,-0.0006738602498372048,-0.00031862518446799937,-0.0007614600091100099,-0.00136512343651371,-0.002452385948022995,-0.0005900957300034038,-0.0015293987241511986,-0.0006587166058791005,-0.0015040151675814184,0.00605771209818462,0.46764051600411527,0.8409205261727237,0.8740325822059454
DEU,income,2,ECS,1998,1999,0,dominance,dominance,-1,-1,0.027752290153540724,0.00850376107802342,0.011239885422553941,0.011040962918817593,0.009014600689199903,0.004717676293661502,0.011632975168389292,0.020625037088765702,0.03596912284065834,0.00786121041553689,0.012629023997486583,0.009764678225857804,0.01462668160812891,0.023189052348812744,0.8836589495140039,2.790478740447899,1.3015688956775016
DEU,income,2,ECS,1999,2000,0,dominance,dominance,1,1,0.01679219660475707,-0.0030772607732012514,-0.0037911953441199797,-0.003950213474843395,-0.003146458282627107,-0.0016320949984740957,-0.003985337562509683,-0.006887192629419503,-0.011762669197469378,-0.0027358316070748845,-0.004470044546285884,-0.0033809132748542914,-0.005180657599162919,0.05667335908578375,0.09701018089053015,-0.10618468424068794,0.34198286779896847
DEU,income,2,ECS,2000,2001,1,single_cross,dominance,0,1,0.0004358550167627074,0.012342052949261217,0.013556881917885066,0.0097359495993391,0.011275299664866623,0.006317399013716793,0.016172544809030603,0.029728946198463307,0.04920121054402948,0.009764105056196487,0.010922372262183372,0.013103095568200107,0.013814623151088001,0.10136414143744465,0.6916638809666136,2.7436715032361576,0.42639419574328485
DEU,income,2,ECS,2001,2002,1,single_cross,single_cross,0,-1,0.018382175650982185,-0.0004798984629121872,0.0010489282881424034,0.006043586177804511,0.0008582774133983895,-0.0002095348750341952,-0.001634630933295217,-0.005336676745184815,-0.00854469463369778,0.0007387457140016207,0.006622383657806208,-0.00043531705854341074,0.007387561965069234,-0.019696549090671756,0.2807511345287672,0.16438525065104415,0.8766174675645573
DEU,income,2,ECS,2002,2003,5,multi_cross,multi_cross,0,1,-0.005629427465124035,-0.00011614933094761248,0.00023206645422479966,-0.00019623221329581608,0.0008085091013582957,0.0008421111819911925,0.00338508831316231,0.011758272009746107,0.018675027127705746,0.0006953288738843766,-0.0002131719159926826,0.0017498182258907924,-0.001508859213532221,0.00803886429981171,-0.10125943219308553,0.8526119695479295,-0.2090071570400731
DEU,income,2,ECS,2003,2004,2,multi_cross,dominance,0,1,0.007358229396255724,0.0024311832432463154,0.0021298983669297833,-0.0008503795896220023,0.001250386588780017,0.0007234966385296082,0.0015478510966882852,0.0009348676555021029,0.0014614302344903018,0.0010742431445281142,-0.0009252155411371144,0.0015039852472926996,0.0005282389909490037,0.06423928949955116,0.2615052192170495,0.3478930781556073,0.24408664760710863
DEU,income,2,ECS,2004,2005,0,dominance,dominance,-1,-1,0.001013374819963704,0.014967828711515918,0.017658053190789835,0.0183492664381483,0.015725408933354085,0.008039599203970696,0.01968224352954062,0.0364151481657842,0.05453870057698473,0.013396101553721201,0.019461997027019895,0.0167522361924326,0.025445853054004597,0.1698808143042001,0.8654084460311822,3.127132971160279,0.9265450867186722
DEU,income,2,ECS,2005,2006,0,dominance,dominance,1,1,0.009131400570958294,-0.005619442390788432,-0.007653029265806466,-0.011599543918141081,-0.007351603172115501,-0.0035510335108803054,-0.008686861662103612,-0.017498093559769307,-0.02565187045583861,-0.00623643922022149,-0.01218159516665357,-0.007408358038563101,-0.01438597595504082,-0.04456798487578695,-0.15712892011809387,-1.1056341513134242,-0.22515464863553092
DEU,income,2,ECS,2006,2007,1,single_cross,single_cross,0,1,0.013483374594682141,0.0014000668747372047,0.0004369268383959124,-0.001331068241448713,0.0016432802002454006,0.0016796389551499008,0.006303824831943999,0.019533945559183197,0.028575161283656003,0.0013979926161356016,-0.001424327910576506,0.0035023697949845,-0.0036266076096528876,-0.10365596875123151,0.32201815743131235,2.1757691505189953,0.2620277415571799
DEU,income,2,ECS,2007,2008,1,single_cross,single_cross,0,-1,-0.01004373523958603,-0.005548350460295004,-0.005099920201214303,-0.0022019474434469832,-0.005285988684552989,-0.0034185330289567967,-0.009976254043817107,-0.023547142005955285,-0.03459827182725472,-0.004505167526703019,-0.002368453663964931,-0.007124934147455991,-0.0026617540542359097,0.032727836370409324,-0.49891146959530985,-2.3895053541550197,-0.3810071394267176
DEU,income,2,ECS,2008,2009,1,single_cross,single_cross,0,-1,0.007317656297822261,-0.0019016969468422795,-0.0006807486456825718,0.002001556046082681,-0.0011487619115130021,-0.0011879743864049025,-0.004174270113396078,-0.011232187813690814,-0.017155971258974168,-0.0009822262809172921,0.0021535410668968025,-0.0024728940944521993,0.003140911305516414,0.009125335502559118,0.019099895700790626,-0.7121213543218303,0.4198852275915179
DEU,income,2,ECS,2009,2010,1,single_cross,dominance,0,-1,0.005098460463973769,-0.002379486556694399,-0.00304308219656102,-0.0024888325707722037,-0.0026897915761014968,-0.0015026736241691013,-0.004061684970290802,-0.0093581456300309,-0.014649400255725253,-0.002304272251445111,-0.002679736454394177,-0.0031256970881932133,-0.0034781117032451903,-0.008160258131336473,-0.04835060252300494,-0.660192823359715,0.01986450517599181
DEU,income,2,ECS,2010,2011,1,single_cross,single_cross,0,1,0.004343169561950355,0.0024005220577936748,0.0010878772349817156,-0.003721763641525183,0.001270389213335693,0.0014245369250499018,0.005034760904056579,0.013662623087603604,0.021277321439006736,0.001089080735642095,-0.004044027463405819,0.0029631030503400047,-0.004673551972553702,-0.04131524255293906,0.21640758979539143,1.401229959869525,-0.08452815167357741
DEU,income,2,ECS,2011,2012,1,single_cross,dominance,0,-1,-0.00179070625485084,0.00462692246488039,0.007396037276763301,0.010441904306486893,0.005582277845485789,0.0020276871081987002,0.0030743340250967144,4.2839612481110345e-05,6.562512443475388e-05,0.004769218546121917,0.01123506173438682,0.004221626630159597,0.015692728655765098,0.18684596414066235,0.23773592593048676,-0.06432256638160538,0.6068093080639585
DEU,income,2,ECS,2012,2013,3,multi_cross,dominance,0,1,0.011917875253413781,0.0051068351550443425,0.005333150178631008,0.004223899473567605,0.005459566507067415,0.003304773098396302,0.009440795469691288,0.02239013991678729,0.033440776260641125,0.004638699140129099,0.00444830688399489,0.006890471686052724,0.004921888487263215,-0.01909479539519099,0.5167297911193778,2.4270312133593137,0.5600652592933599
DEU,income,2,ECS,2013,2014,1,single_cross,single_cross,0,-1,-0.00035660256977642046,-0.006215083030459201,-0.0036937111280490598,0.005128931435441991,-0.0038622480481330934,-0.003380120966921904,-0.010909589421332883,-0.02617417248098719,-0.03926313075190624,-0.003278921991024697,0.005328866848025637,-0.007047428298467412,0.006285425888258089,0.10401018312907029,-0.3728131205178258,-2.3279408945637883,0.3450174675916067
DEU,income,2,ECS,2014,2015,1,single_cross,dominance,0,1,0.031052745164337706,0.006048352869360951,0.006447697457086954,0.0033928881822967993,0.006785947604696391,0.004409866279847505,0.013247817341713403,0.033523532728128885,0.04989004488683613,0.005752638907135399,0.0034822142776715914,0.00919698568570751,0.00367377629670107,-0.05466972784300239,0.9396379405093356,4.234826865394332,1.2602597736499455
DEU,income,2,ECS,2015,2016,1,single_cross,single_cross,0,-1,0.02054503791981417,-0.0008503823936262811,0.00030650745205274,0.0038943353911705947,-0.0004097177483926018,-0.0010541423161117003,-0.004590179850323006,-0.015322755665477805,-0.02234547890754135,-0.0003462230505354158,0.00395546589410628,-0.002200470662987397,0.006125242329387992,0.08349892860695363,0.34320251910681066,-0.507135003110065,1.0410086443595965
DEU,income,2,ECS,2016,2017,2,multi_cross,multi_cross,0,-1,0.008613127172481305,-4.816955858077954e-05,0.0011331034767773085,0.0099210940846588,0.0025146873246238988,0.001032971697336696,0.002905315738553099,0.009012328522211815,0.013230790376550727,0.002122746908077122,0.009881709652748594,0.002156265593300899,0.008244780897654125,-0.07977132873620629,0.16496483180935684,1.190013974478667,0.6257335414956842
DEU,income,2,ECS,2017,2018,1,single_cross,single_cross,0,1,0.03812458177372288,0.005660458144835068,0.004870101847942121,-0.0024256668933042846,0.004885106905503395,0.0036039838954035064,0.011275182273134704,0.029388662629177498,0.041479051271307465,0.004108485598773776,-0.002390569862147085,0.0075326188697393825,-0.0018911719471016997,0.007302831943427179,1.1290378563324879,4.369257757979291,1.4430268216071411
DEU,income,2,ECS,2018,2019,0,dominance,dominance,-1,-1,0.015272806683552048,0.0032376279345298076,0.004659098193538491,0.01132240946919219,0.005872337815050893,0.0029834728852135978,0.008310471371562794,0.022536056066927712,0.030274329449196613,0.0049122783818537075,0.011021159248858492,0.006246945153062011,0.011253754086772483,0.10002642159190245,0.532495829557412,2.728141055466139,1.1051686177629634
DEU,income,2,ECS,2019,2020,1,single_cross,single_cross,0,-1,0.04505384583178372,0.002940884905411223,0.00554166717240101,0.03351450859487842,0.006795929086425512,0.001352333239138498,-0.0002250210918950113,-0.0109637161770203,-0.014574666862970376,0.005648980954255506,0.030687760420789578,0.0028349525224195815,0.03181815391631482,0.08125059099856013,1.1821563553505712,1.3041526184492511,3.056282782020581
DEU,income,2,ECS,2020,2021,0,dominance,dominance,-1,-1,-0.0049443000730349075,0.010750724014899404,0.015428817708132758,0.1280947407037799,0.02281197870312751,0.007492384866351107,0.014308418441952797,0.020770893417315472,0.027378870963959634,0.018683727947077206,0.095848070382206,0.015744927449199003,0.0852130131926232,0.14555274799152773,0.6281133960459044,1.627597225845058,1.6798247332744793
DEU,income,2,ECS,2021,2022,2,multi_cross,single_cross,0,-1,-0.02562360041169189,0.0008094875357989584,0.005285925021351168,0.09144662625884026,0.010920867756192498,0.0026452754835058906,0.003861636660452722,0.006940351783975007,0.008934501095631098,0.008794789972502381,0.05302533393810721,0.005574543082212197,0.051962636147855124,0.23875063119059448,-0.529046908891992,-0.7441867821642347,-0.09475550283352874
DNK,income,0,ECS,1987,1992,1,single_cross,dominance,0,1,-0.0171577402579987,-0.015447816302819217,-0.0205721041263337,-0.030566947684680212,-0.013278781303103102,-0.005989788278587205,-0.012550757996532394,-0.0148818062192356,-0.028462823198841525,-0.011714778668260303,-0.029306400858813864,-0.012338551482665105,-0.030823693341056002,-0.18939821395792533,-0.950192392926331,-1.7951098053091492,-1.2118964341972234
DNK,income,0,ECS,1992,1995,0,dominance,dominance,1,1,0.03575864863287204,-0.017351700902572015,-0.03678899897487775,-0.1091693281102891,-0.029706816717316592,-0.010233318879777797,-0.017683743495821108,-0.0190654761950608,-0.03897833414634183,-0.026778051264474495,-0.12913080917718062,-0.02098986715085789,-0.10613018757213838,-0.1790703146903323,-0.42785099193371856,-1.0402802462366694,-2.158327572431727
DNK,income,0,ECS,1995,2000,2,multi_cross,dominance,0,1,0.0658091237600639,0.008122897577071908,0.011231715530133246,0.0052441173538994995,0.0051447714617225,0.002481394593739396,0.005045480469441199,0.004995535418171396,0.010519120461506104,0.004694691182486901,0.007271876075406414,0.005079302769140287,0.009657917424821694,0.1186941538859867,1.1964628654415161,2.1277008301363765,1.9059431566318725
DNK,income,1,ECS,2003,2004,0,dominance,dominance,1,1,0.017369781882965746,-0.007154138496205109,-0.009603739941264067,-0.006071586667117296,-0.006717162118718201,-0.0039500318287672975,-0.01057942662678249,-0.021753177030271298,-0.04129341145271215,-0.006010178923317094,-0.0075589755276174175,-0.008123193493144498,-0.007917023387997907,-0.02096387928355714,-0.14350387772672946,-1.6669430124834363,0.1948774449140256
DNK,income,1,ECS,2004,2005,0,dominance,dominance,-1,-1,0.01144809396508637,0.0027418943162509923,0.0048198504179930435,0.006534677132270905,0.003705107868136201,0.0018222922293835986,0.004409247733054997,0.008247501982691002,0.016040453802755317,0.0033201363424879976,0.008129599514423602,0.003745414841191494,0.007784001413884106,-0.037194327202995314,0.2950467746131906,1.1535876798584042,0.6065356837594003
DNK,income,1,ECS,2005,2006,1,single_cross,single_cross,0,1,0.03101228140239086,0.007168304959056293,0.007923209530666164,-0.0012516058712720157,0.006200400543705298,0.004684082582961199,0.014618388691993292,0.0371207065043169,0.0668124872441177,0.005528716251674906,-0.001544151456988191,0.009643930332316211,-0.0014057706997049058,0.004615180780143557,0.8107918574311714,4.516862949963965,0.7882713462117543
DNK,income,1,ECS,2006,2007,0,dominance,dominance,-1,-1,0.018206658198389562,0.0027125447828348914,0.004570433818729236,0.013092428335747697,0.004464378841609204,0.0017266981514906035,0.0034513959707044017,0.004729831350083619,0.007976245299870621,0.003959582848985496,0.015857938131664306,0.0035611029876653905,0.013859457952570403,0.025928471306875256,0.4103973489306103,1.0339866305282825,1.0115544390035893
DNK,income,1,ECS,2007,2008,1,single_cross,dominance,0,-1,-0.010544956890954242,-0.009312852966344487,-0.011077179136908755,-0.0032771349235533875,-0.008559004822172603,-0.005656927397186505,-0.016457433351685494,-0.0386087996993367,-0.06861722412852533,-0.007606795939716998,-0.003909034213200019,-0.011654559930858593,-0.004690045875268389,-0.003925935917904244,-0.6647253183020325,-4.121919679195493,-0.4538779994121924
DNK,income,1,ECS,2008,2009,0,dominance,dominance,-1,-1,0.014514332078739207,0.014528442850379297,0.02487731151336925,0.063051810746972,0.020549868627228005,0.007974986666146398,0.015757576958632405,0.02202466453981658,0.04015875094763566,0.018154741849274195,0.06886738481077412,0.016440421800302904,0.06288557729166028,0.21265019881024427,1.0136040690859254,2.665824782860632,2.498992914293371
DNK,income,1,ECS,2009,2010,1,single_cross,single_cross,0,1,0.04839317045890991,0.0050012569249504035,9.349761605714768e-05,-0.05913797893650441,-0.005937899251531209,0.0005274496952613061,0.005595787596212182,0.01564054061311021,0.026875756036482734,-0.005207555415892295,-0.06420346036627672,0.001089798153700805,-0.048875971744878066,0.04190170718871444,1.0312157994265334,3.1471362601199218,0.1255435075631972
DNK,income,1,ECS,2010,2011,2,multi_cross,single_cross,0,-1,-0.01607245390758202,0.0011150660748646124,0.0020641477336630354,0.009473858288669201,0.002847973775843421,0.0010832031678656984,0.0023609333343095062,0.004649909149395004,0.007759227875135388,0.0025015405031457993,0.011060256246565509,0.002239039081173677,0.009396353596929585,-0.07017197690019605,-0.18957932509585262,-0.10879063654923016,-0.18478288093589512
DNK,income,1,ECS,2011,2012,1,single_cross,dominance,0,1,-0.005976993256376487,0.004661547545543876,0.006290056606066408,0.0075571236986194945,0.006739559706578496,0.004031674044833997,0.011953658998330896,0.03284051821223949,0.05218999271291713,0.005891445261315992,0.008597205512360179,0.008345097488353714,0.008211920833505582,0.020358006108179172,0.17332429602210198,2.7829332403061997,0.18407583871945477
DNK,income,1,ECS,2012,2013,3,multi_cross,dominance,0,-1,0.02407255991018704,0.007570942659889834,0.009606262265703158,0.020383296101526116,0.007671644464050303,0.003124148307584798,0.006073412284150509,0.005293872349786094,0.00802881954685497,0.006658090273642808,0.02224572549827003,0.0064790498151112985,0.020889014815278217,0.17369241043891792,0.8318445542578132,1.3860006592273706,1.365212209955402
DNK,income,1,ECS,2013,2014,4,multi_cross,single_cross,0,1,0.006859542438609433,-0.0018748984062122442,-0.00020893722265935555,0.0014644336743364905,0.00023039667612897996,-0.0003139330291378889,-0.0015579552836332,-0.004687644231757576,-0.007104418692979286,0.0001991684073288924,0.001547530459252211,-0.00065154565242459,0.004015420266314296,-0.10053167650289607,0.0044091871244305025,-0.15184096042677453,0.5984160730279129
DNK,income,1,ECS,2014,2015,1,single_cross,single_cross,0,1,0.00962788353181767,-0.0018982069105535904,-0.007492264838536933,-0.027342395202806707,-0.004400882104307197,0.0009856877325757907,0.0098985336462033,0.0477363959327769,0.06910113257036454,-0.0038123251523586033,-0.030024651761029003,0.002046094839958601,-0.03450891919601329,-0.13687751886225064,0.04870599248996754,4.498028870796702,-1.0974288656364095
DNK,income,1,ECS,2015,2016,1,single_cross,single_cross,0,-1,0.016685678232869972,0.0001743102322367407,0.0018736755006566463,0.004500461180019205,-0.00010519526526389655,-0.001046386755349099,-0.005260403192194202,-0.021818877973413697,-0.030730616832649993,-9.13323274708e-05,0.0051115095603839755,-0.002172058636469326,0.007293639383056272,0.09644123385642134,0.2930761790970031,-1.1361732568915102,0.9246543405166925
DNK,income,1,ECS,2016,2017,1,single_cross,single_cross,0,1,0.02391885340720794,0.005634595008611354,0.004315433792218659,-0.009604432993371798,0.0013282071917483929,0.0014991386504843024,0.004289071336917694,0.006879442808652381,0.009834009461794357,0.0011524673158377075,-0.010993324979198,0.0031122472308738047,-0.007202348967858707,0.07638804422207679,0.763645132685383,1.6311986842968977,0.40664464353531926
DNK,income,1,ECS,2017,2018,1,single_cross,dominance,0,-1,0.009666450474181548,-0.00580194963074937,-0.006413600949698339,-0.0006874376720948094,-0.005589655519381481,-0.0038443826285891047,-0.011802461610173981,-0.03225878544677349,-0.04738498364495647,-0.004860419216296291,-0.0007992025750619969,-0.00797599561760759,-0.0014126169506455954,-0.010476055551222885,-0.19066476310894132,-2.5477508733042455,0.3020118708963402
DNK,income,2,ECS,2019,2020,1,single_cross,single_cross,0,-1,0.028013326114748188,-0.0021515141129505033,-0.0008763519464251024,0.0019995024829610186,-0.0030377957285565027,-0.002941719374559601,-0.01086559931008721,-0.0348554663520218,-0.053314900089873274,-0.0026566874571919002,0.00232282954079438,-0.006091759597867313,0.005085703481038484,0.08792293637765214,0.3548382229764826,-2.227092210872975,1.384308992729494
DNK,income,2,ECS,2020,2021,1,single_cross,dominance,0,1,0.02499986012402072,0.00818078193521432,0.008147430831427993,-0.0031151188938657037,0.00626285509862029,0.004586945524070393,0.013858181313431805,0.033984935787252396,0.05203429961021555,0.005468327188678804,-0.003625019072913377,0.009502915723673205,-0.0017250696708632218,0.07508255508557582,0.9900406797132,4.466431422945057,0.6819414243487465
DNK,income,2,ECS,2021,2022,0,dominance,dominance,-1,-1,-0.04147285911064552,0.009223026102177678,0.01415374721539775,0.038305185634785494,0.0164429430529896,0.007944592493427008,0.021495926638047114,0.05959996200299533,0.08271996108510327,0.014194998870294295,0.04230921458096057,0.0165146913172744,0.03753380048245403,-0.028569058699934313,-0.17520603365412413,3.424667237988899,0.17752055126670996
DNK,income,2,ECS,2022,2023,1,single_cross,single_cross,0,1,0.011202238808150385,0.006638955382742007,0.004776862363652379,-0.003989883236529795,0.006565026438581506,0.005488408643109496,0.019252364255772897,0.06429706951789155,0.08017583998763178,0.005602631508073691,-0.004187220012884074,0.011450542307843092,-0.00598757546964912,-0.036391309692449525,0.6350109118220075,5.69034781153934,0.10053398929873936
DOM,income,3,LCN,1996,1997,0,dominance,dominance,-1,-1,0.09095485207119565,0.014652466853339874,0.01195218679689558,0.14543412230081487,0.035514367290245874,0.01587155352462541,0.05061870833404558,0.19733710545617011,0.1609473400095074,0.0232904673099234,0.04718841505522897,0.035325453759939285,0.07313083113863161,0.358531333814339,0.7239569067674614,3.3769591732860835,0.7213802453892249
DOM,income,4,LCN,2000,2001,0,dominance,dominance,1,1,-0.040287352117444865,-0.01504414858500469,-0.013578547807132635,-0.15204991408138935,-0.04071434496890736,-0.014951292873138483,-0.03989333258316807,-0.1320947995079541,-0.09956910982780065,-0.02570552009261129,-0.05148909368662724,-0.03368749543277888,-0.10316117887973031,-0.830483373948578,-0.48491750199620665,-2.0914787072521968,-0.49459910164371834
DOM,income,4,LCN,2001,2002,1,single_cross,single_cross,0,-1,-0.029478994023628944,-0.0032773870423828955,0.0032430823259337327,0.11071942470584628,0.009517832888238986,-0.0009394625403097157,-0.009818503503705112,-0.03230923202907232,-0.025559071706500847,0.006103274432704087,0.03873075162135842,-0.0021061333711274166,0.07537823624557216,0.7233419414609159,-0.23703689565899122,-0.829177231118436,-0.2471572469922334
DOM,income,4,LCN,2002,2003,1,single_cross,single_cross,0,1,-0.11465395381406822,0.024401532621420752,0.010849458518964461,0.004848706119077839,0.0362884904468454,0.0224223477928554,0.07827697839714859,0.278789979138397,0.20586267790483959,0.022744123170348074,0.0015401895729723059,0.0506114968994984,-0.006187063757409961,-0.40970772202838646,-0.4163614702876517,0.6243847747827367,-0.3906695054598259
DOM,income,4,LCN,2003,2004,3,multi_cross,multi_cross,0,1,-0.1604163583276037,-0.000850063048271954,-0.0020375775073064872,-0.05096841456859802,-0.006421359686573924,-0.0007428719810879947,0.0029200085648183327,0.04470455379711802,0.0303624184401885,-0.003964775905190676,-0.016809198228536104,-0.0016884564974510852,-0.03253840483268444,-0.2194780721611611,-0.9034945057020138,-2.204462665783911,-0.8533196742139428
DOM,income,5,LCN,2005,2006,1,single_cross,dominance,0,1,0.13101033692408473,0.019869112159417224,0.011249397465576627,0.043183278230102706,0.03602290051708912,0.019458512298232283,0.06663881116983217,0.2681015050128681,0.1923672944646988,0.022805668063643203,0.0159880311220566,0.04390924888930625,0.02600453548566406,-0.017109975105590536,1.0552048003749848,4.571666888352365,1.052483230221677
DOM,income,5,LCN,2006,2007,0,dominance,dominance,1,1,-0.08855250808649573,-0.030908341805215123,-0.020460939206347284,-0.09151325127243237,-0.058612528504098704,-0.028212707170505585,-0.08773474763927819,-0.32116660197698277,-0.23393056332565298,-0.03753172585120118,-0.03538056760791708,-0.06348827984709615,-0.07299033374591413,-1.0837036300057346,-0.9396207851238536,-4.424456986652798,-0.9363066699571361
DOM,income,5,LCN,2007,2008,1,single_cross,dominance,0,1,-0.03567726125247369,-0.007467215319085008,-0.006989952671372257,-0.04973082533299955,-0.016976546449826768,-0.006092751848608108,-0.012920473950703282,-0.014699613364429931,-0.011759037440371323,-0.011287933296918296,-0.021831351878142224,-0.01356379182459122,-0.04232637384039495,-0.48288208634227914,-0.2893137468219322,-0.6587153439698135,-0.28733480497949104
DOM,income,5,LCN,2008,2009,2,multi_cross,dominance,0,1,0.07757079631118051,0.0076722596859269965,0.005021043165879702,0.01777942357718132,0.012415064277056187,0.005355778446732518,0.012128371641136393,0.009685264239638558,0.007760193010644789,0.008273745310251879,0.008040163911331222,0.01192040290947638,0.018865010316503228,0.32126786366858084,0.5403750807069665,1.2484023902707317,0.5365023978418901
DOM,income,5,LCN,2009,2010,0,dominance,dominance,1,1,-0.014286080333916701,-0.015406034074422315,-0.010305045786080047,-0.042921146624212536,-0.028147266309939523,-0.01515232760841681,-0.049341501029077084,-0.16389591963685035,-0.13858258746704455,-0.018906761650854975,-0.01988928209893881,-0.0336231596692414,-0.027431516430077574,0.10813534937602931,-0.2743794022662813,-1.9152596354846771,-0.2873329543533707
DOM,income,5,LCN,2010,2011,2,multi_cross,multi_cross,0,-1,0.03700925302403953,0.0037483851685622405,0.001863151291606302,0.01162160465879114,0.007594823096129133,0.005827327174645791,0.0245020600402579,0.10384132586364792,0.08965778515551737,0.005154044966193483,0.0055491368294590115,0.0128938260390426,-0.003160861565708495,-0.8997250199204894,0.26569839748115953,1.6513070889263872,0.27014054870788673
DOM,income,5,LCN,2011,2012,0,dominance,dominance,1,1,-0.04485919830588967,-0.015653966377262407,-0.011373553704219552,-0.042242654323337736,-0.026636884131124194,-0.012688405365438998,-0.035717165973798815,-0.09836341930343218,-0.0847484844931703,-0.018249908390415404,-0.02079605313738181,-0.02801638871736767,-0.03788873554759564,-0.03308707286221946,-0.455408949773461,-1.698208128435878,-0.4539995325511428
DOM,income,5,LCN,2012,2013,1,single_cross,single_cross,0,1,0.05479792314669274,0.015150813039206068,0.008641125966337038,0.017516141801827145,0.02215407882748488,0.012333994341108795,0.037959317882353516,0.11106979270640394,0.09526453894498577,0.01521249452128881,0.008835480407799301,0.027230886440947566,0.014021512468167407,0.07538408848363076,0.5093994633558125,1.9855125361905976,0.514931416283567
DOM,income,5,LCN,2013,2014,1,single_cross,dominance,0,-1,0.0360591556317063,-0.0336521436839024,-0.0205634260739469,-0.044266884096243464,-0.050226186742648116,-0.028709707320728084,-0.09006678014102881,-0.261334522530651,-0.2388549534528125,-0.034979169417332534,-0.022951188921612575,-0.06307310016971357,-0.03094153397340249,-0.05556191617742634,-0.22304453936435742,-2.60300452047964,-0.24066981286928213
DOM,income,5,LCN,2014,2015,0,dominance,dominance,-1,-1,0.09334306501690914,0.00888753614597404,0.005924709644777204,0.013460463494424812,0.014708263960744095,0.009802037901455507,0.03585003207220899,0.13289051025660964,0.12794436103483664,0.010425852741673736,0.007199712673436609,0.021411866367500976,0.0023426476886940772,0.09246818394225098,0.7051529306010949,3.1338858001358343,0.7225579881491364
DOM,income,5,LCN,2015,2016,1,single_cross,dominance,0,-1,0.06886404181746035,0.005478754467338476,0.004961445352588467,0.024234500121401215,0.00958157568533663,0.002970721663773379,0.002748378177182098,-0.024717674231564457,-0.022649628158792012,0.006709812442618979,0.012472831433449794,0.0065141700208561915,0.026244504524571943,0.06719779503775847,0.5552350183636907,0.7928224387281197,0.5943507382590676
DOM,income,6,LCN,2017,2018,1,single_cross,dominance,0,1,0.09319057790648066,0.014774852399082827,0.00945612511844307,0.013550343373962215,0.02139669664232463,0.013538870124593483,0.04687627705003111,0.18012287778396585,0.15479652200715632,0.015658181404704596,0.008769473169538577,0.029456877461731812,0.007390805087836405,-0.07454167008969748,0.8487407656617698,4.081722558077281,0.8644685522704032
DOM,income,6,LCN,2018,2019,1,single_cross,dominance,0,-1,0.014467506670127339,-0.01742972039439933,-0.011793928988442781,-0.02141953887372522,-0.026783447569843744,-0.01687215580685389,-0.05894354925020262,-0.22956592984252455,-0.20131123975267196,-0.019653300021781284,-0.013988441212063496,-0.03667320786569922,-0.011740771171526831,0.008590844793047836,-0.18383996039670691,-3.0219139842583225,-0.16946002065059407
DOM,income,6,LCN,2019,2020,1,single_cross,dominance,0,-1,-0.12531155429405472,-0.022809346370176176,-0.017283840060595135,-0.02833980440585021,-0.030458236218086077,-0.0170619652711628,-0.0499814164380894,-0.131544437354151,-0.1353291809547016,-0.022998919645163013,-0.019609440763042607,-0.03671966700042395,-0.028072888735664714,-0.06106248617098675,-1.1439781163315343,-3.9830324064337557,-1.1812574813367003
DOM,income,6,LCN,2020,2021,0,dominance,dominance,1,1,-0.0340231809428735,-0.011060036955585606,-0.012582216627182508,-0.034450829635507385,-0.016861365556902097,-0.006583730481869901,-0.013138583615390498,-0.016507071679677576,-0.01844060272614123,-0.013036442932125775,-0.025705258240426687,-0.014072935540030918,-0.041043921701587494,-0.614484032283344,-0.34783833803691255,-0.6985252537880573,-0.3476731517354379
DOM,income,6,LCN,2021,2022,0,dominance,dominance,1,1,0.023187398077997693,-0.015403257232090517,-0.012607151743691647,-0.01944862567935013,-0.018951575793556608,-0.010619757598031493,-0.02988133732907361,-0.06917651184327533,-0.08186620196282979,-0.014917282914686414,-0.015511525561774375,-0.022589431631700102,-0.019771586324621393,-0.01094017908619982,-0.09454631663961699,-0.8848109832654227,-0.09859739352837149
DOM,income,6,LCN,2022,2023,0,dominance,dominance,-1,-1,0.12123541990689861,0.014114390293091805,0.016991780077695418,0.0466930982240954,0.023224641700193116,0.010049562914524093,0.02377483238551381,0.0488861980740235,0.05865935464535954,0.0182418465896598,0.03601656027614347,0.021373106608324893,0.0516657180063797,0.4511048290246311,0.913780790954279,2.44135891560952,0.9579173060982007
DOM,income,6,LCN,2023,2024,2,multi_cross,dominance,0,1,0.1149676493126284,0.005747232446490891,0.0048064599976582745,0.0052734286053189305,0.006110659362302373,0.002774751823958102,0.005695925796249501,0.004364567046871104,0.0050443241382329695,0.0047296465495133,0.003814209931459922,0.005922747506114379,0.009676279836606128,0.171123739119321,0.8632385884411802,1.7973232153209366,0.9541890276224692
ECU,income,6,LCN,2003,2004,0,dominance,dominance,-1,-1,-0.018218770199354358,0.0036805884027328872,0.0024822312115275746,0.08459068419055182,0.013135777460188347,0.005522200309596492,0.020751248038266,0.10422560248450452,0.07091927162320788,0.007679914625409179,0.018545973755537126,0.012668007529342606,0.032808118761634475,-0.3091327678114961,-0.05891307064468965,0.42666688181732937,-0.0473610119401644
ECU,income,6,LCN,2004,2005,0,dominance,dominance,1,1,0.17132359849402878,-0.008263594523934992,-0.004377191174134154,-0.0890833299206526,-0.020957767074817335,-0.010085220729064204,-0.036941520842200815,-0.16229169045245317,-0.11199486078435639,-0.012301242170392301,-0.019590895235938155,-0.023101086681100558,-0.033705450104897894,0.4483587672983269,0.8697332530763058,1.4206706054854017,0.8120531051992503
ECU,income,6,LCN,2005,2006,1,single_cross,dominance,0,1,0.09556630496393877,-0.008354764836481232,-0.009814643675072121,-0.1641138990650668,-0.029347052077904334,-0.004682521644362808,0.00929376159441997,0.15435800016603496,0.10671438206479511,-0.017664430125877706,-0.0431216031841426,-0.0106741156636741,-0.121398894645535,-1.743805732406491,0.49985472587615387,2.92261353892275,0.4960171968664735
ECU,income,7,LCN,2007,2008,0,dominance,dominance,1,1,-0.04521895550566658,-0.03554264869951246,-0.020754559868141453,-0.12027418546484125,-0.06750370954730428,-0.033159983023657996,-0.10543769043848322,-0.37014711999453653,-0.2700128753965423,-0.04146702533884489,-0.03255470765147772,-0.07512121296310426,-0.07333944270924797,-0.8935627070713998,-0.7583121670893398,-4.278606478992778,-0.7758334608174806
ECU,income,7,LCN,2008,2009,0,dominance,dominance,1,1,-0.0371032803358629,-0.012884821907145072,-0.010545928121973414,-0.10187184972017693,-0.029172917907639706,-0.010400070289766195,-0.022914419786514095,-0.03741923356530963,-0.03065858210815975,-0.018805337055590676,-0.03268478333398883,-0.023236897423205394,-0.07334295342343411,-0.8509223057304087,-0.38465701349250114,-0.9391304457445528,-0.38923256075474244
ECU,income,7,LCN,2009,2010,1,single_cross,single_cross,0,1,0.10143266975834925,0.002990212577830609,0.0006869102966994278,-0.025261111238255696,0.0015423648450558214,0.002450217846331093,0.010240096509442465,0.04022804031602112,0.03292928129149608,0.0010080287316318604,-0.008983103080027588,0.00546097077071922,-0.016395858108725125,-0.05209111982985526,0.6681431844229682,2.0039726777774263,0.6771251713341129
ECU,income,7,LCN,2010,2011,1,single_cross,dominance,0,-1,0.03242769594503795,-0.02917527744452869,-0.0183525248961125,-0.02855715656264346,-0.04489239736820111,-0.024269729544485502,-0.0743077280160801,-0.21830931142234422,-0.19106686100736847,-0.029985297106142283,-0.010632682401015003,-0.05373035865476222,-0.031943818409266855,-0.24003359934015478,-0.18893930479476317,-2.103084279150636,-0.18390993403566647
ECU,income,7,LCN,2011,2012,3,multi_cross,multi_cross,0,1,0.0633538937813509,0.002325448876827174,0.0018127133309117083,-0.02537672447826478,0.0032282114946183826,0.0027997000252104054,0.010741552018786515,0.04231817742519173,0.03966535944689786,0.0022014484540758827,-0.00990380631914356,0.0061576771942375985,-0.008904027392361957,-0.024951281915193135,0.45044972399058025,1.5366459906497276,0.47598983395244954
ECU,income,7,LCN,2012,2013,1,single_cross,single_cross,0,1,0.03427083278864739,0.007535740328240226,0.0011181835354462377,-0.04969339061626976,0.0021432178780894096,0.004937968688293798,0.019948052304703423,0.0633084491833189,0.05677380915589869,0.0014576268796205327,-0.020755102282712046,0.010886103154830185,-0.03881924796114411,-0.47687381708514387,0.35278996279662866,1.428710569960046,0.362079790106991
ECU,income,7,LCN,2013,2014,0,dominance,dominance,1,1,0.011193824887409793,-0.018676464383059532,-0.01451776951537087,-0.05890783884307327,-0.03153494866591661,-0.013674341656987804,-0.03395095664548342,-0.07175085189260377,-0.06457053183857009,-0.021765688956851326,-0.027247427950714442,-0.03006659873865708,-0.05637335343436056,-0.6517636441235348,-0.208296832378438,-0.8020615023615463,-0.2117166138808999
ECU,income,7,LCN,2014,2015,0,dominance,dominance,-1,-1,0.00703341666416464,0.009543545208092696,0.009642071880650471,0.07390366435180562,0.021843917113505917,0.00784637433438612,0.017530798779123724,0.03659993871251066,0.03340572390727692,0.01514976269926549,0.033711005656943405,0.01722189665913687,0.059675149355550294,0.3406383157827735,0.19779367682259252,0.6382948402890953,0.2118626610401284
ECU,income,7,LCN,2015,2016,0,dominance,dominance,1,1,-0.02083797518015888,-0.009313307046748098,-0.006916617354789767,-0.027664080283939185,-0.014963356487841695,-0.006915663381254017,-0.01850711128190813,-0.04651587072484742,-0.042635849619325095,-0.010342026720111086,-0.012066836174152495,-0.01518333830298596,-0.023615179706279688,-0.2202189136078161,-0.28965225927015936,-1.0079846396084662,-0.30351258579975493
ECU,income,7,LCN,2016,2017,0,dominance,dominance,1,1,0.02816430088624647,-0.0034343574264408816,-0.0028762823571029106,-0.020155744437698964,-0.007218948592985441,-0.0033960348079615787,-0.010203218458345709,-0.0317238521535923,-0.0300801024464199,-0.005045036349477505,-0.009197282328268996,-0.007432926937962936,-0.01356738007123881,0.015375922923121621,0.1421841821882106,-0.0058612725140143596,0.15977401369594624
ECU,income,7,LCN,2017,2018,1,single_cross,dominance,0,1,-0.0023233872641280503,0.007684123769080675,0.005858872309022378,0.014607250262514304,0.011752536941282199,0.0052950507775887945,0.012853484545141236,0.023355690494761827,0.022228276001851288,0.008194813527187206,0.006700621584273647,0.011595921050144842,0.018033372198349995,0.5646877525481298,0.1040621887769877,0.310198538082755,0.10757201728979116
ECU,income,7,LCN,2018,2019,5,multi_cross,dominance,0,1,-0.017930270573817436,0.0027035485277076,0.0021768179042325198,0.001276567384387084,0.004168579175907128,0.0019520110348683894,0.005047914657611896,0.012653543584693283,0.011850558594103555,0.0028836071519063866,0.0005767493111569211,0.004284127342086386,0.005225745967723183,-0.17302017232208655,-0.08478257587341176,-0.11320145662238801,-0.09663005909025557
ECU,income,7,LCN,2019,2020,0,dominance,dominance,-1,-1,-0.11736227809292377,0.01595801962856852,0.014132763674600257,0.08810365643270712,0.03464601358335673,0.014149664362809206,0.036266423413616466,0.08969005148400999,0.08051587402857296,0.023506839130010504,0.03668612489521561,0.03120654332797418,0.07498355446318339,1.2201580403875685,-0.5597907348875815,-0.7274432050722499,-0.603392024571697
ECU,income,7,LCN,2020,2021,0,dominance,dominance,1,1,0.0709954479807486,-0.015030082338870487,-0.014753361856607028,-0.10253388422132703,-0.03600320791060202,-0.013924233462347807,-0.034868260741879986,-0.09074925434432646,-0.08150283982699769,-0.024444356470908202,-0.04328825868427455,-0.0307114599440399,-0.08694511691153683,-0.8050476739811092,0.2550744440641415,-0.035255440972523644,0.27280165500436926
ECU,income,7,LCN,2021,2022,3,multi_cross,dominance,0,1,0.0347681379235602,-0.003403106906530229,-0.0023830777745249554,-0.006452281586258435,-0.004836062226735494,-0.0019578938339918917,-0.0033819952624652982,0.006612813135675744,0.006147044857004458,-0.0033509997278897696,-0.0030118042817389723,-0.004297614225912516,-0.008309416472710551,-0.6672350223823074,0.18606323138931913,0.6507169235955583,0.20007699591941108
ECU,income,7,LCN,2022,2023,2,multi_cross,single_cross,0,1,-0.018804196808237507,-0.008770037732879765,-0.005373791678929485,-0.01713027719618143,-0.012985024964572933,-0.007822563968949897,-0.026166506418229707,-0.0845496467797312,-0.08144479092744106,-0.009078157828699807,-0.008181943989718055,-0.017120371899550568,-0.00721647035533024,0.33108377721752014,-0.259523009505215,-1.5206791486912596,-0.26325541805510966
ECU,income,7,LCN,2023,2024,2,multi_cross,dominance,0,-1,-0.04064211938457993,0.006127637099506866,0.007457776535740646,0.03995525722744375,0.01599538460181682,0.005671716095999008,0.012099578954949897,0.025489167930602075,0.025236350300588684,0.011165997193159194,0.01867080563280743,0.012405050253294192,0.042377239141553225,0.6342587234396309,-0.17698771479182884,-0.23114493204904107,-0.1907535824997213
ECU,income,7,LCN,2024,2025,2,multi_cross,single_cross,0,-1,0.11367477790430733,0.007250126459698525,-0.0006792470660234029,-0.03533116123139024,-0.00038868846295109227,0.004085837159115591,0.018270648202509232,0.05267771783142283,0.050275835639069566,-0.0002692222189467075,-0.016435096280793537,0.008962630641805414,-0.042348172338320444,-0.6558179915635947,0.8953896457197699,2.570601191068702,0.9510129056437346
EGY,consumption,0,MEA,1990,1995,1,single_cross,dominance,0,1,-0.03232900084385658,-0.019255489452140118,-0.02772840770602203,-0.025352890983179915,-0.017893225342768493,-0.007324431327575695,-0.0126265554869886,-0.0019905084387478733,-0.0026643846872702603,-0.015301263729885717,-0.029408259863009406,-0.015284240898073315,-0.041425091047944784,-0.47306250398765837,-0.15963606270743846,-0.14617108768794118,-0.06477330870342024
EGY,consumption,2,MEA,2004,2008,2,multi_cross,dominance,0,-1,0.005947803258754015,-0.0074778079773317185,-0.007994780170447524,-0.0072928017704328996,-0.006165000221247496,-0.002698810759294998,-0.004825761465627992,0.0008263743927213185,0.0010654378098283734,-0.005237948701122375,-0.008270272031635717,-0.005642787403557004,-0.012249611497459123,-0.14644654040867433,-0.032976901550640925,0.03339911034255305,-0.011755774942954766
EGY,consumption,3,MEA,2010,2012,0,dominance,dominance,1,1,0.02154745210659503,-0.01895250914803409,-0.022291180766058072,-0.0178298361119833,-0.017980639787021108,-0.009647577269802601,-0.024276884506475804,-0.04691266907390623,-0.06859170106876733,-0.015633245467905302,-0.0217278517536654,-0.02003571653418129,-0.025909523767163406,-0.24312422370822118,-0.08374973975369149,-0.35640215995434943,-0.06490642075362485
EGY,consumption,3,MEA,2012,2015,0,dominance,dominance,-1,-1,0.08036843731133408,0.03517063501659862,0.04022321119495753,0.034662017981771404,0.0373481417331267,0.021316844535934604,0.058592232307204006,0.1395446243492185,0.1876887804711609,0.032160796468656896,0.0411729547161947,0.044410506382363185,0.04500256190900767,0.24544283127220767,0.41324772281487676,1.7241952749541154,0.3169320198778952
EGY,consumption,3,MEA,2015,2017,1,single_cross,single_cross,0,-1,-0.14019659623538125,-0.002802534810289914,0.00021702243413823652,0.0008125901594698004,-0.004845038209109004,-0.004417942090354093,-0.0167405212847056,-0.05910195266257007,-0.07383920916263575,-0.004104613113105587,0.0009139046013558194,-0.009246468484818582,0.005980592918448602,0.14300503419091637,-0.3191595476125888,-1.2592317659253967,-0.23775320372163455
EGY,consumption,3,MEA,2017,2021,0,dominance,dominance,1,1,0.07771787428078772,-0.030522799808950896,-0.03627527899176519,-0.031944800592857786,-0.030291141457974097,-0.015887740899324404,-0.03932653669676209,-0.07309329977678222,-0.10263348987008636,-0.02611779833870291,-0.03768851923115363,-0.03306897525650451,-0.04587639147015868,-0.314466557960535,-0.04737748660239105,-0.31014384729908695,-0.05361079934787183
ESP,income,0,ECS,1980,1990,1,single_cross,dominance,0,-1,0.23871795647868038,-0.02461449272540861,-0.028519260127476853,-0.038329788982470775,-0.028368730817905197,-0.013066863807077,-0.029054751040709786,-0.04372343987592761,-0.062225383418458846,-0.023379479492822097,-0.033402459453962474,-0.02741960061235682,-0.05453032226677412,-0.593094900651006,1.2957778959321287,2.4965040159765017,1.8004333139450983
ESP,income,2,ECS,1993,1994,0,dominance,dominance,1,1,-0.01130774303603508,-0.005531227835423813,-0.005446421670267543,-0.03954195891511075,-0.0080643240457835,-0.0037101426403969018,-0.009564026604713699,-0.01942364890609244,-0.026890919017716564,-0.006369778000606008,-0.020574112237897846,-0.00784237943683011,-0.019197047233066034,-0.12691298590712918,-0.28303540436672137,-1.0411479314206389,-0.31277828942704744
ESP,income,2,ECS,1994,1995,0,dominance,dominance,-1,-1,0.0009630848554195245,0.0062094299420394905,0.006354876273624299,0.02568512433821779,0.00927759889710858,0.004719181657920804,0.01294679137167909,0.029031825620560336,0.03983592231823263,0.0073236712306068985,0.013551989403268794,0.009978068736644224,0.01662222880427011,0.13694591933115863,0.19352296120273316,1.1976375921332938,0.15715300657095455
ESP,income,2,ECS,1995,1996,1,single_cross,single_cross,0,-1,0.005209190973346683,0.007388358227266412,0.010268479606060033,0.13210499340239806,0.016129797083718422,0.004268977551291908,0.004972781579694108,-0.004444995254059392,-0.005960654278546307,0.012572109524943809,0.05986834840642247,0.009048925682370701,0.06732239518399341,0.5640336113812507,0.27465806998518083,-0.06152405413347495,0.48923096803697064
ESP,income,2,ECS,1996,1997,0,dominance,dominance,1,1,0.042305745342380144,-0.011405188927736287,-0.01442312643414545,-0.18337608186807208,-0.024215003961562703,-0.007707224840980811,-0.014134304473870901,-0.016700308045523138,-0.022835700612279464,-0.01895070536019941,-0.08766016499072676,-0.016321232940662816,-0.0915088889480642,-0.5660325277047367,0.11451991070716439,0.2458369605556605,0.19995056065303451
ESP,income,2,ECS,1997,1998,1,single_cross,dominance,0,-1,0.06940959943752266,-0.0074293952158236976,-0.009227585722080267,-0.013547223215665205,-0.011240546223643316,-0.004554489430976791,-0.009196906943472194,-0.011966379601588778,-0.016818585422634258,-0.00895403940916098,-0.007859843064850935,-0.009611840241034592,-0.026372747843693367,-0.008450458398895577,0.5398660873449508,1.0450704826027142,0.8874223044810758
ESP,income,2,ECS,1998,1999,1,single_cross,dominance,0,1,0.06290576827538627,-0.007903420873926092,-0.010991498759974516,-0.09896014400922798,-0.015800459500336705,-0.004701028023409798,-0.007130167206384319,-0.0023387419891341965,-0.0033342916121328336,-0.012757788959357613,-0.06526723841629556,-0.009895634812960213,-0.062061016755686316,-0.30548292554254886,0.4660639728060083,1.3986792689418905,0.7034459236129091
ESP,income,2,ECS,1999,2000,0,dominance,dominance,-1,-1,0.05070188934634495,0.0033531531722975627,0.005047767997503838,0.047365627201819915,0.0078413300646073,0.0026552991911760887,0.005445566726064999,0.009325264453369092,0.013201955582743619,0.0063565333463524165,0.033091706704019896,0.0055862211785032145,0.028949019792320785,0.0253272576975343,0.7463880291649687,1.7790500924698023,1.2409620677488498
ESP,income,3,ECS,2003,2004,0,dominance,dominance,-1,-1,0.012953052666196556,0.014987255829489121,0.01654578931835493,0.0461492780464583,0.017168614616879907,0.00748924926508171,0.016204281937547,0.02229810130304058,0.0342148756132542,0.014045689419189905,0.028909006958106498,0.0156967686266771,0.039374490764650494,0.2600981550797421,0.7428987957658091,1.6503168511460942,0.8907080350186707
ESP,income,3,ECS,2004,2005,0,dominance,dominance,1,1,0.025363223306264247,-0.008689355790211795,-0.008939908986068668,-0.03868813591094361,-0.00996307924427331,-0.004410231877684509,-0.010089252325213793,-0.015672380997292096,-0.02385860336241863,-0.008121442871088597,-0.024029244331026878,-0.009251246146044806,-0.02395589634855172,-0.07208205911060084,-0.014080053161704242,-0.2839139915639741,0.2997912061913812
ESP,income,3,ECS,2005,2006,0,dominance,dominance,-1,-1,0.009179138685766192,0.011089621068593902,0.013313287058888457,0.04447915959510512,0.014951754628227593,0.006240786750140809,0.013330129578253691,0.0192073365978489,0.029123281831726633,0.012157680956043804,0.027452645992731617,0.013097765901044084,0.037412071190102036,0.21504861343230175,0.5663976384522869,1.4114302869156639,0.773618197958351
ESP,income,4,ECS,2007,2008,3,multi_cross,multi_cross,0,-1,0.016709687239104078,0.0008266073024374987,0.0022714942925236015,0.033401373877300466,0.004645773007725312,0.000947214935841309,0.0006172111064643993,-0.0019400481452042095,-0.0027773635309680245,0.0037495010848165866,0.023417098728748698,0.0019941016170003933,0.023208913797615693,0.0617090330840222,0.31668150699453435,0.4309992472194537,0.7772914429599531
ESP,income,4,ECS,2008,2009,0,dominance,dominance,-1,-1,-0.0011889523893868663,0.007039788783904433,0.009950560724814594,0.12633129369318502,0.01771011036032591,0.005372501085465692,0.009731001488277408,0.01299707042429582,0.018400763811233345,0.014134730466535905,0.07424509408514751,0.011330193281998913,0.07154382735218429,0.3418696521069853,0.3237093314009627,0.8575540580332017,0.6769389699565806
ESP,income,4,ECS,2009,2010,1,single_cross,single_cross,0,1,-0.05589181810387902,0.0031923563668627697,0.002482317033563941,-0.04938357240943769,3.185749477818689e-05,0.0010967692819675995,0.003240234201772496,0.0052711192450194955,0.007329161147035523,2.5201105328803708e-05,-0.026642750019556405,0.0023171705994556036,-0.015997012284869272,-0.035782969041872725,-0.7788013768816882,-1.559999287871669,-1.7341911058183612
ESP,income,4,ECS,2010,2011,1,single_cross,single_cross,0,-1,-0.03811830489990682,0.004519029382000106,0.007818092442745672,0.33935454333911647,0.020947334095951203,0.003931989648172998,0.0031779257626002033,-0.006222315677156198,-0.00865975091662241,0.01639793252207289,0.14153248736498852,0.008318891629806396,0.11977012087607097,0.3378847455367353,-0.407331619350483,-1.632436290774855,-0.4729968207463848
ESP,income,4,ECS,2011,2012,1,single_cross,dominance,0,1,-0.048429764749152095,-0.002911486570171873,-0.0036965504043953157,-0.2632947554931415,-0.012138851889278907,-0.0023646443427921965,-0.0031898896050401027,-0.0018638445255155789,-0.0026144699294617935,-0.009460627359604484,-0.1015768888533286,-0.005005059861391908,-0.0741850210675099,-0.040966431074589416,-0.8726111136109029,-1.6106413282075493,-1.6092661916269577
ESP,income,4,ECS,2012,2013,1,single_cross,dominance,0,-1,-0.02773444284599073,0.007797668692373694,0.009711411494843891,0.11271246209203611,0.01553823773751492,0.004643015771100295,0.006942470232620013,0.0016166086054852924,0.0022682156179533175,0.012089480005650605,0.04929304213979979,0.0098337942249338,0.059035334013496144,0.568483020620465,-0.08871189728598594,-0.7304471949812381,-0.1798105800095655
ESP,income,4,ECS,2013,2014,3,multi_cross,multi_cross,0,1,0.00510235668132884,-0.001298003018085525,-0.0016362197324436556,-0.14784625601162676,-0.007557306144028109,-0.0009848405324472953,-5.574977663722058e-05,0.004344746534958088,0.006060573525645263,-0.0058564778137296936,-0.06697810718279801,-0.0020880091532218814,-0.051031874353636764,0.06806345364436694,0.022460050821106137,0.40109961653422843,0.026484920926069577
ESP,income,4,ECS,2014,2015,2,multi_cross,single_cross,0,-1,0.028375099179435995,0.0012473913269050452,0.001018869627394059,0.07276377572883891,0.004241357803391466,0.0011175887407482016,0.0028007222637597973,0.006920626605959879,0.0095497464070885,0.003292257070785093,0.035316493939666904,0.002369543597495777,0.023876796570209358,-0.16328987783030247,0.4823027120211325,1.2638740224932938,0.773656515233835
ESP,income,4,ECS,2015,2016,1,single_cross,single_cross,0,-1,0.03587425200433586,-0.004208142797061221,-0.0027363507220199423,0.07847290419072861,0.0009971170705319055,-0.001386660114930896,-0.004963542431980494,-0.009885816986916984,-0.013680389512256586,0.0007719641838686842,0.03299208041025181,-0.0029398142583327846,0.02715933138336213,0.014496725738913696,0.3766242766302863,0.5305766785663728,1.0658873040044732
ESP,income,4,ECS,2016,2017,0,dominance,dominance,1,1,0.010768977947210491,-0.011056494079616397,-0.015106714900220863,-0.18858700447595284,-0.02684045677474997,-0.0082496052143647,-0.014576738621543905,-0.017116735994236104,-0.024326559090400712,-0.021050660658813586,-0.08855619194099185,-0.017442618813645616,-0.10385034829830653,-0.6982812587534832,-0.32237161391271485,-0.7430366444376411,-0.6324543383011765
ESP,income,4,ECS,2017,2018,2,multi_cross,single_cross,0,-1,0.0055993410967419685,0.0006495665804248096,0.0013208550692324073,0.04477221168013662,0.0038868243799704827,0.0008935081576372933,0.0014589044811305074,0.002691778194016392,0.0038819929243999463,0.0030834882742225844,0.024088452217047418,0.0018853201774721995,0.020444846398730898,0.04273481809888935,0.11588098258178725,0.3472802821890433,0.26990882899696444
ESP,income,4,ECS,2018,2019,2,multi_cross,single_cross,0,1,0.04395563004650337,-0.004126372214888929,-0.003451529032094336,-0.0015129335336679928,-0.0032524581968642885,-0.002058052751964204,-0.005789403744409588,-0.011444030720896475,-0.016657655850435105,-0.002579415312358002,-0.0007782486226592944,-0.00434112675730608,-0.0010167901453247419,0.06597218245704362,0.5060337865087732,0.6207311081677602,1.3154425268889085
ESP,income,4,ECS,2019,2020,1,single_cross,dominance,0,-1,0.002837785289339924,0.0056198201456469365,0.0067760236544842645,0.029644596944977786,0.009376157923387807,0.0031306034812238065,0.00496562647536139,0.001861102589492375,0.0027367030762825983,0.007413206856643012,0.014826366553410353,0.006605469504210093,0.029592640429773276,0.25835427215281737,0.30980280964715234,0.21901740818101345,0.5225420320243543
ESP,income,4,ECS,2020,2021,0,dominance,dominance,1,1,0.027027495059165744,-0.009776194858494902,-0.014179343995034954,-0.1358172928947292,-0.02373668632064141,-0.007258620712639205,-0.012207535395998809,-0.012341709522801697,-0.018359037770578124,-0.018902891853284587,-0.07613229715613123,-0.015297912970952898,-0.09058745739030172,-0.42847203774456144,-0.02330278611817249,-0.00910648307155526,-0.16603033115950439
ESP,income,4,ECS,2021,2022,2,multi_cross,single_cross,0,-1,-0.00021001762815724983,-0.003069517532844235,-0.0033262379665742747,0.03387467023417301,-0.0008898711615479005,-0.0010018322439175886,-0.0020180650510018827,-0.000823691878726801,-0.0012434203505663488,-0.0007174187111651242,0.021108953835699162,-0.002106583041226795,0.009277632988617168,-0.25639822176686433,-0.15162389774072693,-0.06675292685225642,-0.16872361414743153
ESP,income,4,ECS,2022,2023,3,multi_cross,single_cross,0,-1,0.014747806272853553,-0.0017158126851508637,-0.001147929264271097,0.013465536820146673,-0.0005025613454779088,-0.0006514711605482004,-0.0019470863364959012,-0.0033542417170354943,-0.0050877747592972256,-0.00040544971705977484,0.007962200365483119,-0.0013692427024626086,0.00437493409859846,0.1283933154615422,0.15670520299106627,0.22542432549909464,0.5007592011171553
EST,consumption,1,ECS,1995,1998,0,dominance,dominance,-1,-1,0.25191071183271474,0.07568444732793522,0.07708037001044177,0.0852151980537946,0.08261378385482901,0.043743133958556696,0.1110815489930333,0.2075401255135319,0.29173831086500535,0.06840762942931722,0.08392979460747219,0.0918445169785489,0.11280085213329538,0.8309800562945835,1.8765725702194942,5.495542372727125,1.717533149409903
EST,consumption,2,ECS,2000,2001,1,single_cross,single_cross,0,1,-0.02952579865886564,0.0022500962020226,0.0006309805661267598,-0.0027595170630173027,0.0015529562519437934,0.001641416043273003,0.0060918984206051185,0.018305698817483174,0.023413664224541275,0.0012503348973072204,-0.0023656907221735746,0.003469684908264714,-0.00474559808064251,-0.059001632705872886,-0.09931537835322501,0.003939110142953339,-0.0855846002234757
EST,consumption,2,ECS,2001,2002,1,single_cross,single_cross,0,-1,0.021695214306606782,-0.002215078361756717,-0.0005382091881189766,0.003374837768802208,-0.0015325731145222898,-0.0016879274919033987,-0.006142679372465598,-0.016315932193479765,-0.02083431219658516,-0.001233911200689719,0.0028908705178556926,-0.0035679561762860246,0.005438182185340479,0.09743146384898882,0.0660348623737308,-0.045583106009322805,0.05076830426671952
EST,consumption,2,ECS,2002,2003,2,multi_cross,single_cross,0,1,0.013484022794725678,-0.008788787151204125,-0.007294117951460399,-0.00958349356487892,-0.008581047225967114,-0.004474543825196603,-0.011273627820624826,-0.021314571873651933,-0.028094901480081536,-0.006943851599632789,-0.008276584430852107,-0.009442101547762177,-0.011655616169174987,-0.13492767654424398,-0.048555753092931475,-0.21555413255443767,-0.04055898470170938
EST,consumption,2,ECS,2003,2004,2,multi_cross,single_cross,0,-1,0.13966947635870386,0.004662328324594733,0.0030805085589040715,-0.00016468076175357726,0.004823976593975099,0.003803306745353105,0.013259794971556021,0.04161937447840752,0.053940039394249406,0.0039109319266124876,-0.00014405711668158405,0.008024168619801986,-0.0030015236988523153,0.15013045477520492,0.7004755952703805,2.109172684264305,0.6699119765214876
EST,income,3,ECS,2003,2004,0,dominance,dominance,1,1,0.08395398343363698,-0.03632632104197303,-0.04117799964695579,-0.1868682294796355,-0.056651116930533874,-0.02276540317120461,-0.0495854479748844,-0.07884240076333512,-0.10437441445007145,-0.045008805828817,-0.11952003896408753,-0.0481391370122175,-0.15134261555944845,-0.8496620010561529,-0.10898706299850769,-0.6713731149385609,-0.08366696897537951
EST,income,3,ECS,2004,2005,1,single_cross,single_cross,0,1,0.1463658529000105,-0.001129299983765264,-0.0038211832446539695,-0.028528152884603586,-0.005096186928171015,-0.0006574742345227952,0.0016456917352069,0.011302903653692437,0.01589405468637428,-0.004175274337820112,-0.02336979564016889,-0.0013812384029653069,-0.026944218266497122,-0.16621401999605112,0.8799925211548807,2.205319845643327,0.984232289836366
EST,income,3,ECS,2005,2006,2,multi_cross,single_cross,0,-1,0.15223273834855655,0.0020618280193890892,0.0007017493961612997,0.018111819012232577,0.004659007947498017,0.0032761644689397046,0.012198637256488093,0.0418930075107069,0.056072393920575836,0.00381793010073872,0.015033720501547998,0.006887628429232101,0.0047151038268591905,-0.23227829310899484,1.1334183331450136,3.6254893764708864,1.3360535834919114
EST,income,3,ECS,2006,2007,0,dominance,dominance,1,1,0.11802045429190917,-0.0247349494237053,-0.027557317206881926,-0.05811463908244868,-0.032003733170464094,-0.016798293171158107,-0.04523685301159058,-0.10246974718292853,-0.1459275586628621,-0.02658833459813381,-0.050891906902375605,-0.03518498594549019,-0.05295021506197867,-0.207185506104949,0.3290854479840881,-1.5435632255092742,0.6387162153103976
EST,income,3,ECS,2007,2008,1,single_cross,dominance,0,1,0.03380584535156229,0.007379477588289773,0.008375566627935593,0.0081455460962577,0.007735378113621377,0.004017919459862601,0.00974482732206658,0.015644572306629606,0.02439024865768258,0.006504656947409787,0.007617958043009798,0.008386341130827785,0.011422251073658185,0.16409226290179912,0.4749490834060044,1.2130086715045607,0.574061107521529
EST,income,3,ECS,2008,2009,1,single_cross,single_cross,0,-1,-0.060256271963989166,-0.004716344944599604,-0.002862581050026236,0.009465566079001009,-0.0017018697042134878,-0.0019648796337506935,-0.006408141195194894,-0.013919344621370205,-0.021654398196063407,-0.0014267831339423998,0.008643140464578203,-0.004103457705542102,0.008272245179301918,-0.031307277945136214,-0.6183967966430393,-1.5691867975403824,-0.7318905189483198
EST,income,3,ECS,2009,2010,2,multi_cross,single_cross,0,-1,-0.06185405874109445,0.0055504650696651114,0.010757382727705767,0.04671677004038802,0.012857338180939898,0.004171835604670493,0.007037045440185602,0.008596840850746301,0.013459945597521061,0.0107192225198047,0.039629603672794,0.008717718492850413,0.04530714751123899,0.36932138924622926,-0.34373366905743463,-0.6365672485782845,-0.39687578366157883
EST,income,3,ECS,2010,2011,2,multi_cross,single_cross,0,-1,0.03586879290142135,0.004872699002304803,0.0038252672643790397,0.03255964673083506,0.0055818724533041875,0.0022783797647474013,0.005281384317438909,0.007973201732555196,0.012237345273613531,0.004610899715531913,0.024962897023847297,0.0047694405779309945,0.01754881991985402,0.011620064090101856,0.3964946303691983,0.8590969503045365,0.46289034211146873
EST,income,3,ECS,2011,2012,1,single_cross,single_cross,0,1,0.05595915657061137,0.004267184870136109,0.003252751243817742,-0.033618683896031676,0.0006470718421452137,0.0017283173040694016,0.005571939517859392,0.011196267511822594,0.01680944374330884,0.0005328501781980133,-0.025809377322749405,0.003621945165228707,-0.016360829058005122,0.08015377646479571,0.5699143340906838,1.3663031572069677,0.7064587634059123
EST,income,3,ECS,2012,2013,1,single_cross,dominance,0,-1,0.08539867685819502,0.021632955529969522,0.024245543844112483,0.10597811179800337,0.03012386180080681,0.011750904344433502,0.023611487807376208,0.0271947799489142,0.039181851137118584,0.024428559036813374,0.07479255775688953,0.02471750992058519,0.08455739839975318,0.5705503071803664,1.3739172971346232,2.6703462566671554,1.7980698531160382
EST,income,3,ECS,2013,2014,2,multi_cross,dominance,0,1,0.07731911831115035,-0.004872936556192531,-0.005451280786617274,-0.03806604058797808,-0.007579353386193116,-0.0028811123441777053,-0.006066999849235616,-0.008508006651641087,-0.012022984317109131,-0.0060772695733965765,-0.024738945800097,-0.006075182218912095,-0.023394892012537305,-0.2124263834478679,0.6485121391889344,1.2555069743285472,1.0036673415663984
EST,income,3,ECS,2014,2015,0,dominance,dominance,1,1,0.06694330229071602,-0.01918201070077119,-0.0234432028247199,-0.07103729480056442,-0.027804645503359288,-0.012110684783990397,-0.027474102062945704,-0.04435208301860891,-0.06634976460542152,-0.0226929102123479,-0.05256485578148923,-0.02543128293375299,-0.06584545439833839,-0.3264335743329463,0.10483825480903342,-0.6836090718568002,0.3890817452512003
EST,income,3,ECS,2015,2016,0,dominance,dominance,1,1,0.0615602883197976,-0.01471907930626648,-0.018263056496761743,-0.03759984334912997,-0.0178014329112354,-0.008240935025729493,-0.01895857645932278,-0.02957598610816728,-0.04839919103007162,-0.014863557690257212,-0.031854299942545294,-0.01720887210804592,-0.03769137183241478,-0.30750478148438276,0.1661374044982562,-0.3639067290196074,0.5406607936751993
EST,income,3,ECS,2016,2017,0,dominance,dominance,1,1,0.05572180872692839,-0.008401149582543732,-0.011320619055836367,-0.03169295691777152,-0.011632199529478915,-0.004621770765504005,-0.00917149758884872,-0.010871089501065218,-0.01882530827852591,-0.009856388210530392,-0.029441377061946716,-0.009617593417686088,-0.03243337244448968,-0.1769259512135095,0.3124299436968627,0.4770762868567431,0.5956347918031604
EST,income,3,ECS,2017,2018,2,multi_cross,multi_cross,0,1,0.058107489622178286,-0.00034129853692460577,-0.0008331592721438907,-0.004011801909790391,-0.0010720843546037917,-0.00039434480632420665,-0.0008475495005481892,-0.0014947617856835849,-0.0026374704874370103,-0.0009141999394376155,-0.003913164009526793,-0.0008194925564911082,-0.0036433484627277357,0.040834596158498826,0.6539259597909943,1.1461958123702267,1.1010382158732934
EST,income,3,ECS,2018,2019,2,multi_cross,multi_cross,0,-1,0.05157324643017775,0.004446825880031535,0.0072638501975722525,0.05670249006368522,0.010705187802391908,0.003713239257398304,0.0077770512265228076,0.012553322178277398,0.02178212581420602,0.009084829303654118,0.05152688316596993,0.007723451569730894,0.0403403132136233,-0.12590517991624495,0.807202104538451,2.058715948754301,1.367475810581448
EST,income,3,ECS,2019,2020,3,multi_cross,multi_cross,0,1,0.04379730297890518,-0.0002865625713491249,-0.0008514950577269698,-0.03716607713832762,-0.003651438990776218,-0.0004034618683670943,0.0005247357740060798,0.0029452035082386807,0.0049943992279729565,-0.0030878272479972213,-0.03287413653513349,-0.0008399429522829016,-0.023566083908934887,-0.014271890335128212,0.5524241818079041,1.292037468469772,0.876593119947696
EST,income,3,ECS,2020,2021,1,single_cross,single_cross,0,1,0.12463067786186267,0.010970288365406089,0.009171844691396203,-0.0069213119400858,0.006487522919521399,0.004180648230696388,0.010490135493616909,0.015089698861041417,0.024955016747927772,0.005478384680416115,-0.006493513675545126,0.008712363885366725,-0.00041399949931442137,0.07018316785841439,2.2798645701439924,4.57865327233996,3.352337665496501
EST,income,3,ECS,2021,2022,0,dominance,dominance,-1,-1,-0.16249993265220453,0.00417557031272503,0.009932121339292999,0.04657665569167879,0.0120295005271559,0.0037374426461379007,0.0060825711554231,0.006582127072958188,0.010574703323757428,0.01006473051359319,0.041456524461163824,0.007805527832187187,0.04472145027924923,0.20299250249669054,-2.14433148276313,-4.055853903909057,-3.410627066373044
EST,income,3,ECS,2022,2023,0,dominance,dominance,1,1,-0.009501670969810671,-0.015448806014897731,-0.02206191036826677,-0.059335389319260384,-0.022490893092113995,-0.008594574751032799,-0.016242429821720084,-0.017847604199286382,-0.029106881148036612,-0.01891644204026449,-0.05375667416218882,-0.017925810943253906,-0.06436385313056903,-0.2459959740476645,-0.7570397631638421,-1.4342143850906552,-1.31686156347177
ETH,consumption,1,SSF,1995,1999,0,dominance,dominance,1,1,-0.017085011937520177,-0.1453148188743162,-0.13729238870390648,-0.2021605002611026,-0.1888103881014944,-0.10427936219409131,-0.3137404904872795,-1.0590902309484371,-0.9060547078265031,-0.1482506813084269,-0.18057017574587708,-0.22355495206321901,-0.21598276022366392,-1.5347869962930676,-0.35778595656266154,-2.184413223279228,-0.2502738345510181
ETH,consumption,1,SSF,1999,2004,1,single_cross,single_cross,0,1,0.2891662626328108,-0.001758238050108385,-0.005548754860179028,-0.006048744127016281,-0.0010037350470920026,0.0009236198623283065,0.006452150903831694,0.030862127994708333,0.041885649712950945,-0.0008652918788343844,-0.007139099897719714,0.0019229595716541148,-0.011857882632234723,-0.146372031469177,0.22943033470530982,0.6922119427646223,0.08893835524065138
ETH,consumption,1,SSF,2004,2010,0,dominance,dominance,-1,-1,0.08010900070620149,0.03365090917034658,0.0482693339027116,0.05652251571024419,0.037414971030836824,0.0162114561928155,0.033133970402334095,0.039919912137566294,0.05096732811927018,0.031674346704507805,0.061930997163133106,0.033910067265713106,0.08261226483017722,0.7537163007886298,0.19142580842002166,0.3698220109068018,0.06774432993520682
ETH,consumption,1,SSF,2010,2015,1,single_cross,dominance,0,-1,0.09991678864374369,0.018286660893249096,0.0216452425957655,0.02990925019277671,0.02008014013371409,0.008263418817123502,0.015037663629895698,0.004955069838908588,0.0061039506650018005,0.016516805414537095,0.02891373765420302,0.01740161346759278,0.0448485544800421,0.7533862147769597,0.18621516323474108,0.3103499503688849,0.07064631338728977
ETH,consumption,1,SSF,2015,2021,0,dominance,dominance,1,1,-0.1335506519517802,-0.0384412202457281,-0.04497638200209064,-0.05693164259154962,-0.0468703829297033,-0.0240572757641125,-0.060934735333207285,-0.12176108898422142,-0.16642683187437368,-0.03907578379722382,-0.05723233791837923,-0.05044193071596628,-0.07388040060739892,-0.7140739926479616,-0.2892434904628687,-0.9253559935956468,-0.1498496732179788
FIN,income,0,ECS,1987,1991,1,single_cross,dominance,0,-1,0.11794450890890804,0.007090070156685502,0.009787770887303426,0.0055753824635682014,0.004784803367277601,0.002341012289382896,0.004955871986077193,0.005786910335168108,0.013267469350930039,0.004399266830568099,0.007941226668527396,0.0047817272762307045,0.009184684936373894,0.050930968996012904,1.2712623313919984,2.44477821860637,1.8632668916213602
FIN,income,0,ECS,1991,1995,1,single_cross,single_cross,0,1,-0.07308069805392069,0.005762278914461988,0.005460379224041745,-0.0006729177562649069,0.003918740518356001,0.0030374240441295997,0.009083639480152603,0.019009093398090093,0.0410279486670283,0.0035873407395746043,-0.0009505596426054863,0.006212931120360504,-0.0014692751180356012,-0.008537905510751731,-0.43098105790701524,0.27749361526821303,-1.0496601653188709
FIN,income,0,ECS,1995,2000,0,dominance,dominance,-1,-1,0.1485835560150088,0.036903998735625415,0.05490172330715515,0.037317048865878805,0.0328791402970765,0.016752783333344803,0.0391425890420212,0.0652100389161828,0.11991700989826853,0.0295512122545063,0.04965706680792259,0.034446206267086096,0.0577023031747905,0.4732773888093784,2.99168421099861,8.06300680104258,4.272756115022043
FIN,income,1,ECS,2003,2004,1,single_cross,single_cross,0,1,0.04714007292263563,0.002066407324058217,0.0013472603003518158,-0.0006937942958147036,0.0017355859992589096,0.0014594502864156977,0.004950081673125717,0.014507069394962407,0.022635941749456934,0.0015233138365308985,-0.0008443142996815978,0.0030203904713949903,-0.0015015877518883003,-0.019393421527073684,0.7105372695703469,2.477770040035722,0.9910704686697507
FIN,income,1,ECS,2004,2005,0,dominance,dominance,1,1,0.033315089844101295,-0.002714461584043093,-0.004007744326327223,-0.0035580576255160035,-0.003973037036140714,-0.002525977236457297,-0.007772148274539814,-0.022272550172870387,-0.035093807206270755,-0.003491016888149595,-0.004358883204800212,-0.005226119428886705,-0.0036712935835596094,-0.011777043450312608,0.318442305671212,-0.6809778672904194,0.5971722013982532
FIN,income,1,ECS,2005,2006,1,single_cross,dominance,0,-1,0.01541735502875951,0.0038031050424093826,0.00700302417312193,0.008252329178547818,0.0041486788904795124,0.0014173018074398053,0.001817381533905399,-0.0014541146780550074,-0.0023608431405820474,0.003645029466143701,0.01003617242701102,0.0029314560897129027,0.012686696371789902,0.13511780502478343,0.4044188484382527,0.35679727783674053,0.8932762816690971
FIN,income,1,ECS,2006,2007,1,single_cross,dominance,0,1,0.03637480596709327,0.0028711318344570858,0.0035799240447126346,0.0026970127872811833,0.002619149856328301,0.0013518911378311016,0.0031639537454971056,0.004772056099022592,0.007714197786784838,0.002293410343229191,0.0032245854200990964,0.002798237466382414,0.004146819078832409,-0.013387243260101211,0.6723365158740684,1.5507218938509872,1.0816150752459812
FIN,income,1,ECS,2007,2008,1,single_cross,single_cross,0,-1,0.011326487382404276,-0.004454131998731459,-0.0048785572430093405,-0.0028640752736106834,-0.0036090204487547184,-0.0020198894225773034,-0.005126507048454798,-0.00967250136955311,-0.015738008293431416,-0.003161737580340593,-0.0034252143287727133,-0.0041801590559376045,-0.004451490128515312,-0.04142998834102363,-0.067160038884305,-0.46128304087750394,0.1516967396926816
FIN,income,1,ECS,2008,2009,0,dominance,dominance,1,1,0.01943594456089163,-0.0038105791302650016,-0.005293993277279863,-0.005531556308264407,-0.0042860684751513944,-0.002245413762484799,-0.005661416708465206,-0.01122773271007188,-0.01879660467432387,-0.003769728536235001,-0.006702147501653988,-0.004641585222380701,-0.0072272572924032,-0.021802627140843356,0.08322909902648767,-0.38360932269971215,0.2460381541064507
FIN,income,1,ECS,2009,2010,1,single_cross,single_cross,0,-1,0.014964941540352324,0.002578304937644993,0.0038870062032753117,0.0038404726095599973,0.002366047945179889,0.0009224403366638045,0.0015181133308682093,0.0007110569889763885,0.001208184405106949,0.002083009299713501,0.004665424504076587,0.0019061399235486831,0.006204762075889103,0.08491717558641376,0.3640023736116973,0.5438140064895762,0.6979110092055691
FIN,income,1,ECS,2010,2011,1,single_cross,single_cross,0,1,0.005691682734514267,-0.0007054003663600206,-0.0015812331713200845,-0.002210812078966007,-0.0007499845124674942,-9.733703645291303e-05,0.0003788096333051938,0.0021073808717367026,0.0035662666802819265,-0.0006597341243713001,-0.002678879843762777,-0.00020118252382320123,-0.0035739593675401804,-0.0342571319532472,0.047674980373153986,0.3801589982222353,-0.022827250867226923
FIN,income,1,ECS,2011,2012,1,single_cross,dominance,0,-1,0.0023932689304238318,-0.00544715011753949,-0.007027853839121856,-0.004074063213061085,-0.005179862083030701,-0.002973585839321294,-0.007812062576357692,-0.01587563842508241,-0.027419340132178283,-0.004570071290974295,-0.00498530589568541,-0.006140969667951593,-0.006148321535053319,-0.058989793107525834,-0.26398112398928575,-1.4339927439218307,-0.1941263329762748
FIN,income,1,ECS,2012,2013,2,multi_cross,single_cross,0,-1,-0.003931344776566945,0.0009739814935326163,0.002388798054249519,0.0029568722938005942,0.0015061127118816131,0.0005745515876061993,0.0010441583857100922,0.0013972486675973006,0.002466381297431375,0.001331249790692296,0.003624548294144797,0.0011857901090577966,0.0043229164991235025,0.035098459295379136,-0.005097656027212238,0.013165993889355576,0.1213323919487479
FIN,income,1,ECS,2013,2014,0,dominance,dominance,1,1,-0.005186646941732913,-0.004148160435162029,-0.006494083073475321,-0.006420789055632897,-0.004679743442578307,-0.0023315356876731017,-0.005588500729260398,-0.010360348565950583,-0.01855113025579469,-0.004142987502675402,-0.007913654646858587,-0.00480969899564479,-0.008884534610708983,-0.023869318152530905,-0.30392392268968216,-1.175115542444999,-0.5453393146389018
FIN,income,1,ECS,2014,2015,0,dominance,dominance,-1,-1,0.009105119440947353,0.0032463627578458998,0.004385230881964075,0.0039434287298071025,0.003293662706094394,0.0017453375581302014,0.004312175412934799,0.0076677693670884894,0.013788619117920953,0.0029179072615199975,0.0048791780013289765,0.003599875884716691,0.005311585122062701,0.013935528754921211,0.3128100850644575,1.0349224976407108,0.4557991032502926
FIN,income,1,ECS,2015,2016,3,multi_cross,single_cross,0,1,0.011294731569780246,-0.00024144789758129281,-0.000650005174474888,-0.0015255388383481894,4.2488000157409056e-05,0.00040267960334020025,0.001933600317824996,0.006697016603976397,0.011772395594012997,3.7578030994411815e-05,-0.0018803647468956797,0.0008310283902619037,-0.0027836499282362093,-0.11678736698807679,0.15622204640652804,1.0092519989974242,0.18817289622956324
FIN,income,1,ECS,2016,2017,2,multi_cross,dominance,0,-1,0.02066460294176093,0.003034945062499128,0.0041105484914151225,0.0033004365275852987,0.003045616164732895,0.0016357029530343972,0.004114148033763698,0.007906358421554599,0.013595125144192699,0.0026895058522724974,0.00405679512004678,0.0033775087311033875,0.004654983230946486,0.069961904156838,0.48798717827857274,1.4434145992957497,0.7995796859044688
FIN,income,1,ECS,2017,2018,3,multi_cross,single_cross,0,1,0.015607277317767069,-0.0005445547045065391,-8.343066710070346e-05,2.1847609723485428e-05,4.62177468686098e-05,8.177434966549768e-05,0.0004884447963222072,0.0025974652121085184,0.0043983454167149105,4.075065028109892e-05,2.671489081421119e-05,0.0001689304567134009,-0.00016247555662149415,0.01046021520974838,0.21362558224633155,0.7813201622739143,0.5039945957164313
FIN,income,1,ECS,2018,2019,1,single_cross,dominance,0,1,0.01738045039384996,0.004082012243063093,0.004633172725917123,0.002288237545304911,0.0034238025634330815,0.0019958819248907106,0.005222740685453198,0.010261977118910082,0.01706667057660971,0.0030135693716223932,0.0027879466414715004,0.004125404767931801,0.003630616267772502,0.026707144576652464,0.5171743252091492,1.6053733813538642,0.6531287870817231
FIN,income,1,ECS,2019,2020,0,dominance,dominance,1,1,-0.0004187706575869348,-0.0064642267615794835,-0.010418326650623588,-0.010146896767508906,-0.007049553560653593,-0.0032640545073818056,-0.0071684225383946976,-0.011299154800798183,-0.018819020812343434,-0.00621615884975249,-0.012516614565925788,-0.006744382806401994,-0.0149670743324323,-0.1063115710296696,-0.38707802712819905,-1.1220234674169802,-0.8131940906803514
FIN,income,1,ECS,2020,2021,0,dominance,dominance,-1,-1,0.020359228779247444,0.0061557557266028184,0.009068376134132028,0.00839068024143369,0.006243496523602399,0.0030092762185607025,0.006880142635157599,0.011709199611119991,0.019491052525277164,0.005507610293017592,0.010378651308343173,0.006217521774490697,0.012280356775603102,0.12054950204967874,0.6971334827147526,1.8851482683897842,1.2539847759746756
FIN,income,1,ECS,2021,2022,0,dominance,dominance,-1,-1,-0.02633066400270166,0.002159454143442985,0.003832286786286554,0.005722236134626607,0.002964157580249094,0.0012672510955854949,0.0026766259487336908,0.004060948407273696,0.006616066949390875,0.002602775160615897,0.0069232862541318,0.002621283016652709,0.007481493999926203,-0.015681110878486226,-0.3057401472830641,-0.5655591982556203,-0.4385435684964456
FIN,income,1,ECS,2022,2023,1,single_cross,single_cross,0,-1,-0.021222239343041703,-0.005250041749136181,-0.002813405126206092,0.0073072547468115145,-0.0018047002426639924,-0.002085566324037294,-0.006883773704494389,-0.015744561032074,-0.02606382680631003,-0.0015837570797783973,0.00866458802838041,-0.004313008076968605,0.007873811683716786,-0.023395420969014147,-0.6432028217163577,-2.249752945708508,-0.16538107885597597
FJI,consumption,0,EAS,2002,2008,1,single_cross,dominance,0,1,0.11121161985716173,0.022491917562831365,0.015495193633601745,0.021400651160432715,0.031909506802417886,0.0212626230209655,0.07219354725830379,0.2423975596100621,0.24929329559642077,0.024720415878800195,0.01709303724602257,0.04552660190380292,0.008946144973430492,-0.1700037956452638,0.6873537070475555,3.7183528301261806,0.6730321969494435
FJI,consumption,0,EAS,2008,2013,0,dominance,dominance,1,1,-0.024126443861101503,-0.0366232288283726,-0.036445342736284525,-0.06339433525120491,-0.051704035427619005,-0.027132939419549307,-0.07672352613657107,-0.21356899802101342,-0.21594112208249494,-0.04045650835034048,-0.053512959294236384,-0.05799906175385902,-0.0706264159222118,-0.6747047435352043,-0.49830275914468425,-2.6026692638523823,-0.4807921394422223
FRA,income,0,ECS,1970,1975,2,multi_cross,single_cross,0,-1,0.22968456309490246,-0.012289080394680796,-0.007498537833640517,0.015333778872829829,-0.007040932794393301,-0.004602003387930195,-0.011001129296732193,-0.011247698076296608,-0.013623298007352957,-0.005622590385103793,0.012722969381544491,-0.009752777812351593,0.005074368690877851,-0.3085977518714076,2.085737606033856,5.131045104721011,3.027886429233231
FRA,income,0,ECS,1975,1979,0,dominance,dominance,1,1,0.1292650278276774,-0.018759955310146292,-0.01952294082942707,-0.03410326729782981,-0.02266905448213899,-0.010725141710599892,-0.025396409866657393,-0.04449396173613768,-0.05627346888523477,-0.018373821653551003,-0.029004935403011578,-0.0226321349512886,-0.04156568978809971,-0.3034222295215656,0.9200574072098959,1.597696618321848,1.6484668881881621
FRA,income,0,ECS,1979,1984,1,single_cross,single_cross,0,-1,0.05433275757712001,-0.00642620785887843,-0.005131676920269501,0.007156642157303494,-0.004468869535660808,-0.0031103063767240063,-0.008772906555391008,-0.018540721671064908,-0.024715043154323157,-0.0036715356883114947,0.0063034046332337,-0.006538197677905894,0.002400395071996686,-0.07856805699051428,0.45358926387648246,0.6121886691505658,0.9704714152058624
FRA,income,0,ECS,1984,1990,0,dominance,dominance,1,1,0.06151172143487847,-0.0127551624224857,-0.018842466022008342,-0.054073629292824,-0.021429058876239193,-0.008858530895771502,-0.019768878022267983,-0.036723172653718494,-0.05157498289603024,-0.017835479428239598,-0.0508055143096407,-0.01856037954936171,-0.05668428717299451,-0.10519356769728017,0.29856007508261584,-0.31520400425693396,0.4263880187997504
FRA,income,1,ECS,1996,1997,3,multi_cross,single_cross,0,1,0.006527655371353814,-0.0011668490217406347,-0.0020214353255929574,-0.0059294498524002925,-0.0021043905816341135,-0.0006950838865796977,-0.0010720776403722043,-0.0005700581423485895,-0.0008834955946590561,-0.0017673297717881176,-0.005734046532975989,-0.0014516924959747102,-0.006971744075435382,-0.011225292689739597,0.04105865724367597,0.14876793693405332,0.026163268584813437
FRA,income,1,ECS,1997,1998,1,single_cross,single_cross,0,1,0.02533832124750544,-0.0024318318055185917,-0.004521578733774012,-0.011523203102263208,-0.004304241329923297,-0.001320953671133912,-0.0015939961807009961,0.001173972642577098,0.0018181460892885415,-0.003626433594318884,-0.011419489002072736,-0.0027573154652959786,-0.014766170853258265,-0.13978385525876114,0.2551260610739643,0.8256292586792853,0.30197178770642097
FRA,income,1,ECS,1998,1999,0,dominance,dominance,-1,-1,0.027270792318986103,0.008399349988489013,0.009140744301106007,0.010186240778082806,0.0092082907676376,0.004993147588425811,0.013049190634882801,0.026297672518554305,0.039465867836901425,0.007739242209531705,0.010113441915493515,0.010432980157465188,0.012585094478274272,0.0660580165965845,0.7994017672111635,2.687577268876929,1.025814461388574
FRA,income,1,ECS,1999,2000,1,single_cross,dominance,0,-1,0.023982967333079766,0.0005355036336193719,0.0005849813429175121,0.0009067577675990202,0.0006537072216168949,0.0003424365807460916,0.000865560682175609,0.0014797036219360848,0.0021533947056389113,0.0005467133320765927,0.000886322832640285,0.0007165507206466082,0.0010062065344048077,0.018777293371581294,0.39863183108857214,0.89136522504608,0.6658691358432378
FRA,income,1,ECS,2000,2001,1,single_cross,single_cross,0,1,0.02590069265702508,-0.00021186148230778468,-0.0009308953132450837,-0.004172638737790418,-0.0008095834150110004,2.7173725548307326e-05,0.0009763286507510904,0.004664108507752396,0.006743959346776074,-0.0006771296591404907,-0.004097324568392902,5.686694536510828e-05,-0.005160867188332918,-0.03882937309208945,0.40283035342080886,1.2093214489350217,0.6058060563038339
FRA,income,1,ECS,2001,2002,0,dominance,dominance,1,1,0.02460727538503156,-0.007538662186336809,-0.0109655699922101,-0.018043874816675992,-0.010359915868427383,-0.004521467824416009,-0.00985509823437139,-0.01577090681391119,-0.02307604679063069,-0.00871352374436521,-0.018285841664777203,-0.009450545866188514,-0.023645061923738275,-0.16817252159214746,0.018618704022131283,-0.31486606692126884,-0.011554181358185645
FRA,income,2,ECS,2003,2004,0,dominance,dominance,1,1,0.016158546591410274,-0.007588670507764017,-0.010613321758204175,-0.016170898488110402,-0.010090268519862389,-0.004865187606135399,-0.011837628459125504,-0.02320343622139051,-0.03474475714643943,-0.008590884850195407,-0.017228194912201233,-0.010140052621427004,-0.01996501327721617,-0.031686984923747996,-0.12283696456900195,-1.1415710749949284,-0.14913208717392124
FRA,income,2,ECS,2004,2005,2,multi_cross,dominance,0,-1,-0.012306117302305911,-0.008156676482906078,-0.008084289969548908,-0.005394474954385803,-0.006239209785211114,-0.0031075684634823963,-0.006683385600187386,-0.006803735416242795,-0.010545477156249317,-0.005355617177536104,-0.0059317154100175795,-0.0064628350372775145,-0.00962703930724923,-0.13673469490582812,-0.567069891825593,-0.882628092005838,-0.5954489690319562
FRA,income,2,ECS,2005,2006,2,multi_cross,single_cross,0,1,-0.013593068809077173,-0.0013977090523041302,-0.0013867044295704511,-0.0018216241139099032,-0.0024095511071084985,-0.0018578095799941102,-0.00634242268706961,-0.017892326355854582,-0.028599912598820332,-0.0020772728016993924,-0.002024620655399101,-0.003858524919412104,0.0001135825211515118,0.12464328668661828,-0.25647173014015756,-1.7488497467409232,-0.28066825915080074
FRA,income,2,ECS,2006,2007,1,single_cross,dominance,0,1,0.19449520675902726,0.027308746263670303,0.028708267381874153,0.024958592452493905,0.02765129109725689,0.015562976613778909,0.04118221712456571,0.0839605286582984,0.12463940638823845,0.023539940635396883,0.026816122718744673,0.03244346577276372,0.03295255319263252,0.21927235772231057,4.535794286651544,13.231697693614706,6.436775541209521
FRA,income,3,ECS,2008,2009,1,single_cross,single_cross,0,-1,0.008512084188278635,-0.0033148820062053885,0.000343719460499603,0.009745799890920809,-0.0017330817879167015,-0.0029540674117547044,-0.012331023631815902,-0.04313412560152419,-0.05628726100021375,-0.0014440426173789045,0.009683592058922996,-0.006196158028345111,0.01421340493358969,0.17237650620833467,-0.0300901219593257,-2.866917717417131,0.8112738588637498
FRA,income,3,ECS,2009,2010,3,multi_cross,single_cross,0,1,0.0043054463038139125,0.010549036349883911,0.009434813493161331,0.008747003222794703,0.010681968411572401,0.006189204445134794,0.017130899540919897,0.038776836966696815,0.05078364022757642,0.008860761066301515,0.008468872467806532,0.012993437950975295,0.01056911326943294,-0.027016481839565287,0.694431935169991,3.1350405256684297,0.4203024817437182
FRA,income,3,ECS,2010,2011,1,single_cross,dominance,0,1,0.005205238228459618,-0.004264694443333827,-0.004955625393590846,-0.008285574822234298,-0.004625747934236396,-0.001851371050897499,-0.003360496608760699,-0.0017816797368841453,-0.0022615012497494424,-0.003825471148182019,-0.008016937130352897,-0.003891362595136505,-0.011219013816424428,-0.12704907209895833,-0.14691164033111193,0.10715295594313545,-0.1619246276153561
FRA,income,3,ECS,2011,2012,1,single_cross,dominance,0,-1,-0.008717806723384503,-0.0017519866426379815,-0.001814655568424417,0.00012931999604320898,-0.0016134089567989007,-0.0009850349607697928,-0.002808173075426912,-0.0074704621840253616,-0.009553963858938253,-0.0013384492432537975,0.00012655479864509545,-0.002068806958504893,-0.0008878265692637832,0.017810203353826992,-0.27011309810041695,-0.9520221999284928,-0.3718272343934643
FRA,income,3,ECS,2012,2013,0,dominance,dominance,1,1,-0.009745200712329713,-0.006022875197770394,-0.007577793979262615,-0.013355507652565407,-0.007977537201312224,-0.003764727034030399,-0.009131764548903382,-0.018298951432882016,-0.02391430004931172,-0.00664982219288579,-0.013316354957812526,-0.007896490004127094,-0.01598474840081071,-0.09288743259374366,-0.5311815757294802,-1.807613593133162,-0.8634716678391356
FRA,income,3,ECS,2013,2014,3,multi_cross,multi_cross,0,1,0.011282293410537414,-0.0025196081049692065,-0.0027332745760075827,-0.004378379554020706,-0.002952538993522491,-0.001448173748070103,-0.0034055293858757107,-0.004743131748943974,-0.00632358777880726,-0.0024746243321920047,-0.004476598001531384,-0.0030331888617270153,-0.0052615224902168856,-0.030958472505481005,0.06527923491868037,0.12333509583882574,0.22621096610214053
FRA,income,3,ECS,2014,2015,0,dominance,dominance,-1,-1,0.012820270331139878,0.004351309617930621,0.006289102941003488,0.012327949911608904,0.007927508557439095,0.004358117560077895,0.012921377556832009,0.03815121381982228,0.04944242215964345,0.006627825032709894,0.012463261025805084,0.009135341339476827,0.012330121722835485,0.06960149944622751,0.49682384453915773,3.4630258718100393,0.9303119980588086
FRA,income,3,ECS,2015,2016,0,dominance,dominance,1,1,0.0035662524499319114,-0.007730941793564705,-0.008333180426721598,-0.0109743727973525,-0.009882494265874397,-0.005779580361945702,-0.01711052123434259,-0.04776558829638938,-0.06242753129657597,-0.008270390887958196,-0.011073326379811788,-0.0121102445848833,-0.011315429373473296,-0.05424714110682505,-0.3871547926736483,-3.5128735426782924,-0.2779290927055733
FRA,income,3,ECS,2016,2017,1,single_cross,dominance,0,1,-0.005689464164460844,-0.00295218361370031,-0.004423455449430125,-0.008058160211572407,-0.0036120128442571897,-0.0012029728388456978,-0.0014680379320690107,0.002846190418402672,0.003867859349509728,-0.003043249189946806,-0.008354959171706422,-0.002515830443251321,-0.011060393441010896,-0.10480531326968023,-0.27973083237548124,-0.018737008557970114,-0.5987051783035362
FRA,income,3,ECS,2017,2018,0,dominance,dominance,-1,-1,0.016390491812756376,0.007379471579611607,0.00745352849019254,0.008171421767176418,0.009561412456088186,0.006050305093934102,0.018822797581079992,0.055082946537617805,0.07122166868278434,0.008031927961391516,0.008471018764964311,0.01267008775388101,0.007407723338538008,0.04186940853452592,0.7458433626346377,4.958195514759559,0.8436271434909841
FRA,income,3,ECS,2018,2019,1,single_cross,single_cross,0,-1,-0.05863885358484639,-0.011670816378579807,-0.007117071381856133,0.0042506433935046994,-0.010649283044471991,-0.008756155811515703,-0.029874748425042397,-0.088372276130115,-0.1178130804014389,-0.008950653558167099,0.004328608065548911,-0.018322917723376797,0.009432184533826493,0.0627676873384182,-1.753371358679555,-9.365078072744275,-1.544127721770984
FRA,income,4,ECS,2020,2021,0,dominance,dominance,-1,-1,0.002741024055940903,0.008405132397487691,0.011918553548288635,0.02093043391955901,0.011110829292873908,0.004719319796591806,0.00999227467408939,0.015488919136286111,0.022521732731926036,0.009389127988690599,0.02098493361446624,0.009850142830994307,0.02676962550680606,0.32032773122816627,0.5320293752313461,1.4027992055695933,1.0200022714197665
FRA,income,5,ECS,2022,2023,1,single_cross,dominance,0,1,0.010842546685843724,0.005702034536429479,0.005894466838371137,0.0048182469617343016,0.005361602207631405,0.002883033401967397,0.007300909645242493,0.014094191798505101,0.020686719676538345,0.004519208764849597,0.004821434854195783,0.006020866345773701,0.007087821274509409,0.10005401444345363,0.5285283306332467,1.6273059403195305,0.5970651383690573
GBR,income,0,ECS,1968,1969,0,dominance,dominance,-1,-1,0.011687650056605077,0.010632446282138497,0.015907292715113708,0.013694747635383892,0.010541312563932606,0.005065768657194797,0.01127195457587632,0.016728661240842824,0.028982410955020965,0.009327004192863905,0.017186077960084506,0.010457338466432792,0.0205846853918403,0.15313147895629564,0.288869590857586,0.7462506614188733,0.31617442285263486
GBR,income,0,ECS,1969,1970,2,multi_cross,multi_cross,0,1,0.02330622052669616,0.0006113274094735055,-0.0006850666730929822,-0.0013668018039370011,-0.000892290909732113,-0.0006498744571825921,-0.0024082885139929955,-0.008278149981320815,-0.01416008423574,-0.0007856998945904997,-0.0016820436525273874,-0.0013431245048768914,-0.0007145266006367001,0.0036615616595003786,0.15132314865675145,-0.011385255139964912,0.15989887438167916
GBR,income,0,ECS,1970,1971,1,single_cross,dominance,0,1,-0.004722438426915833,0.013281106232409412,0.01686948998336746,0.013127231854326793,0.012411643456706617,0.006386749482681489,0.015178053260852475,0.025591101700025903,0.042730403592270205,0.010866280088064284,0.015862566438949788,0.013220061525098303,0.020089224738063488,0.20660007452162743,0.25593280544440056,0.8560417189664076,0.2629293046614345
GBR,income,0,ECS,1971,1972,1,single_cross,single_cross,0,-1,0.03778607448898498,-0.005152644526512096,-0.0014501641088386918,0.00581117655772892,-0.0028323069469788076,-0.003050377285244696,-0.010532375563463592,-0.02619132519294859,-0.04377063158776873,-0.0024677954120654877,0.006819230498833206,-0.006319679038639919,0.008837967392205937,0.11685949607153923,0.12681565909678927,-0.4616704709862436,0.22417412210059506
GBR,income,0,ECS,1972,1973,1,single_cross,single_cross,0,1,0.08503967099736487,0.0003179718014175714,-0.00535253289638149,-0.011913877377629306,-0.002387108073659411,0.0003521749778962052,0.003936114869112217,0.014278953136150685,0.024258333502114038,-0.0020853274309179104,-0.0141130896367056,0.0007290976322185116,-0.01744972959028901,-0.16407826105384382,0.5752292656075833,1.724398877000139,0.6032000015360577
GBR,income,0,ECS,1973,1974,2,multi_cross,multi_cross,0,-1,0.00020490939024130027,0.001462188617131599,0.0056711077406131905,0.008615159194370697,0.0036843815419718984,0.0013072223232798996,0.002269505392419685,0.0027229572490505005,0.004515627416506907,0.0032165122927828027,0.01025705710967148,0.002707508369264894,0.011644758561157709,0.09582787967974005,0.036820350372142485,0.11227964588127826,0.08678860299283997
GBR,income,0,ECS,1974,1975,0,dominance,dominance,1,1,-0.039608268720843554,-0.01075003520377349,-0.013808661326941363,-0.011640264223654884,-0.010496050886422886,-0.0054602703676430026,-0.013187090212066405,-0.022634318425295008,-0.038628336466286384,-0.009194485415930792,-0.013924125938508392,-0.011296707656435007,-0.01685766837449501,-0.1882943443386922,-0.5221731332434922,-1.467620598829992,-0.5901026266792879
GBR,income,0,ECS,1975,1976,0,dominance,dominance,1,1,-0.034276959696685906,-0.00289299039198998,-0.00595259184165009,-0.0068955638063698255,-0.004387992190971607,-0.0021545410711212992,-0.005239266278541904,-0.009944350732634083,-0.017830305539569102,-0.0038725562122578078,-0.008489718194506501,-0.00444845520000739,-0.008889185858039494,0.02624345972233222,-0.2835195168164706,-0.845051716578892,-0.3431364658810505
GBR,income,0,ECS,1976,1977,2,multi_cross,single_cross,0,-1,-0.022372519101476807,-0.004489154951449026,-0.004139776125529626,-0.000980221000143694,-0.002660042011867092,-0.0014716276276597051,-0.003331469884511995,-0.003949638701073899,-0.007244592470147637,-0.002355866198668996,-0.0012218528453933897,-0.0030355204069247993,-0.00285483482564311,-0.07725844356468237,-0.23586557873356018,-0.4322234295155365,-0.24786319418782732
GBR,income,0,ECS,1977,1978,2,multi_cross,single_cross,0,1,0.08491455243261838,0.0009520351351309242,0.0013296723447513425,5.92509713548961e-05,0.00037813662888319666,4.5508751269601744e-05,-0.0003946298081237004,-0.002271319174722203,-0.004210381174471145,0.0003352789265783085,7.396425281400165e-05,9.383513295750656e-05,0.001375427311268912,0.0793228869119389,0.551382618204884,0.9543507345330742,0.6612202718477596
GBR,income,0,ECS,1978,1979,3,multi_cross,single_cross,0,-1,0.018632882610627555,0.0019820813000894777,0.0012673962139551076,0.0010979381353265205,0.0009510923339769994,0.0003905167680703023,0.0004872136139238009,-0.00134487823705301,-0.002508645390285058,0.0008427360375074938,0.0013680780439837836,0.0008053053172232955,0.0020480459439167764,0.04929837424328909,0.17087505179035922,0.1806965171387347,0.19109303257116572
GBR,income,0,ECS,1979,1980,0,dominance,dominance,-1,-1,0.02644256629143868,0.01043152389889973,0.015300523379911946,0.012790814187355698,0.010879958580291199,0.0055565235091476,0.013196387168823404,0.02186518275628302,0.039428186061640114,0.009583610888649799,0.015595667984042522,0.011476568279412888,0.018623355447116435,0.11912036904253309,0.440330199447982,1.3365221973884331,0.5140826937765812
GBR,income,0,ECS,1980,1981,0,dominance,dominance,-1,-1,-0.0020358069463415037,0.012057050570068895,0.016001809871310613,0.01422352669588478,0.0123190821057651,0.006272035263845899,0.015046879928617307,0.02660741401211239,0.04460054336642005,0.010726135439170087,0.016633808170316178,0.012995455817225804,0.020791128413831073,0.24367628026998123,0.28674361566716033,1.0850789145935131,0.31689737369068105
GBR,income,0,ECS,1981,1982,3,multi_cross,dominance,0,-1,0.09455575787229063,0.00217417554574989,0.002203432535906047,0.002287092750107411,0.0013717301766482948,0.000369836017902303,-0.00015831781306399617,-0.004519310259146314,-0.007346097992661282,0.0011862001790811094,0.002608081856917299,0.0007676565530255197,0.004390362371132606,0.06094831667978706,0.7949410364312071,1.33164832917271,1.0202116893367696
GBR,income,0,ECS,1982,1983,0,dominance,dominance,1,1,-0.04324578786817039,-0.001162538337227792,-0.0021638587978920487,-0.0031306454098314895,-0.0016085538675290056,-0.0006330785684795087,-0.0011783397610755086,-0.0012537298997147839,-0.002053615371865103,-0.0013911576237287948,-0.003574587172688576,-0.0013139674004048196,-0.004345926329940575,-0.013945705443936696,-0.37800306926016347,-0.7647905684381691,-0.5011722202336504
GBR,income,0,ECS,1983,1984,1,single_cross,single_cross,0,-1,0.028746127950798197,-0.006193063098009599,-0.00543455368043666,-0.0023036260955838217,-0.00453972619069179,-0.0026434519994244926,-0.006673786429818307,-0.011137378304376694,-0.01855629946867232,-0.003938272824103806,-0.002652019326310817,-0.0054817058887070835,-0.004182073983916901,-0.07955794764549351,0.060744720505552685,-0.03480132890480547,0.15741251599212625
GBR,income,0,ECS,1984,1985,0,dominance,dominance,-1,-1,0.03886950762719024,0.012534411405147106,0.014793945831379052,0.01427143083449961,0.011509561759824899,0.005384424281439898,0.011364436310851295,0.013335900204710288,0.022152943268947234,0.009950008925677906,0.016137259354929517,0.011173882237565491,0.022159722585234853,0.23047216674602122,0.6654920874540897,1.2573018303549368,0.8157490106548
GBR,income,0,ECS,1985,1986,0,dominance,dominance,-1,-1,0.06943583129361151,0.014920026774692563,0.019152591702862654,0.022798048707183105,0.018689851692596793,0.010161129590078297,0.027300485204044406,0.0612171141014321,0.09282609014448484,0.015915370104263693,0.024403562202988505,0.021175459027631405,0.027354889053636033,0.09316206172745378,1.0653087461992392,4.040345296462306,1.3204406016867427
GBR,income,0,ECS,1986,1987,1,single_cross,dominance,0,1,0.06719703691668281,0.019325599444524943,0.018903857937210833,0.016132828536942895,0.018487568368600105,0.009668304400167,0.023519621168801713,0.04004504007269277,0.05461657224772065,0.015453169562168217,0.016323495197422155,0.020257750357333182,0.02516176419670657,0.3539216529127458,1.2922436290917076,3.2418145559215645,1.5457015161665417
GBR,income,0,ECS,1987,1988,0,dominance,dominance,-1,-1,0.06563046951377086,0.004166790140421095,0.005767424320450076,0.009754144584485508,0.006129793959193303,0.0029678011837662027,0.007701610429358491,0.019368987283640005,0.02505563393308019,0.005060955940751677,0.009514987355709215,0.00624001060683671,0.011752636743842415,0.03819991683180213,0.8838933838434659,2.5272762651056944,1.2391253333298202
GBR,income,0,ECS,1988,1989,1,single_cross,single_cross,0,-1,0.007889327156240186,-0.0090954260883514,-0.006217698586464704,-0.0010718023908350138,-0.009177267733489286,-0.006754251836881595,-0.022087801405532792,-0.062150203818996275,-0.08355908895474962,-0.0075886177288183865,-0.001032911407898407,-0.014186475042330393,0.0020153819954850105,-0.023827701478364105,-0.22234765311129223,-2.686875909248851,0.03589434326367602
GBR,income,0,ECS,1989,1990,0,dominance,dominance,-1,-1,0.051767959453619894,0.023802702591376457,0.02507005798895079,0.03375804948435521,0.02814680333985778,0.014325408337228493,0.0362499361613694,0.07370865456484188,0.0981373335207717,0.023055363967833586,0.031121891006459235,0.0301519516467455,0.04359416841678421,0.38508060492990204,1.4854058559799732,4.883441968561236,1.8389711871812917
GBR,income,0,ECS,1990,1991,3,multi_cross,dominance,0,-1,0.009251548839696718,-0.007765908592381854,-0.0070542129490328565,-0.008224581551920102,-0.008805566324907893,-0.004917732327596999,-0.013516647502093498,-0.03097342941331388,-0.03969435519069997,-0.007143110481909687,-0.007322558262722212,-0.010377780881970305,-0.009808564099637096,0.02317556205652682,-0.16520164438858664,-1.1929907861502116,-0.053392033841994646
GBR,income,0,ECS,1991,1992,3,multi_cross,single_cross,0,-1,-0.034595215062509885,-4.142473785401224e-05,0.000811407299499578,0.004255921587073996,0.00030018672614920416,-0.0006430596028474955,-0.0036855161859083163,-0.015243733976498919,-0.020317058230070573,0.00024454966793169275,0.003809219924212015,-0.0013549376355874998,0.00666247396979136,0.22300921131047513,-0.43999845630807854,-1.6786026239436396,-0.5839940688941354
GBR,income,0,ECS,1992,1993,4,multi_cross,multi_cross,0,-1,-0.004712754349478455,0.0012017626573246898,0.0016001674244998654,0.002766802022001996,0.0022436658305526047,0.0013924639668675964,0.0044772990731019036,0.013272570297831188,0.0177205268269921,0.0018254984389954043,0.002453281703670096,0.0029345559502612084,0.002089858201414496,-0.1906061807641013,-0.015923815152582677,0.5047121225186011,-0.05054054983328271
GBR,income,1,ECS,1994,1995,0,dominance,dominance,1,1,0.0020808668558407197,-0.004595528984301711,-0.004443335175078111,-0.006617943187477826,-0.006087745900930391,-0.0035154747468344044,-0.010335786899109994,-0.027197321477928416,-0.033980642181727805,-0.00490296102482371,-0.005606443343143308,-0.007431550263149206,-0.0064476508686101,-0.021361463586616836,-0.149054506502738,-1.2504229584926492,-0.0994922190699743
GBR,income,1,ECS,1995,1996,1,single_cross,dominance,0,1,0.03853533430766844,-0.002234991817337273,-0.0029221358229570837,-0.01287033126930709,-0.0035769803792188026,-0.0009517911332330986,-0.00060329932430081,0.005702662563550731,0.007245988696899297,-0.002894787652094888,-0.0111857337159878,-0.0020095355827360883,-0.013503348656875802,-0.02741893140175833,0.4502394639915863,1.4838528321775506,0.6911876426487424
GBR,income,1,ECS,1996,1997,0,dominance,dominance,-1,-1,0.035356991097371546,0.004394463316922503,0.004950570117079889,0.010094968569447194,0.006241003388413491,0.0030794007791851985,0.008010597045464002,0.0180653528589505,0.02252827878847341,0.005044017212836899,0.00880558637281631,0.006505459717819989,0.011056705577776493,0.024731615956291364,0.6943419839520235,2.0850345894636426,1.0067397614365614
GBR,income,1,ECS,1997,1998,0,dominance,dominance,-1,-1,0.05273222049926472,0.008803448214115661,0.008382453016897995,0.01465031361771979,0.011623400784148807,0.006396050022046906,0.018342104588565306,0.0486432069036572,0.05776795348490793,0.009310604702430503,0.012372027812886988,0.013547996235248022,0.014766578116331808,0.06643899000149478,1.1935484745223572,4.3760076519853115,1.6049065799064053
GBR,income,1,ECS,1998,1999,2,multi_cross,dominance,0,-1,0.023837922595410302,0.0016119430213027974,0.001585943163130099,0.002778436094015291,0.0024897175211585076,0.0015062765763595998,0.004882247540266699,0.01648128781351077,0.018722564203293213,0.0019802854373542067,0.0022939034540593317,0.0031976563804101965,0.0023103858730000315,0.03154050394656327,0.46069814985784063,1.7666734845539196,0.6817293536901694
GBR,income,1,ECS,1999,2000,0,dominance,dominance,-1,-1,0.09174069858604514,0.020459322427253623,0.01627757174834754,0.024315100459270933,0.028980932061389686,0.018604730295170485,0.06286574493539349,0.22742023304713455,0.22673567005467488,0.022691927551330177,0.019398221520597392,0.039721958090896514,0.015881690968275464,-0.10035337360362906,2.5997195844898897,15.038068993473225,3.137776845794967
GBR,income,1,ECS,2000,2001,1,single_cross,dominance,0,-1,0.012232365216850708,-0.017459294724238905,-0.014426252093996617,-0.015387622240477017,-0.024097090214525996,-0.015403178365250389,-0.05174146191950085,-0.18934708050734922,-0.18492267430430687,-0.01882168234603318,-0.012137028536501893,-0.03291638953085582,-0.012189213013593658,-0.0014805478142312367,-0.6365518535943835,-8.560236028063962,-0.20894881868970572
GBR,income,1,ECS,2001,2002,1,single_cross,dominance,0,-1,-0.029583008932751446,-0.019324915131863685,-0.017516773496800253,-0.02232347178147609,-0.022984257064611296,-0.012798803371066494,-0.036343563332079915,-0.09581690260501141,-0.10927700211875291,-0.018380060766485018,-0.018474313565177425,-0.027133256716375703,-0.02577151694003904,-0.25792436715087597,-1.4769127732329963,-6.656535569106943,-1.60288301351477
GBR,income,1,ECS,2002,2003,0,dominance,dominance,1,1,0.018406775146454182,-0.002886714660224221,-0.0028145644029569095,-0.006491221308436823,-0.004107908205310595,-0.0023061113893702023,-0.006817258242452412,-0.01871231978455229,-0.0230832267036446,-0.0033297447111773903,-0.005575712151723311,-0.004868276625562107,-0.0054490202028739665,-0.032108682858633664,0.1738587180617941,-0.3995590053570197,0.4258749528820829
GBR,income,1,ECS,2003,2004,4,multi_cross,single_cross,0,1,0.034100369594860305,-0.0002104067466420223,-0.0014706517503813021,-0.008800048371830793,-0.001874783727359497,-0.0003982482032758028,-0.0002566187205300108,0.0004258586115568064,0.0005327424562772132,-0.001524194064292106,-0.0077128327454481505,-0.000840082277473897,-0.008654384459757913,-0.05045128623500705,0.5862055276897848,1.396651723538497,0.8487004547271724
GBR,income,1,ECS,2004,2005,0,dominance,dominance,-1,-1,0.01958080869328614,0.00647094766864631,0.007944727434992527,0.019760335236774118,0.010120740702088404,0.0048117177474842066,0.012591078556100005,0.03168947347863621,0.03869365525629198,0.008194313815581611,0.017072708644520762,0.010162539590734099,0.020336427771558085,0.12323011481599444,0.6891927222744805,2.8252196426623897,1.102444767584469
GBR,income,1,ECS,2005,2006,1,single_cross,dominance,0,1,0.017960403145604438,0.003950418977938797,0.003544921112994981,0.0037519793398679835,0.004382050814391081,0.002396846575981701,0.0063980633515950125,0.013550443799471956,0.016010716087362042,0.0035223049732130973,0.003143248166024626,0.0050724364108627185,0.0049475057678501355,0.028140042282545075,0.5446451246438535,1.641666106778331,0.7136993530159117
GBR,income,1,ECS,2006,2007,1,single_cross,dominance,0,-1,-0.002024969465875644,-0.014584127874451958,-0.013099190589414111,-0.014723933379036491,-0.0179043596178948,-0.010995194501766212,-0.0334211351591413,-0.09142986357436728,-0.11472023488111116,-0.014489390738636698,-0.012513231507049805,-0.023213384306955326,-0.013493625408639132,0.0029857264777994885,-0.8109314053811438,-6.167787802154336,-0.4607929945173588
GBR,income,1,ECS,2007,2008,0,dominance,dominance,-1,-1,0.017700865072492897,0.010229270629358689,0.010304225885726548,0.0211928424091683,0.014275774496759597,0.008048855435957403,0.023798386897508295,0.06547764246897658,0.08378321713884385,0.0115738229744545,0.017861674996695165,0.016979017371824112,0.018435446663537802,0.07321915475273677,0.87681161602654,5.216335694386906,1.0172789117369696
GBR,income,1,ECS,2008,2009,0,dominance,dominance,1,1,-0.008415196753967636,-0.003076933094505019,-0.003944430148884681,-0.009123806961221115,-0.004563741151450584,-0.0019536917000407966,-0.00440181463071071,-0.008220851924508776,-0.01004525492975139,-0.0036820180060707086,-0.007569442007118565,-0.004128296664987402,-0.010470887475563906,-0.1396519482701608,-0.32450266831841645,-0.908983644018015,-0.5549670758364655
GBR,income,1,ECS,2009,2010,0,dominance,dominance,1,1,-0.026238050776130284,-0.014231105324251703,-0.015584217078003393,-0.022820809152785393,-0.017900759808751,-0.009310503705670395,-0.024800314371488386,-0.0586022814248095,-0.0755593674935453,-0.014605616573033386,-0.019740510963900726,-0.01961229910836121,-0.027094523700942397,-0.257521314499197,-1.2271688131128577,-5.060685646147576,-1.6272126641568008
GBR,income,1,ECS,2010,2011,0,dominance,dominance,1,1,-0.02258707184903503,-0.005140423586276199,-0.0058858225292114374,-0.011788679893883797,-0.006742379219968814,-0.0033030068550694014,-0.008292331838684414,-0.0166128391846746,-0.022871231434228978,-0.005569392418559804,-0.010676239326464498,-0.006933454203578299,-0.012555402822187589,-0.025913964247818555,-0.6535172567950127,-2.022465333591917,-0.9814583434315871
GBR,income,1,ECS,2011,2012,3,multi_cross,multi_cross,0,-1,-0.0033388704852434295,-0.0010082758104527079,-0.0006764280624098618,0.005191880890086598,-0.0005189797383244044,-0.0007951878377754074,-0.002962445736821584,-0.008532454052835398,-0.012036012305001953,-0.00043025013266009826,0.0047437312749302185,-0.0016673244908528007,0.004284707491042705,0.04843007684591072,-0.10746039618397063,-0.7320459320898038,-0.06048514254075599
GBR,income,1,ECS,2012,2013,0,dominance,dominance,1,1,0.00580346105327575,-0.0038899610515237826,-0.005911752895930822,-0.02392950355902848,-0.00757583055838959,-0.003008460058442103,-0.006733500208656401,-0.01260472059437251,-0.01816743052194103,-0.006306082704378713,-0.022434217044378313,-0.0063014624999988,-0.022194079635736386,-0.0798888882993074,-0.10085044135323784,-0.7196167641234226,-0.2443062423627076
GBR,income,1,ECS,2013,2014,0,dominance,dominance,-1,-1,0.029384737927416037,0.004392285695902887,0.007087175684208913,0.020163300759751285,0.008042087864196107,0.0033629901985611083,0.0076964055976802,0.015215995815556993,0.021872707150154325,0.006692634511221901,0.018999745340738117,0.00704473998105562,0.021103191389803377,0.10256068451592615,0.7283101528208853,2.1917104987802816,1.4089052414209355
GBR,income,1,ECS,2014,2015,0,dominance,dominance,-1,-1,0.014919119033458874,0.0017209138123527312,0.0022173973331823804,0.0033158071233415076,0.0022225012319515847,0.0010281954440003044,0.0023546683674083857,0.003945714734372524,0.005562211584926424,0.0018400952196883924,0.0030255830103042003,0.002156445728350498,0.004388057155970182,0.019540190538179125,0.35349630422876643,0.8549507665110028,0.6081644968415958
GBR,income,1,ECS,2015,2016,1,single_cross,single_cross,0,-1,0.005691100423233993,-0.002044663336028596,-0.00048687564235738723,0.0093643185992133,0.0001634610933147207,-0.0005859280384339083,-0.002171438688127997,-0.004160806059333916,-0.00586668142835145,0.0001351744129234056,0.008400464109270367,-0.0012290227952305166,0.007649189131633816,0.0019001164459240272,-0.00832050511493776,-0.0979283919608207,0.34131692276222836
GBR,income,1,ECS,2016,2017,1,single_cross,dominance,0,-1,-0.0059619978511273805,-0.004986801764573334,-0.005030116803311668,-0.005126646563890502,-0.005459044701642518,-0.0031182884789491966,-0.008568268715550387,-0.018681052824497613,-0.0269641356615834,-0.0045263403141795056,-0.004572849351834496,-0.00653416616208749,-0.0060059679367012175,0.004414880280767086,-0.37150721715818236,-1.6633617993546466,-0.34977555892561085
GBR,income,1,ECS,2017,2018,0,dominance,dominance,-1,-1,0.02006384222955873,0.010819735520543439,0.011634861338848945,0.019344935691919196,0.012204525566980595,0.005829183589084894,0.013604231875926881,0.021759139703128122,0.031308859146303325,0.010085300615302911,0.01693473034032572,0.012223774999640113,0.02269871889789543,0.12238635343510129,0.9410594106505066,2.4379505527823753,1.214823664521969
GBR,income,1,ECS,2018,2019,1,single_cross,single_cross,0,-1,0.01354785666149915,-0.008651150227770743,-0.00761676570064973,-0.002101182142271507,-0.007390449854087683,-0.004284370903166593,-0.011161138728492281,-0.02046556988154602,-0.029407333028749982,-0.0060924468715727875,-0.001797844515124214,-0.008988120500816016,-0.005793144120586291,-0.08480629710311494,-0.227223377705549,-1.09457326020231,0.30887161241918193
GBR,income,1,ECS,2019,2020,3,multi_cross,multi_cross,0,-1,-0.01351325047369431,-0.0017137372446447974,-0.004030715228036108,0.004213795194608905,-0.0028738529726040074,-0.001447788946697795,-0.003321964280287304,-0.006303335010708705,-0.009316572902744014,-0.0023812963590418013,0.003595546617634837,-0.003032516134966884,-0.003230927332997513,-0.11038220260842824,-0.33616643499768273,-1.0113194217293469,-0.795363616293951
GBR,income,1,ECS,2020,2021,4,multi_cross,multi_cross,0,1,0.013577209570965313,-0.0023671486782557705,-0.0022259890357375633,-0.01644490601579518,-0.0033275946716113947,-0.001107081506844812,-0.0019960375600827085,-0.0020625443995113957,-0.0030766994673722126,-0.0027658332966990218,-0.01426059326265422,-0.002317252768554212,-0.012141098970389896,-0.0731832681361082,0.11221959520372593,0.33010162391776987,0.3192930642178098
GEO,consumption,2,ECS,1998,1999,0,dominance,dominance,1,1,-0.14658357412793308,-0.010725745003181797,-0.01075829730646427,-0.06391339120027939,-0.024332313711754205,-0.012650836071980698,-0.04148289340348427,-0.15342093278806823,-0.1581393492154355,-0.01799194047585767,-0.0338553867294194,-0.02727579163703142,-0.041947728067374346,0.006913207923814113,-0.37646799545346776,-1.6094132478509628,-0.28116247938433536
GEO,consumption,2,ECS,1999,2000,0,dominance,dominance,-1,-1,-0.037341802895920706,0.0032969558320607995,0.0033956966346988526,0.02084284600896591,0.006858825741333285,0.0027366595701862895,0.006614782897685967,0.014553174058225482,0.016184837723915213,0.005115979846058549,0.01153544731341799,0.0058834054492162835,0.017973929919117504,0.025888131727000108,-0.05728548933748723,-0.08484796048040444,-0.028516116061224617
GEO,consumption,2,ECS,2000,2001,1,single_cross,dominance,0,1,-0.04488942381745463,-0.009049444381712402,-0.011199411435660944,-0.052417701557673724,-0.018034804985406605,-0.0059480793786513,-0.00977008968272236,-0.00442339276142989,-0.004888624745092884,-0.013527650484856879,-0.03001871701153852,-0.01277564256799918,-0.054428080665196554,-0.6075589204954781,-0.126429918351034,-0.21308936108157628,-0.06446259000131793
GEO,consumption,2,ECS,2001,2002,0,dominance,dominance,1,1,0.24346780914419985,-0.02302722104890148,-0.024642823997669594,-0.0899748674327453,-0.03865420699257979,-0.016825551407391587,-0.04105122417012791,-0.08693041490098569,-0.10211081642215258,-0.02982900076663919,-0.06049030331696559,-0.03590430161582389,-0.08629374159804187,-0.38593852023423647,0.3644434108516412,0.5425153927942015,0.1867410775135253
GEO,consumption,2,ECS,2002,2003,1,single_cross,single_cross,0,-1,-0.010423208004826445,-0.0059475102327763985,-0.003702747708030696,0.008955494019813937,-0.004573627362791294,-0.003952193622600311,-0.013141633191139312,-0.033507646444545736,-0.043026628506185105,-0.003606308380740303,0.006610266076604698,-0.008384123657862091,0.008531781308705022,0.048863333037096446,-0.05692127586358975,-0.2971477631967181,-0.05439125885707108
GEO,consumption,2,ECS,2003,2004,1,single_cross,single_cross,0,-1,0.03395669616183053,-0.004817170839936602,-0.003411669979053733,0.000952274716695789,-0.003842577967563904,-0.002455163675538788,-0.0068491471893532,-0.013497316075876065,-0.018038932045899125,-0.0030426515314818936,0.0006944910159670803,-0.005198983969992216,-0.0003456359406394105,0.007219244662457491,0.04433198313880915,0.04330978289327625,0.021536931410077176
GEO,consumption,2,ECS,2004,2005,1,single_cross,dominance,0,1,-0.013377049716910783,0.012041107388781058,0.010510579215719074,0.01020308913704382,0.013405225555117195,0.00758587909916969,0.021039345345634286,0.04723737619638757,0.061355923818573244,0.010564042406867397,0.007342107398929432,0.016086820227902116,0.012594230703670883,0.06607522934753796,0.0423163716720758,0.30326304173099583,0.04563536727363371
GEO,consumption,2,ECS,2005,2006,0,dominance,dominance,1,1,-0.018710091835791778,-0.005072845085035305,-0.0059598617564201595,-0.017011684723196308,-0.008297247789967599,-0.0036882524698700903,-0.009029555212138995,-0.019998451697703257,-0.02538268650758113,-0.006521971264018794,-0.012342985788491911,-0.00782997664036772,-0.01789302045750929,-0.11151711023517752,-0.07022992083430868,-0.23453254504765653,-0.04854473468295928
GEO,consumption,2,ECS,2006,2007,1,single_cross,dominance,0,1,-0.013893971909515237,0.01235984822609243,0.01057993694079995,0.0116617189152462,0.014970626043502605,0.008817220469159892,0.025879821907176026,0.06517001042214088,0.07994750097766545,0.01172839237917378,0.008515589372044718,0.01874567087514742,0.011889408754240716,0.11436544117884395,0.04114051618419845,0.39461923140748745,0.05429094400535461
GEO,consumption,2,ECS,2007,2008,2,multi_cross,dominance,0,1,0.07770325816086034,0.004266834843673073,0.004069442784595867,0.005402964605456306,0.004732524469466481,0.001774214214803102,0.0024386199705901945,-0.004661395767083576,-0.005468557341087199,0.0036712102570382044,0.003865067817600487,0.0037833575770296057,0.010409649503796636,0.18046244520526855,0.20207897494826277,0.3608353300866929,0.12170536513168795
GEO,consumption,2,ECS,2008,2009,2,multi_cross,single_cross,0,-1,-0.008800466911824475,-0.0029908304930060803,-0.0023692204444232257,0.00010159030626716303,-0.002798701801737191,-0.0014286538806742993,-0.003154558804995433,-0.0028172642022723515,-0.003322229272313626,-0.002168966425930091,7.219680588982369e-05,-0.0030467793012083078,-0.0026123257607857386,-0.060289191148912735,-0.039125583099299366,-0.06627476033436874,-0.025061406145817644
GEO,consumption,2,ECS,2009,2010,1,single_cross,dominance,0,-1,-0.006031995353020972,0.012255236621688204,0.013302860648013781,0.0351518454390467,0.018772899411228283,0.007573066232527098,0.015531435376172631,0.01932722961429384,0.022536123578677958,0.01443328003249969,0.023973584166236295,0.016178809503391872,0.04294794236155941,0.4435026553588868,0.06046707948906427,0.10590830249523009,0.038625581530652986
GEO,consumption,2,ECS,2010,2011,2,multi_cross,multi_cross,0,-1,0.035801649017634815,0.001293635406181326,0.0018012997281091625,0.010354656950449792,0.003844901341189033,0.001968086320829593,0.006410861963487391,0.022580348071783496,0.025610465988950226,0.0029228153692058,0.006698494220880369,0.004216025420631431,0.007459242574918701,0.134702437423444,0.09557643254217751,0.3540187430675612,0.07308859099280018
GEO,consumption,2,ECS,2011,2012,0,dominance,dominance,1,1,0.07067080155095497,-0.006345319763003843,-0.008822235301490844,-0.04092752185472337,-0.01475041476398592,-0.0058378231999185876,-0.01394229864864932,-0.0332749485059724,-0.038007405666342864,-0.011274367474449487,-0.027436010159065383,-0.01249191638578262,-0.03924829022462095,-0.31454423288395184,0.13970691480521458,0.1557509208511929,0.08451805654539246
GEO,consumption,2,ECS,2012,2013,1,single_cross,dominance,0,1,0.09323591440034892,-0.003649020729777408,-0.004733574126838169,-0.01656033636423132,-0.006627197888121494,-0.0022798682918530044,-0.0037546962951807705,-0.0009666904469687321,-0.0011294201126326175,-0.005119845312913707,-0.011873148411849499,-0.004867218042225174,-0.019158989183403252,-0.2584947736359302,0.23027089300083947,0.557771709621238,0.16545444246109153
GEO,consumption,2,ECS,2013,2014,0,dominance,dominance,1,1,0.043593926170365886,-0.010355227854408677,-0.010900671670370121,-0.023084922251750573,-0.014679074333964981,-0.006555285468297506,-0.01520299808724701,-0.02765938257061845,-0.032972324116796514,-0.011461864586007287,-0.0173673980991092,-0.01395960249921882,-0.028751008380449417,-0.3360822973219024,0.047294189798056774,0.02726183856861475,0.030455268451023976
GEO,consumption,2,ECS,2014,2015,0,dominance,dominance,1,1,0.008972195770895183,-0.010471012506732102,-0.012212919396737298,-0.027811286276737124,-0.015576134078362114,-0.006763153357098789,-0.015282906371976906,-0.026242559703875623,-0.03255484481258086,-0.012347715276077115,-0.022295542173395633,-0.014348202395980392,-0.03351737858005488,-0.34890338380737607,-0.05571087637779781,-0.19729433298745835,-0.047221513529924763
GEO,consumption,2,ECS,2015,2016,2,multi_cross,multi_cross,0,-1,0.008212811436928315,0.0013600862444462791,0.0015027631950593756,0.003280174528705604,0.002201583080333802,0.0012009834985704931,0.003405827002524897,0.007807279814325885,0.009823721575983435,0.0017569603183588967,0.0027124081951383494,0.0025439353886115845,0.003012134833647262,0.12469507786616685,0.03428083445193275,0.1284925057298958,0.03186107059304888
GEO,consumption,2,ECS,2016,2017,0,dominance,dominance,-1,-1,0.030395604322723677,0.012994359509351905,0.015615421094728132,0.03818194800497349,0.020102403820194292,0.008343221126293196,0.01796976298714989,0.027966268135251993,0.03424010266479105,0.015864954923527103,0.029971546767680768,0.017720234041215116,0.04630077391813542,0.345655150885106,0.1948870931838771,0.47325695860194106,0.1490976574976688
GEO,consumption,2,ECS,2017,2018,2,multi_cross,dominance,0,1,-0.020706557458846062,-0.015267741284052172,-0.01414668341370251,-0.022474761865088788,-0.018540201418461494,-0.00920740168111929,-0.022816189344324972,-0.041544593047754486,-0.05140467127250248,-0.014620592649366299,-0.0172933507001235,-0.019550922892794004,-0.0281015115829249,-0.23231422356107245,-0.18486473648505175,-0.548583987030363,-0.153372665794409
GEO,consumption,2,ECS,2018,2019,1,single_cross,single_cross,0,1,0.0008636288284350193,-0.005193957374099112,-0.008152916543146649,-0.026467792955704283,-0.00867090932534309,-0.0017755861415517105,0.0017221269614794976,0.02666266138452783,0.03336309408342497,-0.00693137079163661,-0.021662860518358584,-0.0037586381830019,-0.03475481897941041,-0.4150114405666301,-0.03891376301581273,0.27144084001069047,-0.008144930609671475
GEO,consumption,2,ECS,2019,2020,1,single_cross,dominance,0,-1,-0.09446269274782385,-0.01426542891527427,-0.012934213914959303,-0.012632720661427288,-0.016163226424398602,-0.009492707822493687,-0.027338196322021308,-0.06794213575390923,-0.08802682308133403,-0.013082133451924077,-0.010874254733899913,-0.020031528609030708,-0.014428516496736488,-0.1109050246366774,-0.36138601874508636,-1.2251344020541355,-0.28258176869801477
GEO,consumption,2,ECS,2020,2021,4,multi_cross,multi_cross,0,-1,0.03933223976209556,-0.0028864376337499054,-0.002527070247672847,-0.0019919450812504458,-0.0021313139628313937,-0.0008109791134069122,-0.0009116906624040966,0.00347083201697318,0.004753277177653281,-0.001740868279720309,-0.0017479319449135167,-0.0017064372384937854,-0.004540209614587731,0.07387708482451938,0.07848884719397997,0.247718385817417,0.05972968633698006
GEO,consumption,2,ECS,2021,2022,4,multi_cross,single_cross,0,1,0.10353567291441465,-0.006743166165326719,-0.0055591330711837195,-0.0011677446990563944,-0.006436902895217311,-0.004495250680466495,-0.013950505652121109,-0.03471060316675728,-0.04902188684534592,-0.005280276584210902,-0.0010289975971519705,-0.009444916672836506,8.320660937355395e-05,-0.21060409631997512,0.22478643447852598,0.1927721565260434,0.1359626882516729
GEO,consumption,2,ECS,2022,2023,1,single_cross,single_cross,0,1,0.1303732427873929,0.012549729927596398,0.009238742082409823,-0.002426100516221774,0.01007389881867149,0.006975383061210497,0.0205085844473131,0.04396255359479739,0.06154422832915485,0.008248759123356902,-0.002148080744401315,0.014665947930403794,-0.0017730281766504263,0.15571342670931276,0.5099726571685621,1.3835754736794863,0.41411706285169214
GEO,consumption,2,ECS,2023,2024,0,dominance,dominance,1,1,0.050461363479144136,-0.009016394819170714,-0.011182436568223597,-0.01864494454783741,-0.012330062124071284,-0.005756118238598798,-0.013609949370078006,-0.02497368068993938,-0.03430718900163754,-0.010107578809818302,-0.016983771341104403,-0.012106479630890704,-0.02394593669067918,-0.25058559840549055,0.08103195828504406,0.023653840477755317,0.055790488069291655
GHA,consumption,0,SSF,1987,1988,1,single_cross,single_cross,0,1,0.026592953236243454,0.006418840175855367,0.0043073939918187865,0.002638064055598688,0.0064215573477584,0.004205378829075804,0.012674432805570707,0.030598014044204314,0.03961761437845113,0.005202905272697789,0.0023832428671172745,0.008878996738418687,0.0018640321983942054,-0.028624793430779505,0.037653739348706416,0.1424466295372535,0.017996034142122613
GHA,consumption,1,SSF,1991,1998,1,single_cross,single_cross,0,-1,0.28629535619257035,0.016387413961147623,0.02177436466834437,0.06195051939012669,0.02721435253983817,0.008235759612891705,0.00861394881976868,-0.021710996231502133,-0.025228011972244113,0.02099924224416999,0.04582444584923279,0.017599524122732912,0.08384181599537138,1.2460083383495721,0.3328011943833219,0.5708536750172468,0.10508883546819109
GHA,consumption,1,SSF,1998,2005,0,dominance,dominance,-1,-1,0.1354388737625869,0.026804971528965493,0.02523851549667011,0.0766096813174747,0.044511787049908935,0.02160436047674069,0.05903493635030321,0.14574513667022376,0.15728680387500082,0.033138127510492416,0.04822786964177933,0.046566827874773065,0.07350235067064015,0.39003165691677477,0.26376133544933644,0.900373407021263,0.15300799960812378
GHA,consumption,1,SSF,2005,2012,2,multi_cross,multi_cross,0,1,0.35318442092834645,-0.0038513946621800965,-0.0041229213387042885,-0.017665171325710993,-0.009069540586712221,-0.005015815580987709,-0.016692700189277987,-0.05579364664354386,-0.05712457142435756,-0.006632964500752403,-0.010402474951560936,-0.010863523124478469,-0.012042866551015163,0.12170835861609941,0.5971168428282343,1.1718252680849552,0.305736133186913
GHA,consumption,1,SSF,2012,2016,0,dominance,dominance,-1,-1,0.04977546285190173,0.011377156678422207,0.0167368781001469,0.10974325802691837,0.032827948299559706,0.010650968587662901,0.0206502654677021,0.03689714380491721,0.03814789801916996,0.02372602944036728,0.05880436311211007,0.023106735645577192,0.10347652596895596,0.9078681384130984,0.1625663031042679,0.42846831513178785,0.10158734398891145
GIN,consumption,3,SSF,2007,2012,0,dominance,dominance,1,1,0.24475625788297345,-0.05624744650926544,-0.05715109164929599,-0.095416892498117,-0.06845889984722409,-0.031218666260927397,-0.06971647139182177,-0.10085877106081609,-0.12578534690045262,-0.0547146847353121,-0.080833936755831,-0.06613668852214702,-0.12761261357763337,-1.5221294663166933,0.11254391086563276,0.2391443846293808,0.0433960431699964
GMB,consumption,3,SSF,2015,2020,0,dominance,dominance,-1,-1,-0.0030109391792974382,0.028257913915781807,0.031063142946825884,0.05617922164381281,0.03825913792428798,0.01777232824555751,0.04321633668538441,0.09094973304853227,0.10281010826975279,0.03033170934380741,0.047690867121539304,0.03778706053767339,0.07082385745964503,0.7871772305874147,0.13817582457987299,0.5099743058665478,0.09265897481543439
GNB,consumption,4,SSF,2018,2021,0,dominance,dominance,1,1,-0.07885206677202271,-0.013254238434582066,-0.012898280934027673,-0.014071383343533778,-0.015118008754132384,-0.008566803290208397,-0.0234258142356919,-0.050951081136500015,-0.06905493153156816,-0.012529166082818899,-0.0140865383195789,-0.017993110586619093,-0.016795811302986408,-0.010924334742595576,-0.16234966591194455,-0.5147749123385004,-0.09258888266750309
GRC,income,0,ECS,1995,2000,0,dominance,dominance,1,1,0.12067805572761012,-0.020549914296390415,-0.025524342142359102,-0.1044291380968757,-0.03488846614008109,-0.013694048184674304,-0.029197619984547896,-0.04641400772327681,-0.06326457842148625,-0.02792799342828639,-0.07773418271099253,-0.028921051820158306,-0.09612594562682553,-0.3949223207946613,0.6693749223060657,0.7592140074998,1.0993140756379507
GRC,income,2,ECS,2003,2004,0,dominance,dominance,-1,-1,0.05253261128178938,0.008303841842616011,0.01021006645103717,0.07740769169366801,0.014937270389348778,0.0054035561485901995,0.0112219712518975,0.016407061348057805,0.024101063348048957,0.0122512260950228,0.0585992645370193,0.01133711831654649,0.050973815942712886,-0.02911681059685467,0.957098140877779,2.227375406007301,1.458230106221313
GRC,income,2,ECS,2004,2005,1,single_cross,dominance,0,1,0.010897413045296171,0.010076483154887184,0.008802435271686782,-0.06609349288361488,0.003984511260973517,0.004587143760010903,0.0134346911852129,0.026068492716479902,0.03665732432850566,0.0032372095127959077,-0.0493141645884867,0.009650776372201297,-0.027428140235947696,0.33625795338515196,0.5295324606366343,1.705191630956321,0.4662671201534323
GRC,income,2,ECS,2005,2006,0,dominance,dominance,-1,-1,0.009156988261318916,0.005223449943414837,0.007357319218725955,0.045938077094320684,0.011795940641683794,0.004699740724484799,0.011367027577192018,0.025913431558175215,0.03469845721452469,0.009508321915439905,0.03510582323674172,0.00991316797413161,0.0352059071336005,-0.07097888525175922,0.3263491558705187,1.6110591914040988,0.5221554439788889
GRC,income,2,ECS,2006,2007,0,dominance,dominance,1,1,0.028668151158337925,-0.011707885327313705,-0.012647123257748638,-0.02113148406902049,-0.014012015508925502,-0.006361412275307399,-0.014216524017317711,-0.02127365930242764,-0.028365466402705874,-0.011307176130913504,-0.015654729105408383,-0.0134119472531595,-0.027419064830366713,-0.09013009941387651,-0.07164590590083186,-0.27142562246193336,0.1403441983308138
GRC,income,2,ECS,2007,2008,1,single_cross,single_cross,0,1,0.01593723325506914,-0.0036387778014045913,-0.005412814734305771,-0.04247818682485571,-0.007587635311714386,-0.0017028563761250087,-0.0007949961743791978,0.008095320935543993,0.010920994698528252,-0.006189389166466386,-0.034073408751084444,-0.0035821591408455866,-0.03429495484088635,-0.20575144883401641,0.07034055089880908,0.9189011471051707,0.03740427037241645
GRC,income,2,ECS,2008,2009,3,multi_cross,single_cross,0,-1,0.015069003023548638,0.00029915585771900233,0.002527403345562451,0.03940317893081419,0.004954978252790676,0.0003550428440084047,-0.002464431874254991,-0.014247174223607384,-0.019329791395803153,0.004047195381787383,0.0317271165946344,0.0007465961415693001,0.030642793238061572,0.016685240766105558,0.22003085114225485,-0.3375680180904794,0.5960344681943326
GRC,income,2,ECS,2009,2010,1,single_cross,single_cross,0,-1,-0.142762832960561,0.004838693669496685,0.0083880863789354,0.1705929254730562,0.01661022305381421,0.0034572812920345003,0.003134094712516189,-0.003447658808071019,-0.004755291138510143,0.013421764270195702,0.10788288513509264,0.0072777636959174,0.0869993116511919,0.3074423278707288,-1.6753505767146706,-4.1729874574518995,-2.6550445574305854
GRC,income,2,ECS,2010,2011,3,multi_cross,single_cross,0,-1,-0.18659183756042208,0.007445392811070484,0.01292134740692874,0.09075706077408718,0.018651675702755388,0.0056753187096621055,0.008567177922582908,0.005364304786861229,0.0073854885224612365,0.0148079956022589,0.043366939083637535,0.0119771939281543,0.06733364237806683,0.6584385379200768,-1.8588010642415025,-4.190882985561149,-2.8275446949581227
GRC,income,2,ECS,2011,2012,1,single_cross,dominance,0,1,-0.14148407152697162,0.014023718249581318,0.014326622085358398,-0.11904406080715219,0.012144223441357488,0.0077783354135351895,0.0197116665854932,0.037700275656468885,0.049934766840415645,0.009494176459400094,-0.058576738337779766,0.016477242276495385,-0.012428403576528302,0.24414715792796837,-1.0049644882915025,-1.5759246486844098,-1.7029098992843057
GRC,income,2,ECS,2012,2013,2,multi_cross,multi_cross,0,1,-0.04595391318980135,-0.0012135599079280968,-0.003508931284258776,-0.07533297988728199,-0.01015312909251298,-0.0025628726343689956,-0.004503871830516704,-0.009538907456052181,-0.01232744790671414,-0.007929655027619276,-0.04530342720950481,-0.005437010280024995,-0.04757366725903267,0.22154620472767927,-0.45023324672293263,-1.208882969892418,-0.6887345441109849
GRC,income,2,ECS,2013,2014,1,single_cross,single_cross,0,-1,-0.003492817728585261,-0.003268164561435416,-0.0012356127410132478,0.12754998614042112,0.006443101362558296,-0.00046476047416979527,-0.0041931211564665005,-0.01072934506263562,-0.014106848618436363,0.005041431351790193,0.07271007628008669,-0.000985128004614394,0.05908586064758048,-0.28178936663163423,-0.11139667593885783,-0.41280081516582356,-0.07658410373909419
GRC,income,2,ECS,2014,2015,3,multi_cross,multi_cross,0,1,0.016192732894733757,0.0019293890098361355,0.002407834597983771,-0.0017741674233699989,0.0028852322393471963,0.001430999068236502,0.003563680226279703,0.007916560346549195,0.0104338178417539,0.00224705368293579,-0.000884252150265552,0.0030340359941409822,0.003794399868806697,-0.04927104621350242,0.1917963958211697,0.5630552063934431,0.27164964661039637
GRC,income,2,ECS,2015,2016,1,single_cross,dominance,0,1,0.020836540164497642,-0.010416969637271845,-0.013835812875055198,-0.11259956787822745,-0.02193175404130318,-0.006827596930287602,-0.01116740606221131,-0.008099939369491604,-0.010677219167217755,-0.01724449542593451,-0.0633473750834056,-0.014454148787688581,-0.07942169668671384,-0.26748254905283364,-0.07648789425268987,0.12949395465788172,-0.1248579141521482
GRC,income,2,ECS,2016,2017,1,single_cross,dominance,0,1,0.014894691885415668,-0.006093137944355287,-0.009048923832676192,-0.05525100484424389,-0.012481365777842618,-0.003411731858647307,-0.0035351213884171895,0.007273514383177804,0.0095946838068115,-0.009984034303552797,-0.0373480851604413,-0.007202062470277409,-0.0480137258266779,-0.4418036442253772,-0.024037602513471867,0.5367826764880093,-0.08133151237142044
GRC,income,2,ECS,2017,2018,0,dominance,dominance,1,1,0.03405900413529232,-0.01455760000040518,-0.02198183159633693,-0.09925368422263658,-0.029959223212408098,-0.011426032167689795,-0.02488107788661359,-0.04814147105027669,-0.06595656207054901,-0.024479569833949694,-0.08122294310121742,-0.024021054027378808,-0.0903387992727207,-0.29162921191752034,-0.08207610910504215,-1.0825898442652786,-0.12717679991212272
GRC,income,2,ECS,2018,2019,0,dominance,dominance,-1,-1,0.06121747300286057,0.0021417202847233696,0.008075726677669981,0.08184235349522528,0.01455915371792632,0.0035503219614412967,0.004535730406169974,0.0034157366462934102,0.004884086634843299,0.011987842853981912,0.06840463706563088,0.007447656589789603,0.06675745221560753,0.005897069839843283,0.6168815397155907,1.3177366136512276,1.0341698269403565
GRC,income,2,ECS,2019,2020,1,single_cross,dominance,0,-1,0.011435600086511857,0.004585582270561828,0.006052737290743626,0.0277877834241681,0.00745463972835908,0.0024663309695883012,0.0038330118699625992,0.00022672293428199763,0.0003229837487770393,0.006070836054310802,0.020205761613131534,0.005182305421454397,0.02481083047842947,0.25540685503051375,0.24046935514972034,0.23918760010360884,0.35410883637823254
GRC,income,2,ECS,2020,2021,0,dominance,dominance,1,1,0.06463056198256964,-0.006174303403982118,-0.009432860860661862,-0.04752428138209319,-0.012782883023096991,-0.0046894350848182,-0.0095884125126722,-0.015704633306985988,-0.02273537161196415,-0.010437815705250514,-0.03541420292507952,-0.009847504363776294,-0.040264043254408965,-0.3101974835762533,0.45538544478658594,0.6517535463712676,0.6729126108356454
GRC,income,2,ECS,2021,2022,1,single_cross,single_cross,0,1,-0.007204511751747986,0.004272426800320084,0.0020530453169678164,-0.02357254855450941,0.0022073656909800954,0.0039959693933794005,0.016145890111966515,0.05182582245708017,0.07242275130421894,0.0018119602812489977,-0.019183235744019478,0.008389666914412813,-0.022129512580770727,-0.18538046190778168,0.057721118674468386,2.059797490672768,-0.16641053622080726
GRC,income,2,ECS,2022,2023,3,multi_cross,multi_cross,0,1,0.03361270167602757,0.0006438189978437148,0.0006247918200821267,-0.0070908202967047695,0.0007032722961302917,0.0010643267456621058,0.004174615414053395,0.013754442895575703,0.018077694031140457,0.0005764554891175,-0.006001759789182326,0.0022377089655227778,-0.005478897437517283,0.01833882228411987,0.3681655860881641,1.3545466881521655,0.5204547916727353
GTM,income,0,LCN,1986,1989,0,dominance,dominance,-1,-1,0.47149838252476994,0.04639949224440665,0.031115407071047096,0.46523227693512337,0.13457633512435463,0.04884437854344742,0.1376469635828259,0.4765587492113794,0.3065997770617661,0.07362289772996644,0.09293752138878242,0.11389492237880816,0.28977394686653146,5.505192184571811,1.4828522853887458,4.946902636308359,1.1238655461151508
GTM,income,2,LCN,2000,2006,5,multi_cross,single_cross,0,1,0.02933796735573365,0.0035788767806022026,0.006339700281497773,0.05868682808341519,0.016675399745878505,0.0030832832479174843,0.000900192663153554,0.0035430437785453073,0.0022576968665422026,0.009738882892450673,0.015176890341485727,0.007103953010876296,0.06323449163261396,2.1118438767808776,0.23403648756274986,0.5793072219062125,0.20755242248078876
GTM,income,2,LCN,2006,2014,0,dominance,dominance,1,1,-0.254299604191055,-0.06212944756847555,-0.047386201568247244,-0.3540824918073482,-0.13765989856624467,-0.05232555155157709,-0.12839618528625563,-0.2970055500485912,-0.20212959549153364,-0.08547706773881869,-0.11694173653994366,-0.11865327369017648,-0.2868040658598342,-4.22710351405253,-2.0754969058772117,-6.199634871650774,-1.9888505476970084
GTM,income,2,LCN,2014,2023,1,single_cross,single_cross,0,-1,-0.1106329596792302,-0.030885967907991085,-0.016679286757502965,-0.011493944226050434,-0.043979432233043125,-0.028184198587696302,-0.0990326481627169,-0.3717921671501355,-0.3059107296985373,-0.029883152140095015,-0.00511203232199231,-0.06231226752023872,0.0014839965936097599,-0.04671797972835812,-0.7381708519226318,-3.937429381126684,-0.7110189436774372
GUY,income,0,LCN,1992,1998,0,dominance,dominance,-1,-1,0.7011244160200757,0.05553836183991173,0.05527733554623082,0.5276910748388342,0.1268816715832516,0.04897464386223781,0.12165997399847195,0.2848803708712411,0.30190216873827425,0.09074875010597688,0.21580787026903203,0.10620375176023872,0.35245358715190167,1.4343784817716747,2.129302309559433,5.870519674771087,1.5695660920782843
HND,income,3,LCN,1991,1992,2,multi_cross,single_cross,0,-1,0.10512702681525712,-0.00017176078585701138,-0.002604159158874575,-0.022726028800107878,-0.004462190133877886,0.0006841259364505914,0.008457808520176302,0.04188709344230712,0.029691184505234336,-0.002759353474581283,-0.00726345436973963,0.0015515897445084192,-0.030131589067284303,-0.9631326347734124,0.31235041321315515,1.0249429085046495,0.2566963913971976
HND,income,3,LCN,1992,1993,0,dominance,dominance,-1,-1,0.17985348575143525,0.016211052900133693,0.011360017491293672,0.08890443242919699,0.037891342985920506,0.017313417383155505,0.0581063546427113,0.2663318634159273,0.1759609937596711,0.023044422866229874,0.026999086286214835,0.03949644241517897,0.05801266713215014,0.8238604364790945,0.7363053061107179,2.981238781833488,0.6124206473688585
HND,income,3,LCN,1993,1994,1,single_cross,dominance,0,-1,0.011425198009894227,0.015657030653910664,0.013379325620990756,0.1489925345872759,0.04236060287897647,0.01135011275515227,0.01211682613542786,-0.0834158837046639,-0.05295959514733384,0.02474958787506698,0.03796092464678669,0.026137172548234222,0.12350202549993494,2.1337098167245454,0.15951536696008484,-0.2553060298447871,0.11908673066222963
HND,income,3,LCN,1994,1995,2,multi_cross,single_cross,0,-1,-0.020402120215230017,0.00474617020065915,0.0018018805364977686,-0.0015388919035007609,0.007718692554272266,0.005273188547516738,0.022481536364488353,0.12579870890640032,0.07920788009315038,0.004397882364156336,-0.00035291046906560375,0.012210553113325862,-0.006697032302460881,-0.44821061873108015,-0.04734419753398189,0.3402574127739264,-0.02982147704110938
HND,income,3,LCN,1995,1996,3,multi_cross,single_cross,0,1,-0.08162461147653013,0.0021597431683966217,0.003634625519350232,0.0541913875569231,0.012647923875305334,0.0025800055655361698,0.0024003421459514174,0.0010573080834477278,0.0006493970308862895,0.007133429458086482,0.011999908799332992,0.005990018316735846,0.04737948294220362,1.5372685474236594,-0.29826254875307834,-0.91375867088394,-0.2562550812445852
HND,income,3,LCN,1996,1997,0,dominance,dominance,1,1,0.18891535811428561,-0.02957974044827938,-0.02158527030802293,-0.23678633691585071,-0.07655783967571261,-0.02741328254697739,-0.06933277462767273,-0.19485101616789824,-0.12440526391465112,-0.04459126777484568,-0.059836200341922496,-0.06312232236430759,-0.17077681940668588,-2.675674104977606,0.5302883333332127,1.2489935388908098,0.424324259835859
HND,income,3,LCN,1997,1998,0,dominance,dominance,-1,-1,0.03711690259044226,0.04566006408510148,0.037505204970378236,0.7414059509156217,0.15385573734986935,0.044569766105111486,0.09124517719016856,0.15041118521242236,0.09688325982019408,0.08628017810356137,0.14088726705026045,0.10322285351045446,0.46011317942959074,7.659242758034271,0.539156133993405,1.260991870960968,0.48017937566822066
HND,income,3,LCN,1998,1999,0,dominance,dominance,1,1,-0.07480099503309405,-0.020611050537537645,-0.010632971759410581,-0.11862846135806993,-0.047209190594472594,-0.0214267605666566,-0.07106542743838284,-0.27104929885324713,-0.17935265114329124,-0.02507713684898699,-0.015215335108111017,-0.05000923102414667,-0.05477108504686168,-0.3740815397662338,-0.5019943361467387,-2.342730143090611,-0.4841246610734675
HND,income,4,LCN,2001,2002,3,multi_cross,single_cross,0,1,-0.1319772023184097,0.0035219061673841257,-0.0001695514995272429,-0.03364139799313093,0.0003947339115385473,0.004528570938905407,0.026131836428091137,0.13894344611458298,0.09685298265347919,0.00021775235076770816,-0.005788038691275976,0.010492270847112906,-0.03826904115199459,-1.3865625742289023,-0.6598488708400216,-0.8740133807231487,-0.6027594601262489
HND,income,4,LCN,2002,2003,1,single_cross,dominance,0,1,-0.06021975861839096,0.023670632943894487,0.013418686173395367,0.1596088097514503,0.05855836658320568,0.022227759626965493,0.05955382994419012,0.15560412664722656,0.10145439778860399,0.03136952276509658,0.025588618354078663,0.05196967885503856,0.10237108441877574,2.2043446302479612,-0.09073691842521203,0.07840298036115811,-0.05660653393690618
HND,income,4,LCN,2003,2004,4,multi_cross,multi_cross,0,-1,0.033151733563833344,6.306196904015682e-05,0.00022409281771240686,0.020269421645768393,0.0015984003337992103,0.0003252414123925962,0.0013391031549369048,0.015088011259057899,0.009494039097705187,0.0008307677706902994,0.0029366696421835314,0.0007663372089035114,0.008093594834569284,0.16744093622159184,0.16363777787169376,0.5270814100902488,0.14664056203154452
HND,income,4,LCN,2004,2005,1,single_cross,dominance,0,-1,0.08719044281365608,0.013935921031870357,0.010520933323068471,0.3285630845981118,0.057934368155757476,0.014745118475146202,0.025982464085954837,0.004752570937864187,0.0029788366163661095,0.029232345614913502,0.0400426433298986,0.03492618071285891,0.18320966430795216,5.248818476332122,0.586761542738051,1.2794855818851385,0.5542054682438158
HND,income,4,LCN,2005,2006,2,multi_cross,dominance,0,-1,0.0865740667972083,-0.019569739801703512,-0.01026896406530986,-0.1644288735116044,-0.05089182604710629,-0.017717581074677913,-0.04251201899027013,-0.06322376130453833,-0.04009401563105519,-0.025587761103695372,-0.018420616369632326,-0.04192350738656181,-0.09637190155831576,-2.5583677460226824,0.30476127508529594,0.9468430761867062,0.2688609408314848
HND,income,4,LCN,2006,2007,0,dominance,dominance,1,1,0.07972310617327637,-0.017064743498696133,-0.016109248107393115,-0.46164495799865235,-0.0787190181342049,-0.020422049163726863,-0.04179259786581424,-0.10188370145039216,-0.06687910140936726,-0.04223512848678018,-0.07233573087567713,-0.04769080432574224,-0.26537646523781544,-5.579281540423732,0.2996074842110792,0.582075441780745,0.3008992861922115
HND,income,4,LCN,2007,2008,2,multi_cross,single_cross,0,-1,0.03197745633117451,-0.003447966618699616,-0.000555809304263466,0.08403024557980054,0.002976419291813359,0.0012697494591588088,0.013825284158127449,0.1395311257270575,0.09087609473962477,0.001658149146636756,0.016172124989847658,0.0029459566320002573,0.02438164585166569,-0.34087488336693283,0.1617149199737815,1.5795346794842828,0.15010301735520315
HND,income,4,LCN,2008,2009,0,dominance,dominance,1,1,-0.01741962926286347,-0.04180098722918035,-0.026408457051470324,-0.3260856474997029,-0.09995054281264715,-0.04195233881962751,-0.1278337770860094,-0.4562175141983378,-0.32122950081089785,-0.05847266702381959,-0.07419327833892564,-0.09603757851901662,-0.1812395983359616,-2.1440622614872638,-0.5807245886389207,-3.932355866772477,-0.5953604912715567
HND,income,4,LCN,2009,2010,0,dominance,dominance,-1,-1,-0.007996439248641928,0.01803365128359402,0.010812915688699465,0.07103338484120969,0.03525546355232767,0.015362379384094599,0.04247351398200516,0.11116340160381155,0.0853600591660566,0.021295324533704307,0.01910779638157578,0.034862523703734494,0.05174668259421478,0.7250774180623623,0.15558124323536493,0.8410757268255438,0.16382261909199025
HND,income,5,LCN,2011,2012,1,single_cross,dominance,0,1,-0.11183729170777443,0.008047205843920935,0.004676647245232979,0.015350682257318837,0.015250618832217122,0.0068679157450586,0.019369360208491893,0.054357363249025514,0.04125497898895025,0.008985864848835401,0.003423080097286979,0.015659333152006294,0.01722054494753733,0.23482673330114423,-0.5199311547264545,-1.0783736874293268,-0.49310813643606144
HND,income,5,LCN,2012,2013,0,dominance,dominance,1,1,-0.0016342275317668324,-0.033910593577293924,-0.022908380986574328,-0.2241047545228778,-0.07629622085409332,-0.0312992990354766,-0.08656975733917766,-0.2411324839958402,-0.1942930554255593,-0.04635882813671599,-0.05811737055674593,-0.0708081358049415,-0.14556784586720206,-1.5098643367730418,-0.3337091075973575,-1.885062296603957,-0.3443835687865495
HND,income,5,LCN,2013,2014,1,single_cross,single_cross,0,1,0.02171012982732605,-0.0008428190697780669,-0.0031852433269685676,-0.06261040943601626,-0.009927333082216494,-0.001376014015696786,0.0013320270055025007,0.01222390024910025,0.010636434939579775,-0.006296245809925827,-0.020057742803306855,-0.003080758824209495,-0.04849911758753289,-1.1715805615618855,0.09688741103403764,0.3451593856186612,0.09946306806824179
HND,income,5,LCN,2014,2015,1,single_cross,dominance,0,-1,-0.008629935278288255,-0.006261094920325505,-0.003751587911832943,-0.011247602219724984,-0.01044643671389911,-0.005101506204367806,-0.014312521771321696,-0.03291015223987004,-0.028865174203268396,-0.006693319529987807,-0.003823721569617522,-0.01139867097649544,-0.010737423002540547,-0.03912782699791961,-0.10286116252585042,-0.37785248307408814,-0.10504980181590717
HND,income,5,LCN,2015,2016,1,single_cross,single_cross,0,-1,0.049143811753212634,0.0055039078517827855,0.00929550464866813,0.15126332723753833,0.02969840517224298,0.0058295648203118,0.0018562188470745977,-0.031155710648297807,-0.028025585540671916,0.018846902423455325,0.0461229126889271,0.013028391056655708,0.12297533359887836,2.060233916622966,0.297224503406726,0.2650349295547798,0.2689292886927239
HND,income,5,LCN,2016,2017,1,single_cross,single_cross,0,1,-0.015257833664304454,-0.0035721211692316124,-0.004886066407160494,-0.07711426800050702,-0.015583289424262181,-0.0026644223994440053,0.002361266583638333,0.03736153666609754,0.03352500736629005,-0.009819499822421585,-0.022152786244009626,-0.00596055485585717,-0.06537264011458288,-0.9139955580560688,-0.11287506135469538,0.16740714580995686,-0.09920935351475402
HND,income,5,LCN,2017,2018,2,multi_cross,single_cross,0,1,-0.002335974004787205,-0.005115085409435505,-0.002203121189067403,-0.0034425055038553865,-0.006083389191452793,-0.0044518937419439075,-0.016361469767224524,-0.051085299282602525,-0.04609960244830025,-0.0038750469296900403,-0.001051279689601281,-0.009937202196823591,0.005509046532730433,0.22827118679703062,-0.06290919017271346,-0.4890096092570442,-0.07262037282310807
HND,income,5,LCN,2018,2019,1,single_cross,dominance,0,-1,0.00892731859974832,-0.007599645653739273,-0.005985039432433559,-0.041550603539106,-0.016584996224875637,-0.006159782586473483,-0.013691921791310013,-0.021503775670348446,-0.0200016532934566,-0.010684972943144466,-0.01315060182719574,-0.013704231925510513,-0.03777097795393469,-1.2960185482400348,-0.03292517493982938,-0.10484010870131755,-0.03552132825606291
HND,income,5,LCN,2019,2023,1,single_cross,single_cross,0,-1,-0.0006091230506531927,-0.013391108845013211,-0.006996541871816864,0.0516008462574713,-0.012798834860820174,-0.009068358268418508,-0.0278740773632028,-0.06661869567427048,-0.06449992979263652,-0.008367719047343236,0.016204019657826585,-0.020080870448980992,0.021813500331943847,0.4812674655982665,-0.13842895304917135,-0.6590307498016621,-0.14159245516766994
HND,income,5,LCN,2023,2024,1,single_cross,dominance,0,-1,0.052497806596531346,-0.011480101452044311,-0.00820457776291772,-0.009022126196524427,-0.017694799971820274,-0.008301815192333,-0.021378612631841154,-0.0448693908136496,-0.04589507137263604,-0.011746449672365378,-0.002738856668475842,-0.01828634567466203,-0.021429707686241195,-0.17746973347041184,0.1328354171055759,0.056281240329195015,0.1263161573055589
HRV,consumption,1,ECS,1998,2004,0,dominance,dominance,-1,-1,-0.17870867294290727,0.00927444042451131,0.010753488302367553,0.008441830249939913,0.009018093826663104,0.005122234116761201,0.013375003532596713,0.0252283807292788,0.04300122936432882,0.007831551722201513,0.009648491219113708,0.010615630273503707,0.01097031055538128,0.06808499960794068,-1.5343320322921326,-2.208464301289723,-2.605272364204314
HRV,consumption,1,ECS,2004,2008,0,dominance,dominance,-1,-1,-0.011385847383914644,0.04022583195954438,0.04196630180086569,0.0394182524641247,0.0425844838753536,0.0239328631067037,0.06394741442713109,0.13490314660524,0.1916232454219945,0.036042129660643185,0.04199444964386567,0.04999238911336551,0.05080520210354322,0.3531786085152744,1.1897252771053761,5.965256533409395,1.0166886398383
HRV,consumption,1,ECS,2008,2009,1,single_cross,single_cross,0,-1,-0.01617538867196755,-0.005155205180526812,-0.003791545707182986,-0.002061244818216512,-0.007328898009699297,-0.005676573951148803,-0.0198033233858132,-0.06186531649494037,-0.08150227177903502,-0.006094109294008693,-0.0020792673886284585,-0.011916802927760511,0.0023566615416931724,0.16738254385169604,-0.33847965088438237,-3.005186789381579,-0.28525235893230416
HRV,consumption,1,ECS,2009,2010,0,dominance,dominance,1,1,-0.17794268453772763,-0.058279946322083775,-0.07082218954884201,-0.06896105921596771,-0.058624659388854,-0.0291279857192544,-0.06759002873492659,-0.10562185212717173,-0.1662900740216392,-0.0503888845277697,-0.07735621377668211,-0.0605721325585664,-0.10081004944214866,-0.9407330848080235,-3.269327507225424,-8.145916440582967,-3.9794565685058574
HRV,consumption,2,ECS,1999,2000,0,dominance,dominance,-1,-1,0.11702976040907184,0.03680078304220119,0.04459092253455055,0.0398127707513761,0.034044729170835605,0.016431739383586802,0.0361414669756302,0.048764073742780495,0.07980525010811335,0.029554632194611505,0.046693868461967825,0.034083617711273606,0.062067359279176226,0.6615480936518598,1.4865721419000932,3.1550043830763386,1.6113815186048717
HRV,consumption,2,ECS,2000,2001,1,single_cross,single_cross,0,-1,-0.0577570979072774,-0.0022218465484236116,-0.0018490095022867248,-0.0005529414112372955,-0.002412357201134502,-0.0018117149588540021,-0.005792299340884294,-0.014205336611888386,-0.022201376505913695,-0.0020612351495271908,-0.000610655386788006,-0.0037727840759785025,0.0005086886339347729,0.06731486823188071,-0.4343890480988275,-1.2693739558398889,-0.48321578172835
HRV,income,3,ECS,2009,2010,2,multi_cross,single_cross,0,-1,-0.07761668531378546,-0.0018119454246520728,0.0002231320123551317,0.11724369164914611,0.006395592454650406,0.00043903320151769676,-0.001019578838004409,-0.0026744696106967003,-0.004219594525051273,0.0052345016420645984,0.07171452872546141,0.0009196945270698031,0.04825760038748572,-0.007304268477088094,-0.6339289874824283,-1.2540776690322915,-0.808458451026663
HRV,income,3,ECS,2010,2011,2,multi_cross,multi_cross,0,1,-0.03642041941519486,-0.0011768956295918898,-0.003602267181936347,-0.18577888866690068,-0.01422930992160662,-0.002801488538780192,-0.004061435103712707,-0.00648272631288091,-0.010346896718941734,-0.011691827289043999,-0.12363474822767079,-0.005864810672183002,-0.08428136483400195,0.11253537952802972,-0.28694943092048675,-0.7353639627485471,-0.40487594433416874
HRV,income,3,ECS,2011,2012,7,multi_cross,single_cross,0,-1,-0.05068107080793708,0.0021793005012644695,0.0017912074321744242,0.014775269408871583,0.002590414294968507,0.0008839819522235004,0.001657360438771821,0.0013543056853360103,0.00217575693904537,0.00214087638844751,0.011951522798256897,0.0018496111998791143,0.00954851537818091,0.10303137015507158,-0.30180748449862005,-0.6234707842694238,-0.4161177181282083
HRV,income,3,ECS,2012,2013,3,multi_cross,dominance,0,1,-0.015195673415011686,-0.00480601300851996,-0.0051243557831888165,-0.013638966539730624,-0.005259349860212703,-0.0019517834200522,-0.0031883524992765144,-0.0006345835596910099,-0.0010185420813145774,-0.004352455676959105,-0.011016310220619385,-0.004082647352232599,-0.014646516508982188,-0.3488281744021329,-0.19927127130344502,-0.21536108707623036,-0.23781542605536554
HRV,income,3,ECS,2013,2014,2,multi_cross,single_cross,0,-1,0.05387548656364984,0.001107365320469289,0.0014519350069773784,0.02299673640890082,0.0031722781393896116,0.001260168101990991,0.0034685157746913997,0.008515369579588816,0.013531755473118134,0.0026280065138133968,0.018358199715640178,0.0026354608355555753,0.01182889497854328,-0.04506344602762358,0.38465341119937424,0.9934265065407413,0.48005836725213413
HRV,income,3,ECS,2014,2015,0,dominance,dominance,1,1,0.04265970155434508,-0.009901163454251793,-0.012814434604721536,-0.05556604937484669,-0.015389661992957993,-0.005938797944003593,-0.0123475549662653,-0.017964459534439897,-0.028900183188684814,-0.0128274796749826,-0.046291060619228,-0.012404305226613788,-0.046589343411414075,0.0061832035989617395,0.07860587791133167,-0.052459955345783627,0.1470229963261378
HRV,income,3,ECS,2015,2016,2,multi_cross,dominance,0,-1,0.07714875934310059,-0.00214801848434093,-0.0016675031807286134,0.007209917842814079,-0.00038816731055690834,-0.0005469660393413039,-0.0014405709613329043,-0.0016475581135735051,-0.0027196684796082504,-0.00032610168389041183,0.00639133540309933,-0.0011404257845941956,0.004046423275521405,-0.09278400660608899,0.5078895269449832,1.0271735457538433,0.7204452049158405
HRV,income,3,ECS,2016,2017,2,multi_cross,single_cross,0,1,0.05075766478764455,-0.005462177735820806,-0.006026561382834195,-0.009481349251451193,-0.0052785201925115155,-0.0024924652028093935,-0.005613397672282999,-0.007991178843219093,-0.013368775264381738,-0.004447103908976874,-0.008430498693367205,-0.005192512021588713,-0.010430298004884153,-0.025433635370710306,0.250636722715047,0.4220885817077331,0.42055472707338115
HRV,income,3,ECS,2017,2018,1,single_cross,dominance,0,1,0.07124029765244788,-0.006237983673358594,-0.01055924749546544,-0.027245495349317,-0.0104788500727247,-0.003616345301961005,-0.005736351066809586,-0.0035414854966095977,-0.006022382161500528,-0.0088981939742378,-0.025465123214844232,-0.007521421946679485,-0.033082211727948896,-0.3509738829852358,0.4006661294916336,0.9484202932025347,0.5238758537372723
HRV,income,3,ECS,2018,2019,0,dominance,dominance,1,1,0.05975579546050432,-0.008197790559480278,-0.010072413680211945,-0.017161158324743492,-0.008608749273004396,-0.0037753810900281043,-0.007948102027882209,-0.010215539003814222,-0.0177298372978153,-0.007380273818463123,-0.017056194073637287,-0.007836546295661412,-0.02014353857582729,-0.165412139963796,0.2629064984543916,0.47129402155684375,0.49048722893464625
HRV,income,3,ECS,2019,2020,1,single_cross,dominance,0,-1,0.04077236761543947,0.006346392546073887,0.007955638126702191,0.0170283897822468,0.0069019724801299975,0.002561028778278407,0.004313449540879116,0.0025242462998029125,0.004432164774272662,0.005922100617811121,0.01692736809384321,0.005314180181961198,0.0201728488339995,0.1390979931877725,0.5419813273847467,0.820841775233788,0.7977443604544412
HRV,income,3,ECS,2020,2021,1,single_cross,dominance,0,1,0.05999588696914287,-0.006470602416333127,-0.010175031489056963,-0.024985284410905,-0.009486879807177578,-0.003378829804771208,-0.005634584833597522,-0.004257785103112893,-0.007496140177798538,-0.00815057088910201,-0.02512231742077603,-0.007009590594035886,-0.02954258903810031,-0.21253204216096844,0.34502884251662813,0.829776342289172,0.5019241819944256
HUN,consumption,3,ECS,1998,1999,1,single_cross,dominance,0,1,0.01438264528039367,0.012401645965915309,0.014632187941774677,0.008794369572342087,0.0126608601068295,0.008023618717242699,0.023122864598834003,0.054408767479076886,0.09316466345067453,0.011218727962065494,0.011092682989069097,0.016558409399974605,0.010279308760024003,-0.0022666829487594242,0.2069101388572605,1.290534876123055,0.20435363319429967
HUN,consumption,3,ECS,1999,2000,4,multi_cross,dominance,0,1,0.015844103425129645,-0.004092573678124878,-0.004862346020989228,-0.003308896604788586,-0.004428655732446801,-0.0027934627708433024,-0.008158406313699601,-0.020260010966228703,-0.032991767083102475,-0.003908068630418093,-0.004137341557755192,-0.005772923497892213,-0.0037781702921849958,0.008784935372402547,0.0032213666020850518,-0.3000867418467541,-0.008740984328369228
HUN,consumption,3,ECS,2000,2001,1,single_cross,single_cross,0,-1,0.13228654059463732,-0.0028719362195934184,-0.0018710179925444104,0.0009617399502771795,-0.003506441052493703,-0.0031704790173624,-0.011068835039807198,-0.030911726193090905,-0.054183044318801166,-0.0031065600642223995,0.0012069981103385863,-0.006541654024406596,0.004147585078913801,0.10325681745217352,0.4576250988601207,0.29482745982215786,0.38001656884581325
HUN,consumption,3,ECS,2001,2002,1,single_cross,single_cross,0,1,0.02117448354673679,-0.0008821323907011736,-0.003600561573032346,-0.0049631258948927,-0.001783173868473903,-0.0003453295734360956,0.00034695861124559024,0.003516157140478815,0.006432423675776899,-0.0015840006817107039,-0.006268567086727295,-0.0007118531599940997,-0.007759431039320502,-0.056113898329567924,0.07211252050753325,0.270102119120164,0.06330408938433285
HUN,consumption,3,ECS,2002,2003,0,dominance,dominance,-1,-1,0.11079217628468309,0.04086514353325549,0.055961346483645036,0.0539450291883668,0.041073503899759,0.019292612812786693,0.041952393388301604,0.058037337183281995,0.09699649641616459,0.03577849838669629,0.06323094750031369,0.039971454152449,0.08138807129224931,0.688356459674889,1.1685160582733438,2.619203501074681,1.1427573938992377
HUN,consumption,3,ECS,2003,2004,1,single_cross,dominance,0,1,0.038485345292856604,-0.009057775156375791,-0.012198500362402998,-0.013709177560022684,-0.009711605001833795,-0.004323393671124998,-0.008887101281333298,-0.010420273295012494,-0.016315191276960017,-0.008327456940087102,-0.015099607096739187,-0.008993511544956506,-0.02068123482703832,-0.18278848391797498,0.04599322438673248,0.14265873174129773,0.05051010867227923
HUN,consumption,3,ECS,2004,2005,2,multi_cross,single_cross,0,1,0.02022214866050843,0.0017419272718459666,0.002415815284991907,0.0036545305809811968,0.000954746305582288,-0.0003507088127746999,-0.0031466583571315987,-0.01358044822612009,-0.02191921711339817,0.0008222600865734064,0.004085536744431795,-0.0007286225244781952,0.007510898889992124,0.0748862279483018,0.13916743340877868,-0.1669586988865106,0.14773731698606962
HUN,consumption,3,ECS,2005,2006,1,single_cross,dominance,0,1,-0.01241251864775854,-0.012328434213605688,-0.014636376706232745,-0.013709856375870105,-0.01124829764834609,-0.005299075070876597,-0.011262207000993896,-0.013454450572240317,-0.022523688882465587,-0.009737456092065111,-0.015561376753683687,-0.010992475539198604,-0.021390451822369094,-0.19710507194603855,-0.2855397841898162,-0.5343439200937148,-0.2860438564137935
HUN,consumption,3,ECS,2006,2007,0,dominance,dominance,-1,-1,0.023570790527640356,0.021914011481886708,0.025678237818753002,0.024683560347305594,0.022468911374936396,0.011913828169553206,0.029715963542814583,0.053822426200447304,0.08558494075691336,0.019342431360055617,0.02756599202428739,0.02475839990941392,0.03355133320623516,0.2080618611698557,0.5204394706403015,1.8022128287503598,0.5260928718455316
HUN,income,0,ECS,1987,1989,0,dominance,dominance,-1,-1,-0.7401822662205181,0.04162951927144823,0.06006780138096396,0.030291758779882508,0.029942338453607303,0.015392917460025697,0.0344016740610438,0.04655489440611468,0.10246496190617588,0.027512386434298097,0.04398548231304869,0.03146367038375969,0.051180292567197305,0.4528930275211138,-1.9181536355428515,-3.477282481185026,-1.629352002771841
HUN,income,0,ECS,1989,1993,0,dominance,dominance,-1,-1,0.4357304544877855,0.02876547769993426,0.03906326263776605,0.025463594433787387,0.029449859789022703,0.017327105776453806,0.04708856110536931,0.10311785038945961,0.17401265818201117,0.02626808409450039,0.0336899415624583,0.035723850540337596,0.0343094272583353,0.10013715704173798,1.8562693045894312,5.58380069596076,1.5752394899460809
HUN,income,1,ECS,1991,1994,1,single_cross,dominance,0,1,-0.10316156129372454,0.0366128674327823,0.036349318169441536,-0.15226646956936352,0.019012096167740994,0.013833422602085893,0.034670413883621104,0.05156277554811417,0.07518265166962035,0.015727085548262493,-0.10294910414276043,0.028952633157185687,-0.03285692551718011,0.6767270905066964,0.0765220622951972,0.08172023017862529,-0.09118107365079409
HUN,income,4,ECS,2004,2005,0,dominance,dominance,-1,-1,0.09751847886944669,0.048519197903717504,0.05950902737153063,0.11024592416742418,0.0639700337896158,0.03079297824902079,0.07717554025513917,0.1695933500626114,0.21646379763800894,0.05319174126450099,0.10441021608892881,0.06460407879476587,0.1247015155706761,0.571297002230811,1.5988669243871634,5.854482651754511,1.757616278404408
HUN,income,4,ECS,2005,2006,0,dominance,dominance,1,1,-0.0271374275315379,-0.0641590905404737,-0.07805819223903299,-0.1253863460256631,-0.0800597597520332,-0.0399013498024018,-0.1015442454292633,-0.2222358759076159,-0.29953486703727783,-0.06711470421600901,-0.12147983471594231,-0.0835065837373627,-0.1448078073050113,-0.744899703359271,-1.504093363480906,-6.613236590556694,-1.6052936228789427
HUN,income,4,ECS,2006,2007,0,dominance,dominance,1,1,-0.024801352755188553,-0.004120492239237605,-0.005684193048765662,-0.00534579490646328,-0.004655926540440114,-0.002518175304361589,-0.0064607742929770895,-0.012653407854901405,-0.02176798721730655,-0.004070893198369785,-0.006216015568801303,-0.005209648888766988,-0.007031337231453105,0.017330566882681087,-0.2234114234828084,-0.7293660764500807,-0.24752126028408572
HUN,income,4,ECS,2007,2008,0,dominance,dominance,1,1,0.022175530784953625,-0.003660753669219363,-0.005664216938179867,-0.006335083825329019,-0.004472821087404294,-0.0022990274620711057,-0.0057684562808159034,-0.0113814470158565,-0.02031517634608604,-0.003928686440691304,-0.0074993911646747125,-0.004750154354025593,-0.00805890821546007,0.03800594301553506,0.04989942380808099,-0.1588691498921797,0.06275350864229567
HUN,income,4,ECS,2008,2009,0,dominance,dominance,1,1,-0.04842923533821745,-0.005548155570799296,-0.006998524500390735,-0.0050852060153346035,-0.004883845555477689,-0.0026028807504117,-0.006296854029100102,-0.0102140119991527,-0.018892454400208925,-0.004309824708729093,-0.006126942904779803,-0.005370943553183211,-0.007371172944839716,-0.0242137944324452,-0.37223902088785366,-0.8956565782358545,-0.40256832235912476
HUN,income,4,ECS,2009,2010,0,dominance,dominance,-1,-1,0.039855645970489954,0.02484436177335131,0.033407830932347005,0.0321629876301012,0.024360073771150903,0.011475736779151605,0.024900838110144097,0.0338249700781825,0.060259347429353904,0.021289103902571382,0.03719452277837293,0.023735955955857813,0.0483402564006751,0.38317014945859906,0.7138431849678852,1.6348535092900818,0.7698511936561165
HUN,income,4,ECS,2010,2011,2,multi_cross,multi_cross,0,-1,0.011079585114747215,-0.002880294503391223,-0.0012510459506250848,0.002132758727886014,0.00015441089577369893,0.00019240724129709896,0.001429162031015896,0.007625879349262704,0.012755915013213937,0.00013329772410511365,0.0023412670306046657,0.00039921300898357326,0.0007063495705645906,-0.06608083345651794,0.007404052366208447,0.3932556822387525,0.040902345432749954
HUN,income,4,ECS,2011,2012,0,dominance,dominance,-1,-1,-0.05504241279910303,0.016415988446943475,0.022050242832576394,0.0319860494046528,0.018848923347478286,0.008274993995664393,0.017546918522779203,0.025172793097958307,0.04031727444150046,0.016118003558050403,0.03342089033604673,0.017208528166406806,0.042916919615818505,0.27874341374258904,-0.001474037161854902,0.11834082450860706,-0.03172778596671755
HUN,income,4,ECS,2012,2013,1,single_cross,dominance,0,1,0.03418818639069797,0.0070210375352884324,0.006748806754874548,0.002855521723564597,0.00541189919089502,0.002899955861006609,0.0067939584138154985,0.009371786850836589,0.014380166608131906,0.004571937950147792,0.002837365498018163,0.006048981144976595,0.0063254373354628135,0.17725583318472893,0.3470912812484661,0.7202668373875145,0.3720183314733845
HUN,income,4,ECS,2013,2014,1,single_cross,dominance,0,-1,0.049708370631902976,-0.0058986882710972965,-0.0037274016598263238,0.03547146510110219,0.0002153117142121852,-0.0021327555543602106,-0.00783732840606799,-0.018173368138077794,-0.02818387906356057,0.00018138268457740248,0.03343575537726984,-0.004449615528822698,0.025554556825873098,-0.2680557455776942,0.19682251864739708,0.07914713711066845,0.3026214827066047
HUN,income,4,ECS,2014,2015,2,multi_cross,dominance,0,1,0.04831112898310473,-0.005051161184025821,-0.006798193012752973,-0.015834802925126484,-0.006292379744688298,-0.0024968240891006938,-0.004781497356720704,-0.005004790873296,-0.007985566802723332,-0.005316960395605086,-0.014524776041563825,-0.005202631776461991,-0.016980440477071312,-0.14385195111654836,0.2098794388643359,0.47964702259990766,0.2714571029994062
HUN,income,4,ECS,2015,2016,2,multi_cross,single_cross,0,-1,0.042818670534410415,-0.0008621933109824176,3.281422437728665e-05,0.10495055806259951,0.0094746683997175,0.001704477762075704,0.00231271338106101,0.005502449302662388,0.008774103199775007,0.007993231716739574,0.08599836949027373,0.0035508560837058945,0.057683973898059404,-0.22941600613085278,0.27325603261895637,0.8023537650725014,0.3874287962069545
HUN,income,4,ECS,2016,2017,1,single_cross,dominance,0,1,0.05013290120498614,0.0025592319924661044,0.0034532131259897847,-0.08609487216260481,-0.003407381088458006,0.0012649710455379937,0.006313261364715689,0.018945981905771597,0.029320380317697903,-0.0028658943970244766,-0.06877236154275423,0.002637378007569219,-0.04300172180787171,0.09241932487889137,0.42037667564715697,1.4561392315418882,0.5211395145211073
IDN,consumption,0,EAS,1984,1987,0,dominance,dominance,1,1,0.011004570113615877,-0.018865900586165774,-0.028045060028657032,-0.02882822745806321,-0.02037768303561599,-0.008929174383949898,-0.018197480630993912,-0.022146434575304602,-0.03217322352921703,-0.017397291477587895,-0.03251556374571829,-0.01861873903051861,-0.04415500408219125,-0.451337870347309,-0.028640786725182443,-0.04569625395773147,-0.005214493079823898
IDN,consumption,0,EAS,1987,1990,0,dominance,dominance,-1,-1,0.20217748899490015,0.006614811220527983,0.007222379196767603,0.006215566118533605,0.006826864774702901,0.003834632684683495,0.010109422879468116,0.020604005402764802,0.029980217022565925,0.005867917368991393,0.007251591594120699,0.007984749221817106,0.008356232241676087,0.04838654396490716,0.14233654885958658,0.3499149367821337,0.03983653229971029
IDN,consumption,1,EAS,1993,1996,0,dominance,dominance,-1,-1,0.1856803598755485,0.024542793754102676,0.027150398648401408,0.028989695358910106,0.026820038329949197,0.014013923582781099,0.03580751790639081,0.07476885456881299,0.09390912060595435,0.02247127743589189,0.031229673517385093,0.029403456140244116,0.03945229927141247,0.3175562906820586,0.22008924525221862,0.6206517535955609,0.08570337130738881
IDN,consumption,1,EAS,1996,1998,1,single_cross,dominance,0,-1,-0.30034080340516606,-0.03357556329722938,-0.03364830351819015,-0.03236679967963571,-0.0345914905555012,-0.018823373860984302,-0.04904513275182651,-0.10186146996782869,-0.1309872732738785,-0.029096036260204378,-0.03504517551154851,-0.03944252804868631,-0.0443716060470834,-0.37274691576797725,-0.3191239175138946,-0.8872326225988756,-0.118017331611382
IDN,consumption,1,EAS,1998,1999,1,single_cross,single_cross,0,1,0.307538417184149,-0.0007949181983452069,-0.003986038127978819,-0.006117334997540802,0.0012584294733518908,0.0028961739667727054,0.013948996241197498,0.05835961666799461,0.07770871901573195,0.0010762421398565758,-0.00701126664522389,0.006042217798832211,-0.01372412400434947,-0.1711996450773623,0.22878603772682626,0.7535536211414957,0.0897216665551912
IDN,consumption,2,EAS,2000,2001,1,single_cross,dominance,0,1,0.05635564953166103,0.008593971193279981,0.009092345064870333,0.008027504834478394,0.0082034477243354,0.004334826834326996,0.01063009430649789,0.018398284712827673,0.025923343209120486,0.007036343152484081,0.009277282277377397,0.009032908539651885,0.011742014440539295,0.09032903675574078,0.07521273510579873,0.19139032018057645,0.028418750224742995
IDN,consumption,3,EAS,2002,2003,1,single_cross,single_cross,0,-1,-0.0025880695880512628,-0.008393357094838683,-0.006235193130040395,-0.004425994526081584,-0.008756197212864303,-0.005834244470712208,-0.017320373576611287,-0.040689328155929294,-0.0607599998142867,-0.007591339290749094,-0.005312373933274911,-0.012121019917100878,-0.0039352074926403136,0.05092566334894677,-0.03278688976456512,-0.22361707139579678,-0.029606220210984302
IDN,consumption,3,EAS,2003,2004,0,dominance,dominance,-1,-1,0.006618728721337793,0.010914899105828268,0.013546440836642026,0.011818207985769491,0.010498777998305092,0.005208428362650799,0.011929651320872398,0.018044713845343396,0.02762901226569081,0.009094185969156593,0.014024920764397014,0.010819017423895794,0.018060598070748224,0.2222510986129218,0.04622063092019357,0.11456295782001114,0.019503311234991605
IDN,consumption,4,EAS,2005,2006,0,dominance,dominance,-1,-1,-0.051010511949096,0.016105969323352287,0.021405722366151236,0.021451572765514404,0.018123731795617687,0.009402626709457906,0.02404942340006369,0.0526776528479736,0.07479116680156894,0.015533430446498797,0.024491582871960488,0.019591162119669908,0.02934371057512941,0.23997343736411203,0.0016572878063079166,0.14250181014132401,0.012883829853966328
IDN,consumption,4,EAS,2006,2007,2,multi_cross,dominance,0,1,0.1101804810255184,0.017147318919397803,0.01594525498803978,0.015111587360540885,0.015172797824117706,0.00746419384734319,0.016346703325461814,0.017287688736355222,0.022952273265837708,0.012789494924348,0.01633581444501192,0.015623923472862289,0.02398224586071329,0.2832496842063943,0.1994745833798317,0.4002039979566341,0.08346134514251197
IDN,consumption,4,EAS,2007,2008,1,single_cross,dominance,0,1,0.02788077027175674,-0.006002764579950082,-0.006583190428098629,-0.007226275277904481,-0.006087488860346907,-0.0028951975221903903,-0.006374206895592094,-0.008096998417228718,-0.01066311882273907,-0.0051079843432679795,-0.007721171063895693,-0.006067763921784791,-0.010778749976359525,-0.10574969762833852,0.012836488781388988,0.04250028071760115,0.006282892655652406
IDN,consumption,4,EAS,2008,2009,0,dominance,dominance,-1,-1,0.011209191528671256,0.007927204432093271,0.008237216437395278,0.008750139735040185,0.009868105216098016,0.005926923710930898,0.01755248956132749,0.04735267475795801,0.06038294757059248,0.008264665683106187,0.009328726685629452,0.012432028886582513,0.009410488839025899,0.031777949188084076,0.047957988661467166,0.2853103095348688,0.039612452248848906
IDN,consumption,4,EAS,2009,2010,1,single_cross,dominance,0,-1,0.09514939424426924,0.011593703273157008,0.013850159792006433,0.017260223898893506,0.010723701515735706,0.003614200951522595,0.0033774200663697906,-0.017612190017328222,-0.021921058435473983,0.008889249606049698,0.017724035597611598,0.007600935379580981,0.029169581071819106,0.34931566185272445,0.19120333830072211,0.23719202129620776,0.07359241904737251
IDN,consumption,5,EAS,2011,2012,0,dominance,dominance,1,1,0.048556941390953956,-0.007754171423326628,-0.00856934618471128,-0.013108086264748298,-0.009738720585828503,-0.004502027090881808,-0.010547227153054284,-0.019203836933889884,-0.020291910358373966,-0.007747588321211002,-0.011909738679879822,-0.00958300214669891,-0.01757631868581866,-0.15645652928818432,0.05449886146645988,0.133723350511473,0.03192129638282415
IDN,consumption,5,EAS,2012,2013,1,single_cross,dominance,0,-1,0.04021412548982198,0.01780467176950934,0.017083611130632836,0.02653048009560119,0.02090495091042799,0.009461325925145411,0.020473310286494184,0.02323550251804002,0.024497573730278388,0.016538467264029882,0.023680355213037907,0.020167751189766686,0.037296121236646385,0.43342626054579636,0.18029579252448968,0.34129687755864424,0.10818551379815189
IDN,consumption,5,EAS,2013,2014,3,multi_cross,single_cross,0,1,0.02203289851558088,-0.0014615992435116354,-0.0008149921257819548,-0.001335300156680208,-0.0011479531225354889,-0.00033808199937140904,0.00023954180620627818,0.007102713667121896,0.0073648051590365915,-0.000899232920492099,-0.0011523652964504638,-0.0007225269614408725,-0.00280169710483702,-0.11879718946501594,0.03986445249194004,0.1608169021782082,0.029255424883272152
IDN,consumption,6,EAS,2015,2016,1,single_cross,single_cross,0,-1,0.05641535071960477,-0.013135712106517483,-0.008779389189005782,-0.010623553320233708,-0.01762078256636071,-0.011779918923841101,-0.038615910008152704,-0.11697582914294541,-0.12799805827920596,-0.01400456787381718,-0.009480662844163268,-0.02506353241623621,-0.004953688504975684,0.07852632409403526,0.048443589071746285,-0.4613027675371404,-0.025004520868320723
IDN,consumption,6,EAS,2016,2017,1,single_cross,single_cross,0,-1,0.10841927824395285,-0.005184848910965878,-0.003501228699261283,-0.003666912389571092,-0.006007003797683486,-0.0037875087012020914,-0.011285938121568306,-0.026591262011818106,-0.03188609268539466,-0.004830901362173096,-0.0033356561887890046,-0.008023188514517887,-0.002973636914852029,0.12222576145494202,0.22607836986131202,0.383319540671863,0.13186623070770775
IDN,consumption,6,EAS,2017,2018,2,multi_cross,single_cross,0,-1,0.007357976323550919,-0.0003137362517768305,0.0004220028670097742,0.001110155973525817,0.00045842606332829883,0.0003349040321505986,0.0015477435979912024,0.007833170548162849,0.009520570903885361,0.0003696951675864757,0.0010133543545114976,0.0007087504813884926,0.0005517949736926209,-0.016016101041947728,0.016376163207114214,0.10808346827763238,0.014343731040999508
IDN,consumption,6,EAS,2018,2019,0,dominance,dominance,1,1,0.010623650699247141,-0.009794527491749805,-0.010936546144691306,-0.016292465757492103,-0.0118902345772329,-0.005434554551260795,-0.012097362933418981,-0.01747998047858962,-0.021399961242683285,-0.009643836430412778,-0.015183523328480386,-0.011484666345136701,-0.022469246024816203,-0.21576075818770413,-0.04193257465614675,-0.08908909142492849,-0.0308012965002763
IDN,consumption,6,EAS,2019,2020,2,multi_cross,single_cross,0,1,0.02537275343206971,-0.00022274513888348446,-0.0008468216780030957,-0.0015589778504619123,-0.0009119578588163979,-0.0005261193121492008,-0.0018748568242299146,-0.00795081474280801,-0.009924116573829855,-0.0007444089752074168,-0.0014887480884492321,-0.0011099842813439842,-0.0014431574688160143,0.00554677139461468,0.06232166402110506,0.0741714107916085,0.04002173427247768
IDN,consumption,6,EAS,2020,2021,2,multi_cross,multi_cross,0,-1,0.0054950846137694935,0.0016756120395590157,0.0013580563916462118,0.0013253727037303986,0.002395395774282688,0.001716877025680491,0.005778322334248104,0.017165199683572108,0.021274700635123267,0.001953853845048509,0.0012660748255746146,0.003623395420734088,0.00012455383161313893,-0.010314945871071401,0.02621737705623195,0.1861418845167151,0.02953859550324145
IDN,consumption,6,EAS,2021,2022,1,single_cross,single_cross,0,1,0.02171420375333119,6.656226566836843e-05,-0.002410154443355794,-0.004687059034422986,-0.00022924667731438753,0.0009126517693510972,0.004595747611665896,0.014644771363065079,0.01772256223160862,-0.0001867873102920914,-0.0044982782628485984,0.0019275237720872973,-0.008588576584520946,-0.14722449864076026,0.05704889877380204,0.26178557502522537,0.05819638188616083
IDN,consumption,6,EAS,2022,2023,1,single_cross,single_cross,0,1,0.03075046994567019,0.005433798078920249,0.003596546199705508,0.003883286120912488,0.006568144897133199,0.004253959218723902,0.013125270440198095,0.03483663747016991,0.0407181625219144,0.005334716551372881,0.0037310202477509047,0.00899735190491402,0.0028234519923946433,-0.03465946604336878,0.12381268286705538,0.5050759149579127,0.10870677157040709
IDN,consumption,6,EAS,2023,2024,0,dominance,dominance,1,1,0.011555375745922407,-0.01159769023021101,-0.012230742290826546,-0.016005327408082193,-0.014133312000644799,-0.007340599146751392,-0.019138579353740998,-0.041614782525013994,-0.04887361275417046,-0.011522803597325298,-0.015641289220572008,-0.015512401157985717,-0.020374928200142917,-0.18605263782226977,-0.05772588174803861,-0.30040907899645664,-0.05620634254617407
IDN,consumption,6,EAS,2024,2025,1,single_cross,dominance,0,1,0.058736703404446644,-0.004602467619109207,-0.004962746122968653,-0.006110816537164415,-0.004536646277629702,-0.0018842626056234102,-0.0033170295809901995,1.6212632775181035e-06,1.9603162600967394e-06,-0.003733361285427783,-0.006160175891720909,-0.003971666467951496,-0.00966498425953799,-0.15370513168504552,0.12552726577002016,0.3872906035631134,0.09496130812012926
IND,consumption,3,SAS,1993,2004,1,single_cross,dominance,0,1,0.04001357702596962,0.015701918040052387,0.01711543665084747,0.010902967850072387,0.013928699331174701,0.008163675303963898,0.0215751204670227,0.0427874812577862,0.07146088293091735,0.012379247909830499,0.014200300589009618,0.0168458253191473,0.015427380658918993,0.07080275132348302,0.07950642536419117,0.2867471153415726,0.03550755046283939
IND,consumption,3,SAS,2004,2009,1,single_cross,dominance,0,1,0.11906706949149184,0.0013913467408933067,0.0020685566239525555,0.0014396753120592132,0.0020027837725720837,0.0013612032387011058,0.004404207171684493,0.013474646175111904,0.020893162386412256,0.0017658542088059975,0.0018381294855652763,0.002815997173199497,0.001246350024055709,-0.0010795434550590066,0.11203276439256382,0.3180687945678613,0.043973365204180215
IND,consumption,9,SAS,2022,2023,0,dominance,dominance,1,1,0.045748035865884044,-0.0251532189930542,-0.036653569862089674,-0.0209620321026336,-0.0200880183246865,-0.010373649122241604,-0.023862175185104098,-0.03611966910228799,-0.07126895709515763,-0.018259005612687604,-0.02935109196494981,-0.021269652743586512,-0.0339634959109347,-0.2667505272523232,-0.07568080901045371,-0.25878243864899053,-0.04331982290150632
IRL,income,1,ECS,1994,1995,2,multi_cross,single_cross,0,-1,0.03161055685074193,0.0013034941258268096,0.0026728064383240158,0.007665548790912358,0.0026769524188214877,0.0007170325845416992,0.0007256397362991884,0.00045743963832728385,0.0005315308409630237,0.0021302225440827105,0.0064447981280232325,0.0015220586367780953,0.009757753737760222,0.1843177876994524,0.37624690736763533,0.80362041140976,0.5441452861750715
IRL,income,1,ECS,1995,1996,0,dominance,dominance,1,1,0.04646336322705342,-0.014201718865473778,-0.013808908812351861,-0.024869152817553697,-0.017479533663233293,-0.008478679327428101,-0.020888905514311384,-0.041071944282582595,-0.049110412502803125,-0.01401308980554311,-0.021388214318404597,-0.017958691497818285,-0.029768131381211038,-0.20697675499554613,0.08035855843878004,-0.309155322026303,0.24600186778067012
IRL,income,1,ECS,1996,2000,0,dominance,dominance,1,1,0.22335296161339951,-0.02612307438565903,-0.027731371022297058,-0.03838151733157727,-0.0288122063996821,-0.013360188594617309,-0.029886503919873797,-0.045347372149355525,-0.05792982705756011,-0.023639712870410695,-0.03594260383638481,-0.02812662096899249,-0.05363591305876908,-0.8541601750147825,1.7401469417719486,4.030840088942714,2.8212640747068978
IRL,income,3,ECS,2003,2004,1,single_cross,dominance,0,1,0.03789952326353537,0.0071511774967495945,0.006760997119203749,0.0045405574998124976,0.007600188064000701,0.004570490250347198,0.01314906162954338,0.0331263938687415,0.04295140499098715,0.0063018116299443094,0.004401798634085408,0.009596346187077415,0.006112276792293092,0.1772960385986222,0.8761928473659815,3.203472702356187,1.142649593236083
IRL,income,3,ECS,2004,2005,1,single_cross,single_cross,0,1,0.048667503967061834,0.001417387612436316,-0.0014633252022563381,-0.006394763392684022,-0.0003221651477102183,0.0008404318409931111,0.004124364047891821,0.013558615072917057,0.016923093464283334,-0.00026615718128608634,-0.006215438457913058,0.0017672326417596806,-0.009189564537077866,-0.13668345334984444,0.8246998671132726,2.591392066655139,0.9894266052727048
IRL,income,3,ECS,2005,2006,1,single_cross,single_cross,0,-1,0.0642131276161983,-0.010159394007264289,-0.007298013394261171,0.009364987739666708,-0.009309863096014587,-0.007680933077927207,-0.025995740262239803,-0.07682105271911527,-0.10120709339833878,-0.0077285151395089235,0.009064997255041563,-0.01612080524467488,0.010344574087860492,-0.050004369716855734,0.547551970236551,-2.574482167582701,1.7918404089702555
IRL,income,3,ECS,2006,2007,1,single_cross,dominance,0,1,-0.00704028998641693,-0.007799930008732303,-0.011671238627369185,-0.025840524529773007,-0.010130322877680509,-0.003149702059613693,-0.0033816596527821985,0.007838377338739266,0.010979132445153694,-0.008491760293616174,-0.02560353416703648,-0.006590984413600898,-0.033336555120202394,-0.2669528342077814,-0.5082987225891848,0.3003240657216111,-1.0827396018405437
IRL,income,3,ECS,2007,2008,1,single_cross,single_cross,0,-1,-0.07914666461494864,-0.010367034145960297,-0.00794575944355147,0.008336955123871309,-0.00764709890367829,-0.005993753488627601,-0.01879468279008592,-0.047241680089778276,-0.06897224214673026,-0.006467414041163411,0.008465321026538408,-0.012511115955125524,0.006731570450099478,-0.09618294649575221,-1.702941889882723,-5.95576371285625,-2.064622616800129
IRL,income,3,ECS,2008,2009,0,dominance,dominance,-1,-1,-0.01635714994242559,0.017738644686426885,0.02386747071490447,0.08149575744930432,0.026821640093334487,0.010808807365562195,0.023199881156639207,0.037933911810977994,0.05591595602578514,0.0224681621590494,0.07330975825600361,0.022591572618983202,0.07508690088692821,0.3117849671594195,0.5777589317882867,2.0648524521823326,0.899719863537463
IRL,income,3,ECS,2009,2010,3,multi_cross,single_cross,0,-1,-0.03946985840505254,-0.003834084123737702,-0.0020096319263769313,0.021340784064031504,-0.0014838293975230898,-0.002764585528170202,-0.01063518406027289,-0.03081619789201981,-0.045063756694317725,-0.0012273012493307922,0.01675613075400617,-0.005790991210823382,0.016722860105231996,0.08552129237133421,-0.7460640102443357,-3.228580591840924,-0.8635469325482426
IRL,income,3,ECS,2010,2011,1,single_cross,dominance,0,1,-0.027106307284968614,0.005746891160894885,0.0058324520641857,-0.010373809862115835,0.004560933214910495,0.0033432567523709045,0.00990976527642179,0.022924960103191616,0.033802412176284546,0.0037666309464406966,-0.008033309754306217,0.0070042492799125,-0.0035262702434711857,0.118468199543595,-0.13351823229677784,0.6682685632788115,-0.5600432823133055
IRL,income,3,ECS,2011,2012,1,single_cross,single_cross,0,1,0.007581740202966061,0.003450464892733096,0.0007715227316036355,-0.037441119556325175,-0.0013714649472147955,0.0014622425560227026,0.006638101602811419,0.01905103864614688,0.02688736919154222,-0.0011308139117552074,-0.030815697452927282,0.0030674988283397042,-0.02567310873877543,-0.02194396719889191,0.2555331255524944,1.3843593193644033,0.015273494253051467
IRL,income,3,ECS,2012,2013,1,single_cross,dominance,0,-1,-0.002252667041973635,0.0026830456971954075,0.0055229227733386566,0.08153345006356977,0.010227025665214995,0.0020765470687405946,0.001253643652834674,-0.006693786043047878,-0.009331560027715735,0.008395270125021892,0.06359349240749768,0.004360436137784696,0.052438538957383596,0.0429573427721337,0.08313381298379774,-0.47104290655811454,0.36605809456717253
IRL,income,3,ECS,2013,2014,0,dominance,dominance,1,1,0.04790582137412378,-0.01611014142641387,-0.021566327053329393,-0.09629624292659117,-0.025764545714789394,-0.010186413224228502,-0.021872430333024884,-0.0350418396358409,-0.05099483752035028,-0.021315320489709494,-0.07659400430647767,-0.021342367668573115,-0.07507713495160129,-0.3072984035827604,-0.02047677720692853,-0.7962147783271938,0.10542184705826685
IRL,income,3,ECS,2014,2015,1,single_cross,single_cross,0,1,0.031238629630769413,-0.0005788268165268229,-0.0016718698322943926,-0.01952226600176321,-0.0016997932228486057,0.000887551772558906,0.005758491627242901,0.02188337400325749,0.03228542248864019,-0.0014256644381827888,-0.018002991247504208,0.0018548472621202072,-0.018740023763696212,-0.033210690621029215,0.4288852620454229,2.4485462090318606,0.5287503157736673
IRL,income,3,ECS,2015,2016,3,multi_cross,dominance,0,1,0.06602972977516197,0.009857769013105533,0.009292662460108403,0.0038443797432282933,0.008432906455630995,0.004600412962641201,0.011371276376469286,0.01980832461939988,0.02798013114411846,0.00704916479746609,0.0036212878043468955,0.009628600552889388,0.009273474109271818,0.16262619937299583,1.4996525364828681,3.593966091581649,2.1027133848367967
IRL,income,3,ECS,2016,2017,1,single_cross,dominance,0,1,0.060591896739850874,-0.01453688881027193,-0.019001010022594134,-0.0380064289275123,-0.0169190533021025,-0.006191630319893601,-0.009704445587019689,0.002039536711978429,0.002819600710363912,-0.014203097750640103,-0.03756705099537572,-0.012953362776584793,-0.0476686477558485,-0.3469026903829264,0.25022784605872417,2.389866051319302,0.48842179883839165
IRL,income,3,ECS,2017,2018,0,dominance,dominance,1,1,0.023648463429922356,-0.007493750289349899,-0.013514864263574511,-0.026274639619791984,-0.01228375330288689,-0.005187101064102903,-0.01174995218568109,-0.0248593226970662,-0.03515296478044849,-0.010463499614035504,-0.028476775345158273,-0.010818185420841703,-0.0316227003766138,-0.22459452851696327,-0.009239318807672703,-0.9847241626047207,-0.45951583217751946
IRL,income,4,ECS,2019,2020,1,single_cross,dominance,0,-1,0.043512763875548435,-0.01024459369033942,-0.011537837846369636,-0.008202443323178293,-0.010008073846059118,-0.005712671009334702,-0.015311384247871596,-0.0336096426564971,-0.050349604475752985,-0.008636030032367403,-0.009343532424049589,-0.011872728190880422,-0.011641788349967097,-0.12635383644026588,0.15256861411933897,-1.2100965514778395,0.8707727929144831
IRL,income,4,ECS,2020,2021,3,multi_cross,multi_cross,0,1,0.02030239908671145,0.0014033968796590135,0.002092102448512101,0.0015733886478479786,0.0020933430028911015,0.0013312609231075079,0.004028888222821186,0.010795601665314292,0.01659210986718007,0.0018135142256487935,0.0018102731971761932,0.0027635092671727257,0.001700012038390486,-0.04918743373695511,0.4307342442863522,1.7469633492446803,0.7465145873754544
IRL,income,4,ECS,2021,2022,2,multi_cross,dominance,0,-1,-0.019762438509768603,0.005345768938897322,0.00617534138685949,0.005988398937057604,0.006329765096900003,0.003830091765217203,0.011240723937756603,0.029706715856075594,0.04363747912209548,0.005460592343802612,0.006811764185698399,0.007961807417883993,0.0065637200653930194,0.030282946807823397,-0.02974625514011109,1.7698916773548277,-0.36434044644205343
IRL,income,4,ECS,2022,2023,0,dominance,dominance,1,1,-0.005040470062350053,-0.0093375567442196,-0.01264518032862938,-0.014352810650213293,-0.009978709694782012,-0.0047298262946560005,-0.010852119565943091,-0.018814289576683102,-0.027309616766487355,-0.00862422316009459,-0.01653578849236348,-0.009829746004602402,-0.0198793000298797,-0.04865080110060216,-0.6266153792462532,-1.7826118380246356,-1.0131695082553804
IRN,consumption,0,MEA,1986,1990,0,dominance,dominance,1,1,-0.11382894225419486,-0.038039918181972,-0.02971854418030684,-0.0946168801115716,-0.0630711670576094,-0.029728783976985196,-0.08105352687757011,-0.21253386984301104,-0.1868558061369079,-0.044263195780340214,-0.05206341977292894,-0.0652482209745689,-0.09477085244663452,-1.1533522589358158,-0.8233179767655923,-2.900243187499429,-0.7511405146709729
IRN,consumption,0,MEA,1990,1994,0,dominance,dominance,1,1,0.14322722080953423,-0.006054089332150181,-0.008016486209799556,-0.028727304629885098,-0.012769465741789776,-0.004691085975497111,-0.009728759903366413,-0.01715618720872647,-0.016564637637416446,-0.009306452822422595,-0.018027052645708697,-0.01019046124455869,-0.0327243355400878,-0.4101804719027795,0.5201682240704413,1.2254317568040864,0.44750722320994996
IRN,consumption,0,MEA,1994,1998,1,single_cross,dominance,0,-1,0.07553818283296054,0.010996929704787772,0.011394367637512892,0.036693422269110376,0.018689601289344104,0.006745535190663704,0.011706505251861121,0.001877327695140485,0.001825586793748224,0.013580923984586435,0.02282552548052358,0.014662249815148076,0.04553358557765186,0.6734337545217013,0.45505420964324994,0.8244705407209079,0.4066019361219264
IRN,consumption,1,MEA,2005,2006,2,multi_cross,dominance,0,1,0.02789142576735257,0.01193748062461819,0.009888775843766684,0.02833039532182796,0.01824830876623107,0.007523104697218119,0.01589353380877151,0.018236920381982324,0.01786994405275788,0.013092368565430113,0.016242320302330693,0.016388950113322698,0.03504480827844647,0.5216564913561621,0.4073417204877705,0.7783995660995267,0.4465757860511941
IRN,consumption,1,MEA,2006,2009,1,single_cross,dominance,0,-1,-0.03671535679082625,-0.026973240108596697,-0.018141686959487813,-0.024921344420563207,-0.034750116849225465,-0.018365961759879007,-0.04982561780729472,-0.10671294775602397,-0.10947935444616197,-0.025139174873595793,-0.014235092038581698,-0.0398823483180743,-0.031895154075140986,-0.5636278045103458,-0.7175974705982497,-2.4298999565919708,-0.7481626856773991
IRN,consumption,2,MEA,2011,2012,1,single_cross,single_cross,0,1,0.013429470335726881,-0.0023609750080386682,-0.004984147177215292,-0.012123666887108198,-0.004412430512484883,-0.0011096104418681085,-0.0004954160650581241,0.004578311155940096,0.006107262616403819,-0.0036190783617265077,-0.01131745686804625,-0.0023350923751160046,-0.016591606979285134,-0.15510828980829672,0.031319699467987405,0.22260820188740915,0.03275249996580376
IRN,consumption,2,MEA,2012,2013,0,dominance,dominance,1,1,-0.042235630947283956,-0.004535825876224642,-0.005563582855195759,-0.007854973660682801,-0.005973568075136021,-0.0029935261770806937,-0.007653813098369877,-0.01671969442742649,-0.022550646964152876,-0.004925037132712279,-0.007536669400092955,-0.006292511974168108,-0.010054118695462078,-0.10414463922698047,-0.2574065111921442,-0.7308254443033935,-0.24628755174320327
IRN,consumption,2,MEA,2013,2014,0,dominance,dominance,-1,-1,-0.031431445363323374,0.00843000881381345,0.0123804215596236,0.0228311555082977,0.012682410753416307,0.0053301382498662925,0.011393335317587988,0.01826315781277027,0.024598419888744782,0.010421325598015702,0.02146311984692728,0.011211409355375623,0.029872001004799198,0.259476531337139,-0.031044954391422408,0.016528912964519193,-0.025276116058270404
IRN,consumption,2,MEA,2014,2015,1,single_cross,single_cross,0,1,0.020279193325423026,0.0044988545269809554,0.0032609865589797726,0.0015647766090222115,0.004074956353045195,0.0024745435334076055,0.006805390204242201,0.013628955643423313,0.01784653993675489,0.0033204938894287883,0.0014226744101651922,0.0052162183016801755,0.0023083749468352788,0.05210358597835274,0.15084869026109082,0.4334307009069125,0.1431537833376808
IRN,consumption,2,MEA,2015,2016,1,single_cross,dominance,0,-1,0.012656485146349632,0.006489893652516343,0.006252558983493195,0.008834588994745013,0.00727527444406062,0.003517490884798205,0.008140024084444197,0.011762270991457213,0.015077189847451655,0.005894745923640199,0.00792109597001478,0.007427072355451314,0.011981056932141798,0.06733556898981785,0.14529957607932342,0.32981657290445554,0.13925238626088499
IRN,consumption,2,MEA,2016,2017,2,multi_cross,dominance,0,-1,0.062080251545628705,0.0078005921049267846,0.008524556290504082,0.014108989833629682,0.009434653632988593,0.003977289802073791,0.008012302376274288,0.009349375231541501,0.011781469255310095,0.007580778530066196,0.012270880474689438,0.00841551772512919,0.020190304375290735,0.3859557535306193,0.41624445555271095,0.8378437338087732,0.4006881935663089
IRN,consumption,2,MEA,2017,2018,0,dominance,dominance,-1,-1,-0.03890051750554299,0.007250075665270195,0.006861891434434719,0.011588825206219622,0.009443568883178599,0.0050243938341085065,0.013655528000714706,0.030715669619076125,0.037539321698720984,0.007516655560003693,0.009745651123502785,0.010657960302241004,0.012624220879574266,0.035508056844180125,-0.09936321318720687,0.07933328572492115,-0.09487640927711061
IRN,consumption,2,MEA,2018,2019,0,dominance,dominance,1,1,-0.10652675632508184,-0.009367891070170498,-0.008739537768227001,-0.014250434519575195,-0.011449871643128995,-0.005758666107667204,-0.014512059382970788,-0.027767364566071318,-0.03385990378253634,-0.00912274503081889,-0.012025761613124686,-0.012213012332111806,-0.017296664588210164,-0.19834651925310087,-0.6291863222765128,-1.5658565842871983,-0.6030756548548464
IRN,consumption,2,MEA,2019,2020,1,single_cross,dominance,0,-1,-0.02305996434745613,-0.006369708535334806,-0.005502493382215201,-0.006305592081243316,-0.007170680812812302,-0.003999628603856206,-0.010879030137369516,-0.023510184286271496,-0.029826822413367093,-0.005766698820103805,-0.005465830865561794,-0.008459256088849398,-0.007619815633269411,-0.04774673734712387,-0.17791263878558183,-0.5807833069150679,-0.16878375085737485
IRN,consumption,2,MEA,2020,2021,1,single_cross,single_cross,0,-1,0.07498729581644599,-0.003729306597266613,-0.0026003190387146047,-0.000711031504288917,-0.0037183429968616066,-0.002589089535781297,-0.008142410605941897,-0.020968185318552823,-0.02760767539989495,-0.00300663125954459,-0.0006220615046967359,-0.005465890013269803,0.00012923076746829132,0.07540414912020399,0.285589802495684,0.36429344227538074,0.26116712129335795
IRN,consumption,2,MEA,2021,2022,1,single_cross,dominance,0,1,0.044364715691804224,-0.006661017198721975,-0.007582387047677996,-0.013537424594316894,-0.007974561648659506,-0.00312188355368119,-0.005390808717807893,-0.001278541395504762,-0.0017165234264893137,-0.0064860086302235,-0.012070913034673558,-0.00658022565323349,-0.0192559219703487,-0.2789864128916637,0.11757030606135999,0.4129361405621701,0.11633725822375895
IRN,consumption,2,MEA,2022,2023,0,dominance,dominance,-1,-1,0.05501112814162854,0.010710557618919758,0.010252362493854972,0.012849279569197625,0.013937404517522817,0.00838733565944419,0.025338396856846607,0.06938526462674949,0.08805115272596598,0.011302126321481587,0.011467758473904077,0.017704555382285603,0.012263927681862408,0.025819272315686703,0.41761212740262543,1.8206206982351638,0.41541037810009174
IRQ,consumption,0,MEA,2006,2012,1,single_cross,dominance,0,-1,0.056903605850097884,0.009415036327568738,0.014395163321009763,0.014608734055190198,0.00924287729598941,0.0036213822857548983,0.005980388105258916,0.002283914380329599,0.0037787533446271837,0.008056670590964599,0.017334887223916712,0.007503596249357286,0.023712338712085612,0.2647954231809688,0.28511165646820524,0.41934377403010714,0.20927962388379795
ISL,income,0,ECS,2003,2004,2,multi_cross,single_cross,0,-1,0.022460043737299727,0.011403346833126993,0.012539143809365605,0.009203116251519289,0.011043293604956206,0.006701678136378196,0.018860500985400097,0.0438670702088326,0.06982068674747388,0.009695219560224205,0.010987535283301403,0.013863496721056912,0.010994052353663991,-0.03078541904790244,0.8455874785960429,4.042843877682728,0.8669502945354086
ISL,income,0,ECS,2004,2005,1,single_cross,dominance,0,1,0.042271085948448875,0.010212950895025386,0.011583758937044997,0.0064579811262379105,0.00791155491368531,0.004177281497808799,0.009927635914608796,0.016226111014020522,0.02403128366991636,0.006880243512235096,0.007526690336907699,0.008666622575584704,0.011138695238429808,0.22755609531354803,1.1069765601252168,2.615873521190771,1.4681118173291328
ISL,income,0,ECS,2005,2006,0,dominance,dominance,-1,-1,0.13638220997050288,0.012417511599084607,0.015267643203005554,0.01807721063710291,0.013713551942368396,0.007100412894935404,0.0180320696707153,0.0375980254914568,0.05269013847295834,0.011797727386962914,0.02030440163806141,0.014776171598279098,0.02283000208758129,0.08942509527629472,2.8749196653775613,8.170968734338317,4.8012804991811215
ISL,income,0,ECS,2006,2007,0,dominance,dominance,1,1,0.054690370676930174,-0.007698446412321813,-0.01085209545860244,-0.01640942192282971,-0.010654997708134412,-0.005531531871322604,-0.014894227661117504,-0.037468961716039195,-0.05250235946172277,-0.009152426630450322,-0.018384551714587194,-0.01151616624086721,-0.01891573677181385,-0.040666780082030396,0.515869837599908,-0.8071999194958792,0.9559851251070626
ISL,income,0,ECS,2007,2008,0,dominance,dominance,-1,-1,0.0411781146692388,0.023162110225163735,0.02480525694805691,0.022187467350018503,0.023872428635663606,0.0134232782023751,0.036021299311173205,0.07928489915802311,0.10700930848025125,0.020371247659574404,0.024647496079586773,0.028006184983378812,0.029097588016313347,0.18150530677211973,2.246202753372838,8.636440540688291,2.5636294789321816
ISL,income,0,ECS,2008,2009,1,single_cross,dominance,0,-1,-0.1750449376657101,-0.031280429675645594,-0.031617629381345824,-0.02333970298379609,-0.0304318970131984,-0.017877218329459002,-0.049150490346756115,-0.11023101950179603,-0.1536070236166307,-0.026054387417535185,-0.02597283674499129,-0.0372539139200474,-0.030712126867395884,-0.2353577360103789,-4.952913581534153,-16.441409261156394,-6.672111039586667
ISL,income,0,ECS,2009,2010,1,single_cross,dominance,0,-1,-0.11908128230353512,-0.024860089411473718,-0.029756350621702676,-0.01931167103725631,-0.021090586689259505,-0.011341862916990297,-0.027640261151266984,-0.046805549202236285,-0.0777585740146215,-0.018527625261455613,-0.022923835011629506,-0.02344964394896061,-0.029970554974963592,-0.1956896832927213,-2.917411610035497,-7.584732305769425,-4.136511719805943
ISL,income,0,ECS,2010,2011,1,single_cross,dominance,0,-1,-0.0005863093295736976,0.006614536527769277,0.010678556883145895,0.01567717867323709,0.006863745473710797,0.002359056534458906,0.0031803830656493975,-0.0017205500325053191,-0.003064077971247303,0.006072596014440004,0.018712771785532323,0.004865735898961901,0.021573956871002387,0.0843999724325255,0.30842754790652194,-0.16202946377400096,0.6887079399262515
ISL,income,0,ECS,2011,2012,2,multi_cross,multi_cross,0,1,0.02061297721014636,-0.0006160101743925006,-0.0030721501984700694,-0.013086755094483205,-0.0035290719840296997,-0.0010467968778728048,-0.0016078243516051138,-0.0019497825945934966,-0.003492703405079678,-0.003117087507086308,-0.015557733974334714,-0.002159852626332101,-0.014125513309690585,0.07619438729995176,0.23658843111150496,0.3865367294892934,0.12455790532467859
ISL,income,0,ECS,2012,2013,0,dominance,dominance,1,1,0.021559880808933164,-0.0136441025404056,-0.022420383073917027,-0.02321236061294689,-0.014639591045165587,-0.0065522226335121,-0.013698146597112687,-0.018586133925393405,-0.034465655299883435,-0.013048673077662998,-0.029213946596651996,-0.0134919477837325,-0.03357971660666581,-0.2683058995378689,-0.3952242867039786,-1.125101089568684,-0.8040420725192341
ISL,income,0,ECS,2013,2014,0,dominance,dominance,-1,-1,0.0536199171902678,0.0238246578943746,0.03252851624401154,0.025784182035529,0.0255055398722443,0.014604779007796498,0.039581362945864396,0.0896474322971888,0.15013770664361736,0.0226110280527225,0.03232124171443351,0.030137857047381797,0.03351809935897121,0.10326247054485282,1.9480107664590793,9.319224674288005,2.670066528206643
ISL,income,0,ECS,2014,2015,0,dominance,dominance,1,1,0.06555952446901236,-0.010037794960121471,-0.012480608838636553,-0.009304416107299901,-0.0113369354409045,-0.0070585578839833935,-0.020693813105674086,-0.05330680408732069,-0.0846336685707979,-0.009979191169132595,-0.01136080632312042,-0.0145950241994183,-0.010615555419425687,0.030329710393984133,0.4255321969817327,-2.3548342027676696,1.3694012490914105
ISL,income,0,ECS,2015,2016,0,dominance,dominance,-1,-1,0.08008848193317171,0.004535259331376662,0.006202119601330214,0.004971271098411695,0.0042488566416578055,0.002142291986711592,0.005003455954276093,0.008232890353614991,0.013849330943171645,0.0037532621968848073,0.00611106375010112,0.004423815665138997,0.0074462772595949855,0.053842358852473904,1.5276910886844348,3.589731190560343,2.8080921925764173
ISL,income,0,ECS,2016,2017,0,dominance,dominance,1,1,0.035619283766757395,-0.011073123164474286,-0.01579632131000197,-0.014478654209090391,-0.010739072693911209,-0.005204045200131596,-0.011821517436417406,-0.018991165094006973,-0.03245473504714569,-0.009517320650238206,-0.018068668621317813,-0.010737561684189587,-0.020989266238661486,-0.10097227629956773,-0.09743789742449138,-0.7185979940210032,0.07765215036192075
ISL,income,0,ECS,2017,2018,1,single_cross,single_cross,0,-1,-0.0665957916518703,0.004332081676515498,0.013380246958852648,0.0357528897307218,0.01039483171598389,0.002626441222120704,0.0018219665697128962,-0.006007438359437817,-0.010659014733344296,0.009213825893609806,0.043183023028721707,0.005415447295663289,0.043352158148528996,0.13133919610232558,-0.8043395116644483,-2.936322597433062,0.11143657807474838
ISL,income,0,ECS,2018,2019,3,multi_cross,single_cross,0,1,0.025095414400452,0.0023315524767932305,0.0014415568571956028,-0.007874021451864305,0.0017015874650609941,0.0022376601805134955,0.008250281263069092,0.023260875706885897,0.04021723583415504,0.00149916077083119,-0.009104768284757203,0.004619795863611401,-0.008777076050008825,-0.11581826642443627,0.538367947916317,3.2656207364287297,0.5155043078548758
ISR,income,0,MEA,1979,1986,1,single_cross,single_cross,0,-1,9.076175527344382e-05,0.0016105291056048854,0.00369348733690833,0.013605388079806102,0.0038535661553860123,0.0004746200127432043,-0.002111462924477392,-0.014888856171832998,-0.019752826973868154,0.0030826302361163793,0.011270457236301323,0.0010039258954810948,0.018263599644202932,0.21884729053375196,0.033387297584786424,-0.39986862812541446,0.06694363042584506
ISR,income,0,MEA,1986,1992,1,single_cross,single_cross,0,1,0.16861842154793222,-0.009843790093296001,-0.012834698743321105,-0.02918432389613168,-0.014301662985859914,-0.004831149736278406,-0.006548412337378295,0.004508652138352498,0.006036486402458463,-0.011500516954185996,-0.024674910267029337,-0.010206528873486498,-0.04110574102931741,-0.5325248936618099,1.1243316746176077,2.9207285659209496,1.3782756837602932
ISR,income,0,MEA,1992,1997,0,dominance,dominance,-1,-1,0.04294083402032483,0.025866608492463028,0.030127824558102034,0.07134861788210112,0.037775887723105306,0.015731419984956002,0.033343614217788003,0.04846223249816428,0.0620557880006789,0.0300241181031336,0.05724450673322551,0.033336800791405,0.08662234792755008,0.8662926289583783,1.023747791545242,2.3488725016515417,1.2935161198915122
ISR,income,0,MEA,1997,2001,1,single_cross,dominance,0,1,0.1317910555413173,0.00849324288820208,0.008156143489860823,0.009304244318836363,0.011199952420808817,0.005596761242927198,0.014144982692054109,0.029430932651604402,0.03547135785113853,0.008685868247447215,0.006744127324906923,0.011931758866778913,0.015446317474491877,0.3509016063518624,1.5897091922731494,3.886935826563775,2.11732654340595
ISR,income,0,MEA,2001,2002,1,single_cross,single_cross,0,-1,-0.10915390763461977,0.006159182871302515,0.01092337015208622,0.06374904728734454,0.017001329051788583,0.004208655388846599,0.0029410072781345664,-0.015987782577959686,-0.019080659552526247,0.013000470279481896,0.04245305075679118,0.00899754163017169,0.06588975808534159,0.627708495997993,-0.994653879246453,-2.9994504263082824,-1.2616376614767564
ISR,income,0,MEA,2002,2003,1,single_cross,dominance,0,1,0.03349187479780194,0.011542918608351493,0.011089950730698739,0.024158670966262674,0.017102567976777616,0.007480696784297108,0.01692337213486561,0.027594534779627367,0.03266790044461909,0.012856774016961503,0.014556159457794315,0.016046423959479805,0.03231108475680322,0.25153495519060787,0.6522843953374533,1.5917444593652945,0.8329910515779559
ISR,income,0,MEA,2003,2004,3,multi_cross,single_cross,0,-1,0.039920472770337716,0.007375934826029107,0.009646741253044211,0.05251460195412372,0.017641090033248208,0.0054817025486685045,0.00828811225644882,0.0031045642403473295,0.0035981107651429367,0.013033226736453962,0.029154630535272175,0.011802559122760403,0.05565082890744821,0.8827067726115585,0.6439045402539758,1.0304929841161545,0.9804856625083804
ISR,income,0,MEA,2004,2005,4,multi_cross,single_cross,0,-1,0.04509369751297291,0.008061973337259387,0.005462990460838091,0.010963489295803874,0.009890252949505796,0.006189616695780581,0.020014467961906812,0.05774010697949927,0.06438299560448357,0.0072069534463008456,0.005695004314684227,0.01337205722940199,0.004101225209775183,0.2583660460835544,0.7611646939563244,2.9630715381345567,0.8842461894378228
ISR,income,0,MEA,2005,2006,0,dominance,dominance,1,1,0.018876451148344228,-0.007118781468100521,-0.006022437419972659,-0.03783683525288101,-0.011888679631299304,-0.005363056600459104,-0.014531872642747634,-0.0357653097359264,-0.03933069804772649,-0.008671868471048394,-0.020211118881371504,-0.011589145500570108,-0.02544583569764869,-0.26189773258296434,0.022987149612646363,-0.6468381873226221,0.17128701623243003
ISR,income,0,MEA,2006,2007,1,single_cross,dominance,0,-1,0.047495225163059096,-0.004450713857501676,-0.00401345765947958,-0.0031976998399301793,-0.006845462236080402,-0.0035790048900649907,-0.010061326867383313,-0.027423821203313603,-0.031377573532624936,-0.005040204926937519,-0.0017822263160390817,-0.007713839313233384,-0.007395567723572638,-0.398615222177658,0.45758307664510234,0.30551177746010083,0.7162025600578872
ISR,income,0,MEA,2007,2008,0,dominance,dominance,-1,-1,0.026116791045602907,0.005453206475796113,0.005285015114480651,0.02343374938040932,0.009486226055215097,0.0038512843198287017,0.008744451932184705,0.015042407684101311,0.017350337283013384,0.006975353647422022,0.012787960330055581,0.008301340904685206,0.02209213340210814,0.1846700634972045,0.5087297303806206,1.25168582267262,0.6851062540732862
ISR,income,0,MEA,2008,2009,0,dominance,dominance,-1,-1,0.0012823676223933608,0.009789852172880087,0.010097741877938549,0.04052217005854286,0.02009867187552289,0.009191459482186998,0.02549085602893314,0.07499059451432433,0.08181704908073384,0.014562016674032785,0.020712290486343377,0.01988746936663599,0.03837337195790591,0.4795226193749498,0.32774576073195405,2.63314929928557,0.4131695879228978
ISR,income,0,MEA,2009,2010,1,single_cross,single_cross,0,1,0.023332249914939412,-0.0007975173536414748,-0.0028831900240484654,-0.0310927170085169,-0.006069371168668625,-0.0006558102453309012,0.0025800848454543557,0.01605019386007467,0.016618851907005183,-0.0043666139115657865,-0.01573940614859609,-0.0014225221736542948,-0.030850094573125042,-0.24284963146680916,0.2934284259423201,1.2576569239557855,0.29848225978059695
ISR,income,0,MEA,2010,2011,2,multi_cross,dominance,0,1,-0.00426026410114011,-0.010881612979579014,-0.008490103637881719,-0.018740965971083767,-0.016338083399573267,-0.009475864782972993,-0.029976829252285453,-0.08973943615472302,-0.09695101427414776,-0.011886995163918002,-0.009979466973422058,-0.02049327089336389,-0.013221429845265642,-0.1940407040431662,-0.41087764465852494,-3.2718345737334005,-0.3214040560457807
ISR,income,0,MEA,2011,2012,2,multi_cross,multi_cross,0,-1,0.05444972268033372,-0.0015744655557092813,0.00038080603061263485,0.034160878761782976,0.002910030297242905,0.00019151591887020536,-0.00016816285541770837,0.001495656072413143,0.0017034952524435099,0.002131472214286778,0.017908257072031863,0.0004130666596950938,0.020813698559443483,0.17817515941583828,0.6966368823132374,1.6465376319536524,1.1423042525645446
ISR,income,0,MEA,2012,2013,0,dominance,dominance,1,1,0.03799650072814255,-0.014330440153968949,-0.013769906842434176,-0.05490413176698489,-0.023665319149943687,-0.009530617609886716,-0.0206069098781958,-0.030494815577893908,-0.03541222242445152,-0.017515053392530122,-0.02941842343853357,-0.020500380145284713,-0.05444340100779976,-0.5301850763176823,0.03769522945171033,-0.09390356165674874,0.2559905769434536
ISR,income,0,MEA,2013,2014,1,single_cross,single_cross,0,-1,0.019763052134796323,-0.0010911644685294708,0.0003868338216549416,0.013190797533890297,0.0013142380046599622,-0.0009871085296364046,-0.006215776315718791,-0.024993568158257096,-0.030172874979019215,0.0009835954116441115,0.0073774639486329785,-0.0021168362279633812,0.016228224907771205,0.09358234493376028,0.24282110038155302,-0.4947959412651599,0.5636243052502028
ISR,income,0,MEA,2014,2015,1,single_cross,single_cross,0,1,0.030904627131791516,-0.00048583511662081413,-0.0010049774165544756,-0.010305391550238019,-0.0018642543107784126,9.833243645290812e-05,0.0025880624869936697,0.01278240362136096,0.015568487077882054,-0.0013956197107486967,-0.005746031170113686,0.00021081825906327234,-0.01157649632145552,0.06754811148055673,0.4334431736794322,1.5053797766642774,0.6271736942259292
ISR,income,0,MEA,2015,2016,0,dominance,dominance,1,1,0.012442024337200722,-0.0069492063253766,-0.0070766270411607435,-0.025492616363861853,-0.011797369101210264,-0.005667547046168592,-0.015444215496124292,-0.03698544957676758,-0.045894463833793364,-0.008892341751935984,-0.014769346712182996,-0.012131469295781072,-0.021728571779049077,-0.2936929676456961,-0.07716359053041089,-1.3476181973694779,0.07227535597757395
ISR,income,0,MEA,2016,2017,1,single_cross,single_cross,0,-1,0.04421251720114105,-0.008012994510362415,-0.004806437355685311,0.02861438277362316,-0.003536209907702925,-0.003489697658097299,-0.010286476888886703,-0.018289943221790783,-0.023720115001559017,-0.0026859403696640194,0.01652319881828157,-0.007450232830490816,0.016137599102313716,-0.010085886327067861,0.3498563246150077,0.4007272336776566,1.0214406353206833
ISR,income,0,MEA,2017,2018,1,single_cross,single_cross,0,1,0.037878455384021986,0.0037974468124652994,0.0017445406684328812,-0.016683138308087986,0.000702609538858201,0.0022680568675339935,0.009301422364730777,0.026846349402818603,0.03457354148493086,0.0005344258576401029,-0.0095097521183512,0.004840439252114387,-0.01726129182128866,-0.20012705104018647,0.7385378979374195,2.5770441199103296,0.9050951209822884
ISR,income,0,MEA,2018,2019,1,single_cross,single_cross,0,-1,-0.03472476892031154,-0.0030701207560247523,-0.00118559398713447,0.04053397427782318,0.0012896806672079153,-0.0015177985364734914,-0.006831906357181172,-0.019511773318667103,-0.02497347563383845,0.0009799930861031092,0.022536419622039228,-0.003239945381393383,0.026202437688268354,-0.09659015180751584,-0.662031356600675,-2.1017442715933043,-0.8587119615449055
ISR,income,0,MEA,2019,2020,0,dominance,dominance,1,1,-0.009756370907597315,-0.005072557867978611,-0.0070466100358882455,-0.04608301485811256,-0.012549117085568995,-0.004568679490959501,-0.009891136497893915,-0.018475037414376894,-0.024418373005482996,-0.009589628181525117,-0.025775705706851337,-0.009735608052839684,-0.03811900272858959,-0.10384234929242897,-0.34640673658419985,-1.254412221294956,-0.5924890146137365
ISR,income,0,MEA,2020,2021,3,multi_cross,single_cross,0,1,0.01356644765876404,0.0011768780622116726,0.0007256011398515394,-0.015970645629078795,-0.00010334348075158317,0.0011288432370228918,0.005178602396231802,0.016935952146658273,0.02241386211597518,-7.947239106759207e-05,-0.009544222395788449,0.002403156834535791,-0.011653878259541117,-0.36410402395254504,0.2493049115785535,1.2909859057010244,0.28326936883753007
ISR,income,0,MEA,2021,2022,2,multi_cross,single_cross,0,1,0.055079548998783076,0.004123424400154008,0.005183050970332115,0.012455118082857652,0.007709129602924358,0.002603907202339606,0.0037899059086208,7.423181534171874e-05,9.680007233869858e-05,0.005905926547826901,0.007471774250920271,0.0055492431201792924,0.02102242267995702,0.580789323800138,1.0268718962152708,1.7317906684564726,1.8260990054403976
ITA,income,0,ECS,1977,1978,2,multi_cross,single_cross,0,-1,0.08418369048448465,-0.007330242236774198,-0.003946038471062341,0.015269013705009271,-0.001541820580873099,-0.0016851391987438985,-0.003960836201195583,0.00022773984864921104,0.0003170586584907431,-0.0012668172589045124,0.013366584062880105,-0.003539742272548718,0.009930748400865663,-0.08641893730186645,0.5356918793972607,1.5526337371135916,0.8536963381589606
ITA,income,0,ECS,1978,1979,2,multi_cross,single_cross,0,1,0.039237214489735765,-0.00010458800338464247,0.00022595115139045774,-0.0027948209639135912,-0.000778293982934497,-0.0006977417582787054,-0.002958482077383917,-0.010958559314132699,-0.015418551489849497,-0.0006402175576518954,-0.0024064789142341225,-0.001464688714857998,1.7709415082167723e-06,-0.07878165609392518,0.3515664758811585,0.33863101287698427,0.5261545648156805
ITA,income,0,ECS,1979,1980,1,single_cross,single_cross,0,1,0.05044774447823817,-0.0037430021481474895,-0.009240151888086912,-0.033207894289078,-0.00892565226059941,-0.001360293754847794,0.003483509128254514,0.030155573639885414,0.04165945646278768,-0.007377895270864715,-0.03000883481521749,-0.002853890630115402,-0.041600055210877285,-0.24200670359907406,0.3674681439467875,2.221199758252542,0.3555405827834406
ITA,income,0,ECS,1980,1981,0,dominance,dominance,1,1,-0.03442071026813236,-0.013147370471702613,-0.01607597666755023,-0.02329327155988159,-0.017096894614857888,-0.008953498263136309,-0.024036054465049,-0.05840850782836732,-0.08306625970343362,-0.014317405653692689,-0.022738379861940106,-0.018731385418656404,-0.02749314484775911,-0.011844151098179267,-0.6940827308675726,-3.072039682084725,-0.8735771715195391
ITA,income,0,ECS,1981,1982,0,dominance,dominance,1,1,0.025854227991305927,-0.023381080611493077,-0.029078341634316773,-0.034086430364552306,-0.02554128856439239,-0.01272021351353099,-0.030394780480047096,-0.05233252741388689,-0.08449229198676955,-0.021850188007573212,-0.03612390222971562,-0.02645532641402859,-0.04523002995251979,-0.30534815361668555,-0.44267749759176844,-1.9526944368173673,-0.39996695624711265
ITA,income,0,ECS,1982,1983,0,dominance,dominance,-1,-1,-0.00010600096911170084,0.005338468519457573,0.009955848611164164,0.019132769611642397,0.008965156109685679,0.003695633728246092,0.0077717836492206815,0.012605427607656483,0.021443206355085342,0.007733201772778808,0.020716360321335836,0.007667403404213291,0.02382466292196378,0.05029997195021396,0.1532829155715305,0.6175231535118932,0.26708581171277057
ITA,income,0,ECS,1983,1984,0,dominance,dominance,-1,-1,0.04635842810763396,0.01569069080546065,0.019203490163412273,0.0231319520183092,0.01616534723321611,0.007329871512629996,0.015405918769262311,0.018689920352233602,0.030449616479537478,0.013769963151482711,0.023560416887953295,0.01525275951378502,0.03329741137710451,0.2896067237919251,0.8824089680733316,1.7413952130944423,1.155369710015841
ITA,income,0,ECS,1984,1986,4,multi_cross,multi_cross,0,-1,-0.04324336000864662,-0.001757712061279726,-0.0008426828814418474,0.004401542587190804,0.00011906378528908634,-7.313697268689079e-05,0.000233923539699199,0.0040795630880939016,0.0064524600760011985,0.00010059735976189477,0.004310847011786301,-0.00015249049892940292,0.002766840678278981,-0.057406019388055896,-0.451951866291882,-0.6183861317448596,-0.610678723075857
ITA,income,0,ECS,1986,1987,1,single_cross,dominance,0,-1,0.15731966686342408,0.03019250861190148,0.04014588889465298,0.3073672998541191,0.0529571470398692,0.017702411377681693,0.031931532611776614,0.032663112879523004,0.04947365004970572,0.043576954142445806,0.20938754167203943,0.037088016632329496,0.19130062117152336,0.7558337987419126,2.5610979769700215,4.813990113986627,3.8842084664671734
ITA,income,0,ECS,1987,1989,1,single_cross,dominance,0,1,0.08543342096447974,-0.020762442983363105,-0.03433667123510875,-0.3196550314579307,-0.0487573430216664,-0.013840272653014393,-0.02016780202753221,-0.008786936498516501,-0.012951036348553213,-0.04003617848868721,-0.22155680920826654,-0.029027154903913804,-0.20202388532942966,-0.5852034043703966,0.26648143413868297,1.593047468059396,0.022363697306978736
ITA,income,0,ECS,1989,1991,1,single_cross,single_cross,0,-1,-0.019602404990540955,-0.010538621937865478,-0.006393338860036013,0.020661773926917815,-0.0037697048766708874,-0.004145437232535604,-0.013006926593030987,-0.027015691472247,-0.04148238765778656,-0.003177483325734004,0.020226253625023505,-0.008651481578533488,0.017163311185390606,-0.20463544194495054,-0.6116936232310959,-1.983960350915563,-0.41134087196577696
ITA,income,0,ECS,1991,1993,0,dominance,dominance,-1,-1,-0.024299181712789955,0.040347958984845,0.056050789011092506,0.3922707735242478,0.07573840125950351,0.026020349497139703,0.04874815597226448,0.059808669387407004,0.08862780753100075,0.0615981683238743,0.24208947287020172,0.05463183725765178,0.260353315270539,1.2026367201295738,1.1562400170169305,2.584332343777863,1.897375847291734
ITA,income,0,ECS,1993,1995,1,single_cross,single_cross,0,1,-0.0075060225444266195,0.0012375803830884102,-0.0019508176059739313,-0.23749346164066587,-0.01390413086492251,-0.0010445017204518958,0.003027819879525495,0.01415474641010589,0.01942055654252528,-0.010961451625365798,-0.1207857718862253,-0.002208206963352277,-0.09936310977194751,-0.04379782563592283,-0.04928166270967793,0.491199747082927,-0.3703402057139922
ITA,income,0,ECS,1995,1998,0,dominance,dominance,-1,-1,0.08116031452648703,0.014403529199336018,0.01853168688065998,0.7654250655491408,0.04964780895339141,0.014546727593354389,0.03235732304240771,0.07395880771148372,0.09413905812765844,0.03845065794512381,0.2643726164229938,0.03087051091930129,0.23386347062926283,0.23725901491073387,1.591835580992603,5.772026536371538,2.5654320642027084
ITA,income,0,ECS,1998,2000,1,single_cross,dominance,0,-1,0.019008863393075313,-0.0140520832789377,-0.01629816405919393,-0.08250463612023018,-0.027235598127728522,-0.01125410500813849,-0.027552610699511593,-0.06263282107889273,-0.07895989694968797,-0.020856559846610112,-0.01604383458254388,-0.0239051176322502,-0.07120118945374221,-0.20057531933149342,-0.2773914263579673,-2.453756035205341,-0.22623195041829725
ITA,income,0,ECS,2000,2002,1,single_cross,dominance,0,-1,0.0004534201784733192,-0.005497779018350801,-0.00589164561174671,0.014640428246993631,-0.005545086750216283,-0.003808421391564301,-0.011239387467067707,-0.02737359525782257,-0.03723665859485337,-0.004316378019657591,0.002969457795632402,-0.008055381305297316,0.0032558474486814593,-0.17460571545686854,-0.2070816843281662,-1.4312798704943681,-0.15932914970999867
ITA,income,1,ECS,2003,2004,0,dominance,dominance,1,1,0.028366680927953147,-0.006358999426320788,-0.007718136611289728,-0.05784839025583577,-0.010983254565171796,-0.0037443344344788992,-0.0069242264388718056,-0.0073801256718811215,-0.009646987533317941,-0.008768213811318815,-0.03392149298608299,-0.007905726224666204,-0.037404535487009116,-0.11685489407380345,0.16677691754197355,0.582188295833042,0.4170817066624366
ITA,income,1,ECS,2004,2005,1,single_cross,single_cross,0,-1,-0.015604191691282417,-0.004571843140323106,-0.003154380139184787,0.011308231601514784,-0.0037047568615674042,-0.0035658663738467045,-0.012669833247687001,-0.03678089672942869,-0.050029763429381924,-0.0029793897514006906,0.006971524534988116,-0.007513623272084491,0.009146442388919207,0.09414433885116136,-0.48046365906960986,-2.9895708224973205,-0.3897016987396249
ITA,income,1,ECS,2005,2006,2,multi_cross,single_cross,0,1,0.01911424865775931,-0.0013639107240726034,-0.00315589610048872,-0.017637230243714275,-0.004293452871336201,-0.0012198250447587877,-0.0016708488064846039,-0.0014474369839234669,-0.0020411019535744312,-0.0034666594693510133,-0.01095079625470552,-0.002566881013818606,-0.016339549694217192,-0.12588761839150386,0.2476918455595012,0.5606485110017303,0.2953953579243844
ITA,income,1,ECS,2006,2007,1,single_cross,dominance,0,-1,0.006165313543556355,-0.008068527804232395,-0.007898202981082458,0.008616503086489258,-0.0067703734387573045,-0.0038314558426858075,-0.009366215390739507,-0.014436549873273807,-0.020689266429350095,-0.005496928425940295,0.005403696848209516,-0.008051298923055311,-0.004133244918100187,-0.16829186704643995,-0.2967163243732074,-0.8081094115805811,-0.040269619298861414
ITA,income,1,ECS,2007,2008,0,dominance,dominance,-1,-1,-0.01459364979985907,0.008780439251480088,0.009866125722389096,0.01721808963498833,0.010684825637989198,0.005079677926683707,0.012092180588327617,0.0214782437247083,0.030564556634714024,0.008658170253511094,0.010492975230246893,0.010677956550529805,0.019802960612576193,0.20440083738564852,0.19245741773532998,0.9973399984090463,-0.029755175007377233
ITA,income,1,ECS,2008,2009,1,single_cross,single_cross,0,-1,0.010947153600438065,0.0006491910605664897,0.0024633122482441427,0.09362057177096439,0.0068062395348879035,0.001014401062238296,-7.925645655104674e-06,-0.004085382121663428,-0.005712676431344876,0.005467219962701109,0.05078065321695441,0.0021359614973941177,0.041349947140910115,0.08965903327665625,0.21309847643438573,0.1037213275580271,0.6813161961460708
ITA,income,1,ECS,2009,2010,0,dominance,dominance,-1,-1,-0.018316889983110294,0.008810067323361537,0.01221429913723926,0.3163660477288206,0.024374973271547695,0.007473613289089395,0.015336075783652897,0.02812192757472559,0.03844373103462273,0.01927713392930061,0.11847981471769153,0.015773903468714795,0.10631083341337733,0.21260529369961922,0.1238334967792909,1.223154642579452,0.23202860490120258
ITA,income,1,ECS,2010,2011,2,multi_cross,single_cross,0,1,-0.015028145344879977,0.003388853673090386,0.002254459333939196,-0.03170802935838912,-0.00015503735782329553,0.0006609988525382998,0.0016455918978751927,-0.0009408614832069895,-0.0012543088636601807,-0.00012113360210841417,-0.009259904451258127,0.001398280042399891,-0.011189099377640788,0.09013930767921163,-0.08889183833138858,-0.6016583951922456,-0.5232835622265384
ITA,income,1,ECS,2011,2012,1,single_cross,dominance,0,1,-0.04617814292410943,0.0009656653515517921,0.0020863845563713346,-0.08670433950081646,0.0025078892244408957,0.001240712540725497,0.0025545710707765013,0.0050131658908698085,0.006659306411060495,0.001957157700766099,-0.02780695972892544,0.002626006269103698,-0.001590231532835551,-0.004049186675373129,-0.7097319532311541,-1.309165886131055,-1.25105112845036
ITA,income,1,ECS,2012,2013,1,single_cross,single_cross,0,-1,-0.011440411335260569,-0.002407716778339286,-0.0011498320925862338,0.41226367630292016,0.006321424748117699,-0.001265454790900289,-0.00721963466794609,-0.0231525757564619,-0.031266026871573316,0.004911518588035513,0.1056181889529767,-0.0026783554555293854,0.07620460069766355,0.11487310455701749,-0.2902517236647135,-1.7984776899309907,-0.2139134001356311
ITA,income,1,ECS,2013,2014,2,multi_cross,multi_cross,0,1,-0.0042492159426590894,-0.002534555704675312,-0.0024284390601704287,-0.3239652389435388,-0.00917018295491659,-0.0021534819206365102,-0.004627052521218505,-0.008939661171632085,-0.012439522327083896,-0.007135069678404021,-0.07733486305065795,-0.0045535230603648,-0.05733171345236732,0.0983927954363093,-0.18014690691316382,-0.6957160701296523,-0.20922385723032022
ITA,income,1,ECS,2014,2015,1,single_cross,dominance,0,-1,0.02466835118413192,0.007377162709056528,0.010789124125734628,0.5766996394643307,0.028641069839267203,0.006489954286847108,0.00931612719133651,0.007276910651758173,0.01014201985983465,0.0220696134919022,0.11907020338898744,0.01373964468111219,0.15352309248101026,0.2268432088276393,0.7264569331383797,1.2630963855350252,1.5767899860268777
ITA,income,1,ECS,2015,2016,2,multi_cross,single_cross,0,-1,0.023617625129982358,-0.0015359060811916403,-0.0035578079601190638,-0.05014635422249092,-0.008436063728800403,-0.0014043601707883074,0.0005519945581475838,0.010117669785702998,0.013869193194019136,-0.006434937387442802,-0.007359598681599744,-0.002977359358093512,-0.04309254658394879,-0.2811573832039702,0.3160639020620266,1.4453261986629968,0.3658811147217129
ITA,income,1,ECS,2016,2017,1,single_cross,dominance,0,1,0.017328230174736902,0.006834685390534112,0.006112053483421587,-0.06261900215307015,0.0036713679314634984,0.0032863384457723077,0.009302963829600497,0.017752910802290134,0.023724213984070763,0.002807152331201518,-0.009779522797058293,0.006970997374701804,-0.014742108096607143,0.23491314399549612,0.6165411474440639,1.740490853845536,0.6977928113221168
ITA,income,1,ECS,2017,2018,2,multi_cross,dominance,0,1,0.00424514352694271,-0.0070183972539960005,-0.006991559725468721,-0.17912909973560787,-0.009857901408784175,-0.004608599418415002,-0.012439722205802695,-0.027610651652699714,-0.0372337693601964,-0.007560794668516807,-0.032258268209402585,-0.00977215486386468,-0.02607615205146452,-0.039242465408595884,-0.26415757083939795,-1.6344019218314614,-0.07174633726300073
ITA,income,1,ECS,2018,2019,0,dominance,dominance,1,1,0.03773499882601026,-0.006335311698371093,-0.008813687435371365,-0.29593736365593815,-0.01919406665740811,-0.005021311004094295,-0.008195718248677292,-0.009117657170905291,-0.012724032936563101,-0.014937001860351296,-0.07302418391521792,-0.010618581092785906,-0.09135808070439977,-0.27060060125035346,0.3343867820240902,0.7009607253787138,0.6068838049115008
ITA,income,1,ECS,2019,2020,1,single_cross,single_cross,0,1,-0.002762508471243671,0.006570839660145378,0.005347903727540904,-0.25345771856992694,-0.0018532262034630098,0.0022128781460990926,0.0068586372304217935,0.011769856913090682,0.016383443412191223,-0.0014574330902251964,-0.0959105691502179,0.0046759072693634,-0.05374660771752271,0.10491733680197868,0.2793876904133299,0.7175018969500968,-0.042061727848079045
ITA,income,1,ECS,2020,2021,1,single_cross,single_cross,0,1,0.035688226872776355,-0.003989530348490589,-0.006503950427531935,-0.052186754023206716,-0.0096017562225226,-0.002238482272361203,-0.0010897266379684967,0.009886744041325224,0.013481945352705305,-0.007594512355784094,-0.025922451662802437,-0.00472997612105841,-0.04052782998975346,-0.2822742697880978,0.4311584290844479,2.0089169315202255,0.5969158300831339
ITA,income,1,ECS,2021,2022,0,dominance,dominance,1,1,-0.014028487685013935,-0.011909475514703394,-0.014081380995048631,-0.11906379899613795,-0.02049037296343989,-0.007861995142998401,-0.017519563468465893,-0.030972263542725226,-0.043105619655001925,-0.016452785395818514,-0.07093972258168768,-0.01656602631633719,-0.06483397833936361,-0.28376157510032396,-0.8558142747663808,-2.7236365472337525,-1.2603527495529576
ITA,income,1,ECS,2022,2023,0,dominance,dominance,-1,-1,-0.01293717544741378,0.0069358005526719,0.009449010442149408,0.1576012122147319,0.017005726982024877,0.005164703183462002,0.009841736149597796,0.014216242449619915,0.020107238521901105,0.013678519340573514,0.09033935774751162,0.010874405890774985,0.07232840848598915,0.252950772706801,0.12829628178653252,0.5537731918479096,0.22415118908346443
JAM,consumption,0,LCN,1988,1993,0,dominance,dominance,1,1,-0.4161230937193854,-0.0746280122305123,-0.06875958132518234,-0.13533680453915048,-0.10329593009445467,-0.051245794311114284,-0.1349165674095869,-0.31113075165366477,-0.3368416496148331,-0.07936612387035558,-0.1012369564443969,-0.10977250197761007,-0.15589287919278216,-1.5760349827773297,-2.011923524168037,-6.095924582001733,-1.670686671890601
JAM,consumption,1,LCN,1990,1996,2,multi_cross,single_cross,0,-1,0.07794533185481797,-0.007216365192224183,-0.007014659861032335,-0.012589941446346009,-0.0067274088748570104,-0.0008653816620246835,0.006215122038536636,0.05366062911112818,0.05436282009941562,-0.005098579653797314,-0.009148498405098682,-0.0018624233565641135,-0.025583618621724813,-0.6027210521465927,0.24427050409514495,1.3078766166855171,0.2433237948771776
JAM,consumption,1,LCN,1996,1999,0,dominance,dominance,-1,-1,0.2976340381933764,0.03679214402519787,0.035172466848606754,0.0994610425848057,0.05671746742826472,0.024065502147934598,0.05487750765864857,0.09298404416555672,0.08787003637335689,0.041929569407659434,0.06546904472510368,0.052145034446015315,0.11326333787388637,1.3397926870777912,1.9616818279957355,4.864856514855912,1.858445739947061
JAM,consumption,1,LCN,1999,2002,0,dominance,dominance,-1,-1,0.08978912773619294,0.042321412257703306,0.032399354135634884,0.10522753169911603,0.06838984859272729,0.030791049770724194,0.07893672610812591,0.18136493587191183,0.15382340836513397,0.04749576960213486,0.05547225952392404,0.0678197372926474,0.10924926091800147,1.1694413389981975,1.2223037648273145,3.7892447220597685,1.2549909085997148
JAM,consumption,1,LCN,2002,2004,0,dominance,dominance,1,1,-0.002922064552344813,-0.028439945387334797,-0.023068348143198913,-0.09008465503485641,-0.050871092160456766,-0.022832488302840792,-0.06144145198249851,-0.16681952680479917,-0.1407040049485615,-0.035018085122684894,-0.046722678670838125,-0.0504111819056669,-0.08555733410953281,-0.9482806034322859,-0.45393590055582766,-2.195402063956106,-0.4696461685913098
JAM,consumption,2,LCN,2018,2021,0,dominance,dominance,-1,-1,0.0673804407046784,0.04539813727177833,0.053102617822441855,0.11768386281026988,0.0671047035411462,0.027896994605036085,0.05877512124279802,0.08352470568975995,0.10474835180349928,0.052862010981927,0.09283468335301559,0.05926767096829319,0.15027110055593873,1.6108541115064625,1.390212289269769,3.1150970572365484,1.6195168891022282
JOR,consumption,0,MEA,1986,1992,0,dominance,dominance,-1,-1,-0.24581431570033163,0.07007439027766948,0.06400696332109046,0.1121394802491188,0.09807764657165588,0.05226179293791822,0.14896125838642651,0.40544645792137135,0.41602068291500804,0.0757556478003435,0.09020498905895241,0.1120223103192659,0.12191663585030033,0.9338004965128794,-0.4062045571997599,2.705666682580139,-0.41747537271691026
JOR,consumption,0,MEA,1992,1997,0,dominance,dominance,1,1,-0.13429214688735672,-0.0666487485437463,-0.0646628652558161,-0.1178365691798533,-0.09088860412992769,-0.04404163597284641,-0.11416343134113621,-0.2731929051463404,-0.25947855042072177,-0.0699469454785116,-0.09552886446686559,-0.0946230965680814,-0.14313743255133043,-1.4908022659379006,-1.5022880589941119,-5.0192632439245575,-1.4185184350540547
JOR,consumption,3,MEA,2008,2010,0,dominance,dominance,-1,-1,0.11668263201201141,0.010803138865134343,0.012452996689573781,0.014093047662775193,0.012687814008406406,0.0067492759259224905,0.017561959718052217,0.036129764531879105,0.05018016884870968,0.010630039634289906,0.01475537318666692,0.014139854961341791,0.01817741944457102,0.006467752953808414,0.7897700447472173,2.1445298696411648,0.7904009714309121
JPN,income,0,EAS,2008,2009,0,dominance,dominance,1,1,-0.02812078830882191,-0.016193271662951314,-0.020607774087962216,-0.10824551440014535,-0.027430310408915887,-0.010344429499497002,-0.021175332386054208,-0.031561006583635504,-0.045330435891920984,-0.021951708869608122,-0.06129350703667141,-0.0217872755415294,-0.08144962509417097,-0.5417649380514318,-1.1796444221311582,-2.9803701190713774,-1.9874383898453623
JPN,income,0,EAS,2009,2010,0,dominance,dominance,1,1,0.017469735435304765,-0.014858275642189889,-0.019900402262070016,-0.09506092155626206,-0.02531226211898771,-0.0094608823236782,-0.0190603388684899,-0.0268146843714534,-0.04106084626628759,-0.020797898475403198,-0.06764435162219884,-0.01981782501789109,-0.07806851855491814,-0.39469454668640314,-0.4214877693160748,-1.3542371886960218,-0.6008706797684837
JPN,income,0,EAS,2010,2011,1,single_cross,dominance,0,1,-0.04096944169788581,0.014826902579110512,0.017522243203307752,0.022349909763432263,0.016764316276417113,0.00739760416186,0.015481470108066608,0.019869606843114007,0.030669973797394667,0.013833242646315719,0.01732387661290752,0.015487070349627291,0.034803197682466314,0.45083408659375834,0.07346631859664399,0.18651628804890308,-0.32531005046697814
JPN,income,0,EAS,2011,2012,2,multi_cross,dominance,0,-1,0.009498137723034258,-0.004406177878024609,-0.0037806022099882153,0.1669811701147636,0.00634583516500109,-0.0003135454944946936,-0.0021513890323583973,-0.001252667324561918,-0.0018915572229381006,0.005176119254737099,0.10446065401329352,-0.0006576915327953792,0.06298615185375611,-0.33643681710880813,-0.05758998530420634,0.19542677064836766,0.20770995527501768
JPN,income,0,EAS,2012,2013,2,multi_cross,single_cross,0,1,-0.020745298497427546,-0.01000506377330479,-0.00873330264913319,-0.10278142818651237,-0.010698498684822505,-0.004603302415925395,-0.011578453132025712,-0.020604790310897597,-0.03192902535324771,-0.008745503857135323,-0.059600095101602635,-0.0096428435098459,-0.03438357244152268,-0.12164880425786606,-0.7355709428890407,-2.0022252211633393,-0.6527099602142705
JPN,income,0,EAS,2013,2014,2,multi_cross,single_cross,0,1,0.018448842326296965,-0.0025493680314589984,-0.010322303558299661,-0.08511343451320852,-0.017024940589311005,-0.0041780673934192075,-0.004388290987716786,0.00014487085303260816,0.00023014311974622892,-0.014111424133815192,-0.061041852889741566,-0.008731072272571111,-0.07472659441312463,-0.21252013651907475,0.14310039776019856,0.5226597117187914,-0.5831338102685883
JPN,income,0,EAS,2014,2015,1,single_cross,dominance,0,1,0.013103401883577215,-0.0057748263971934,-0.007181797746939278,-0.05267910490653038,-0.009632425699152097,-0.003117778445874103,-0.0055277096771710055,-0.005362539864210092,-0.008575827587855689,-0.008091069197821987,-0.04480773388993203,-0.006502407273099392,-0.036908032588137685,0.08623105125753838,-0.07691449216991053,-0.017138498284857917,-0.030306550486010053
JPN,income,0,EAS,2015,2016,3,multi_cross,dominance,0,-1,-0.01039170027934336,0.01139790990657441,0.017718067826285266,0.0717886628885111,0.0205014830940268,0.006765350420109104,0.0109190293050562,0.007799042711745807,0.01243394900274486,0.01712778757648628,0.059625963341619403,0.014123777721640085,0.07015011840451929,0.3554861017383395,0.3658589546418298,0.2655877665783457,0.8935938013267801
JPN,income,0,EAS,2016,2017,5,multi_cross,multi_cross,0,-1,0.015067629696784038,-0.000478741873854438,-0.0023861865341211486,-0.008826405975446816,-0.0032965490668848962,-0.0009461949579268047,-0.0012991233954678938,-0.001527949317907118,-0.0024166990562006774,-0.002730436745428888,-0.0067567457305579,-0.001978472338447279,-0.012246280386837283,-0.09802992406582156,0.19410932144777604,0.3199261734124299,0.16053355041307782
JPN,income,0,EAS,2017,2018,0,dominance,dominance,-1,-1,-0.027063187944591338,0.011024255594945631,0.017670767320918768,0.10727755712620252,0.02457836644595121,0.00813843077449311,0.014537477553850486,0.017367563811590103,0.026946864157841866,0.020142577227645203,0.07324819366154672,0.017050861345344975,0.08663165125185235,0.5483305814036115,0.10173763113878387,0.42520542614602164,0.4106671194397542
JPN,income,0,EAS,2018,2019,4,multi_cross,multi_cross,0,-1,0.008392269674012989,0.000879255413728075,0.001983326674991792,0.04356763315848189,0.005475051939560688,0.0014637769848461907,0.002630523583650901,0.004903401446087807,0.007410419385131317,0.004419914416285392,0.025047029565263612,0.0030748687983992995,0.025358103711351165,-0.11279816293896072,0.16142160599352096,0.5744598534653882,0.42049133830477103
JPN,income,0,EAS,2019,2020,0,dominance,dominance,1,1,0.031793477736383885,-0.006446056780809284,-0.00822567778560146,-0.037827109015169114,-0.011089278280859899,-0.004269681939872594,-0.008978328333711594,-0.01417023579019791,-0.021648116808967166,-0.008977381789414401,-0.021610635005218704,-0.008962138390430197,-0.03243395494722179,-0.22011158625226024,0.17787722108712778,-0.03792796830694556,0.5033173807932876
KAZ,consumption,2,ECS,2001,2002,1,single_cross,dominance,0,1,0.05533633362825415,-0.01153631936692312,-0.016418140608157272,-0.0346888236181227,-0.017562249277158326,-0.006630541848174798,-0.0119572551162557,-0.010411980250880915,-0.013911895501848348,-0.014248445712756602,-0.030695542153624134,-0.013984245295132397,-0.04639059708149623,-0.4497669545687497,0.046182579130990664,0.15807023436780465,0.0335985499107877
KAZ,consumption,2,ECS,2002,2003,0,dominance,dominance,1,1,0.07248793816934931,-0.011183519103234674,-0.01198419251983951,-0.0158389245720387,-0.013055732480701882,-0.006595470381920807,-0.016287500940409788,-0.029781134715411883,-0.04131627821395634,-0.010755601693310801,-0.015000931427295805,-0.01385940971302091,-0.0206457171888198,-0.16837482056853226,0.0835170360111821,0.066890997436035,0.037160091022773734
KAZ,consumption,2,ECS,2003,2004,1,single_cross,dominance,0,1,0.05753194507214376,-0.018543571880926923,-0.024145582015413836,-0.033683877767267306,-0.021601249786615012,-0.009054090846522991,-0.01756089122903881,-0.01724383390364939,-0.025077866695576878,-0.01810686962190261,-0.03420803304716019,-0.018944222099455593,-0.049457401674770085,-0.5472062885967199,0.001915462047657357,0.09465283624873155,0.009573584596269114
KAZ,consumption,3,ECS,2005,2006,0,dominance,dominance,1,1,0.11160333873379233,-0.09584050656745358,-0.11134759809134209,-0.177037800314122,-0.11686142379515632,-0.05061566468545689,-0.10569335334817678,-0.1320107579695597,-0.17185488501640223,-0.09488430012168089,-0.15974143185951487,-0.10679985905140352,-0.24544164842498573,-2.7379435624446495,-0.4426862925054489,-0.6719311494048688,-0.29441808776241596
KAZ,consumption,3,ECS,2006,2007,2,multi_cross,multi_cross,0,1,0.1474536987624734,-0.0015877188253197172,-0.0025155887608513394,-0.002977954463729088,-0.0025715350430741968,-0.0014951569020068,-0.004301783805395393,-0.010754755646268405,-0.015950701478119944,-0.002215150271206112,-0.0034219549335076094,-0.0031097310883891893,-0.003253629508865208,0.01821709316221387,0.3799824748222016,0.7397598476547591,0.2558886949745188
KAZ,consumption,3,ECS,2007,2008,0,dominance,dominance,1,1,-0.006001191236379658,-0.015834628919592697,-0.02119702941030066,-0.018968968178483814,-0.016239172866411605,-0.008228097381899196,-0.01978766159454981,-0.036069618007908394,-0.056534837516205694,-0.014120952651322696,-0.022545585888472802,-0.0170685967283028,-0.027693811797889573,-0.2549533375707451,-0.16723878128330183,-0.5738667798988555,-0.13282440628426095
KAZ,consumption,3,ECS,2008,2009,1,single_cross,single_cross,0,-1,-0.013173346642702017,-0.0028684960752075606,-0.0022038754278530526,-0.0008255710471413991,-0.002759134615413994,-0.0019815451430248016,-0.006031339080464104,-0.0138783950424414,-0.023202656993870918,-0.0024221095247336927,-0.0010116598794251974,-0.004099322582196613,-0.00020826659531331115,0.05874792341984447,-0.06216313384306549,-0.29267715296830055,-0.05850042075930095
KAZ,consumption,3,ECS,2009,2010,1,single_cross,dominance,0,-1,0.06152216767791962,-0.0025357197926927366,-0.004019570741295775,-0.0033150715756563864,-0.002561559411850989,-0.0011951549896512953,-0.0026065439006471014,-0.004037097305623599,-0.006923805091922919,-0.0022546580056127113,-0.004088796557793706,-0.002470379084698493,-0.00522519554508849,-0.08492734860408602,0.1421356489968324,0.2792715213833086,0.10058302316357182
KAZ,consumption,3,ECS,2010,2011,2,multi_cross,multi_cross,0,1,0.17116677893780005,0.00029895300060001073,-0.00022148946956712656,-0.000355562786702901,-0.00028819397846810424,-0.0002265640097280086,-0.0008123679201829936,-0.0023334167224725033,-0.00403989716687192,-0.0002540269793259997,-0.00044108607370738073,-0.0004681289078792006,-6.720905862431237e-05,0.060832409392861386,0.5224568552841009,1.028735524331176,0.3911997192521852
KAZ,consumption,3,ECS,2011,2012,4,multi_cross,single_cross,0,1,0.016546419926983563,0.0018504166863178018,0.0018858063198495811,0.0010757754309086986,0.0012355912010980907,0.0005821827171171995,0.0011450534457546901,0.0009766478004133994,0.001694332716489777,0.0010885892717227008,0.0013330192001899943,0.0012030261423371102,0.0022063514229321013,0.04831333491797851,0.07730103081287432,0.13369728948069604,0.058664229468694984
KAZ,consumption,3,ECS,2012,2013,0,dominance,dominance,1,1,0.04615129823195424,-0.011034502524882306,-0.015129125860011916,-0.011960370745994015,-0.009636261286273998,-0.0044669018599407945,-0.009238730545112595,-0.010797549905705611,-0.019017855050260324,-0.008525574334262292,-0.015078980489684313,-0.009220886653275306,-0.019460379595486882,-0.22855566496131718,0.02092807176385092,0.08821253177997512,0.021485857330637348
KAZ,consumption,3,ECS,2013,2014,1,single_cross,single_cross,0,1,-0.0243609499113633,-0.0005249641724910936,-0.0007133884929105827,-0.0008403110707758954,0.00014593825515750447,0.00042793091789639776,0.0020250135558110005,0.007207609733620307,0.012765141194746588,0.00012973087433199026,-0.001081187190747207,0.000882415186461899,-0.002177110772973695,-0.01597420513682124,-0.0882737873682724,-0.012282905980347536,-0.06279831064495589
KAZ,consumption,3,ECS,2014,2015,1,single_cross,dominance,0,1,-0.046786123616003886,-0.002126317597675509,-0.003554486890843589,-0.0027264115747479972,-0.0018905266967853968,-0.000784261252956199,-0.001388912460602798,-0.0008849799419337057,-0.0015519462172063347,-0.0016820384026992874,-0.0035281132639753965,-0.0016170332567914947,-0.004572789937413113,-0.03746347955367124,-0.17627906698876217,-0.3383206301468906,-0.13617482024603778
KAZ,consumption,3,ECS,2015,2016,1,single_cross,dominance,0,-1,-0.07676223651272869,0.0042484412923262105,0.006611980015757357,0.005316151941054101,0.0032580881533652017,0.0011062979319715963,0.0010244143700069985,-0.00421519478987159,-0.007450797155614586,0.0028968038456931994,0.006850887056159716,0.0022812215575460926,0.009461005481651796,0.10733888461702046,-0.1856462337983773,-0.5733176413619043,-0.1499334838455646
KAZ,consumption,3,ECS,2016,2017,1,single_cross,single_cross,0,1,0.07344675400905396,0.0022523750133472964,0.001527754949878224,0.0006125479466422001,0.0016524173362390954,0.001088524165641501,0.0030250092238386095,0.0058777960548294095,0.010362946801399597,0.0014655800848852873,0.0007819120411227953,0.002245881821570206,0.0007515637986940105,0.0023621564092262126,0.25111124712414146,0.5852292279745068,0.1963644925594501
KAZ,consumption,3,ECS,2017,2018,3,multi_cross,single_cross,0,1,0.06170575177112498,0.0034265786746007776,0.003107663011793771,0.0019299953828784966,0.002925317633391794,0.0017603393947050044,0.004604993177193206,0.008026444238697694,0.013855355637572897,0.0025886235877425057,0.0024536492480601857,0.0036347512331028065,0.0026770771778306945,-0.009574994132434345,0.24627891579667605,0.5969782493719951,0.2055711413620238
KAZ,consumption,3,ECS,2018,2019,1,single_cross,dominance,0,1,-0.0016084380625485894,0.0017546105855424377,0.0018254237895827252,0.0012554556301281883,0.0014206851724979097,0.000757426076877496,0.0017730430192853808,0.00248353579325139,0.0042212526180164245,0.001254439966257695,0.001588012141702816,0.001564984563990901,0.0020132872263964874,0.022601992790178826,0.016198174093642326,0.040607731621953747,0.0145524763164675
KAZ,consumption,3,ECS,2019,2020,1,single_cross,single_cross,0,1,0.023842624486143778,0.007142835674201764,0.007410799951066749,0.005304723693989516,0.006300030194990508,0.003540790336032801,0.008990829203696205,0.0162509582846867,0.026909728202787253,0.005541391253956501,0.006640529703848208,0.0073243459064475935,0.007807880107988524,0.02172224146203794,0.17420838373842917,0.5179591033107496,0.1520384979445275
KAZ,consumption,3,ECS,2020,2021,2,multi_cross,single_cross,0,-1,0.047379163467541376,0.005038988505410902,0.004881932420660373,0.003654658959136997,0.00524329828342579,0.0032765985740289966,0.009339900730074097,0.021260981199096113,0.03352804278488042,0.004585365151905399,0.004510740285146975,0.0067902396222536965,0.004255755477107187,-0.006052951248430194,0.24354975130789747,0.8261338954655901,0.22067394204950874
KEN,consumption,3,SSF,2005,2015,0,dominance,dominance,1,1,0.02335696157845274,-0.05649123723820598,-0.04946776631932337,-0.15909280864822067,-0.09532508278125557,-0.045623067809336004,-0.12759693781911258,-0.3631781681900287,-0.3258092891994917,-0.0688530470268511,-0.09480721332480546,-0.09943447470365369,-0.1519881823058401,-1.2115172405421868,-0.19438603241879981,-1.2581949350814137,-0.18440104202906482
KEN,consumption,3,SSF,2015,2020,0,dominance,dominance,1,1,-0.19187722358734963,-0.04517926998496402,-0.04783744420364655,-0.09589601961183891,-0.06381833688347563,-0.029593879092669306,-0.07186427793134931,-0.141690468550974,-0.16278837443538152,-0.049903187543845984,-0.07673265099957921,-0.06310210969040769,-0.1164402582531035,-1.0484500607822307,-0.4604434555855692,-1.2761456116336731,-0.25187642747937783
KEN,consumption,3,SSF,2020,2021,0,dominance,dominance,-1,-1,0.0245206075391088,0.024433925003847223,0.02013467609130215,0.03009966784208662,0.03267622372894982,0.019486155628137103,0.05863996257770293,0.1557621553806695,0.17745972952875855,0.02594912474239608,0.026131857966931404,0.04143006790127629,0.027049999179552087,-0.22687134108338292,0.1192849412763326,0.7060467161644532,0.10484111676139002
KEN,consumption,3,SSF,2021,2022,1,single_cross,single_cross,0,-1,0.022167347260058142,-0.0016417376115029914,0.00036847793566163745,0.0025736688036148703,-0.0037998405295601168,-0.0041573469052360035,-0.017620128699664117,-0.06748071014098089,-0.07254510427749561,-0.0029741764925639014,0.0021404032596578637,-0.00887745422547509,0.010347769135520601,0.2647287196182271,0.0251087729395727,-0.18859901272471458,-0.014682179099651527
KGZ,consumption,1,ECS,2000,2001,1,single_cross,dominance,0,1,0.05681593302169788,-0.008727809835230804,-0.009346701587060302,-0.008925019605950407,-0.008092488657250901,-0.003981925518471804,-0.008743478868842497,-0.010100439118134519,-0.016256317267370757,-0.006961847968819906,-0.010094320654155275,-0.008277432410875696,-0.013674219319848524,-0.1534689555031452,0.026835845564785354,0.059070048158600175,0.008239964131541405
KGZ,consumption,1,ECS,2001,2002,1,single_cross,dominance,0,-1,0.02528835758891852,0.0013893664819623064,0.0031244792437850055,0.0042760661165063,0.002015305393516298,0.0006423535549825998,0.0007252860108172832,-0.0009575687719177994,-0.0015635971688467976,0.0017390090210235853,0.004870114213561705,0.0013340897444550082,0.006506464342707241,0.0580962964876095,0.029193163220373797,0.04500014987994394,0.008238735660192897
KGZ,consumption,1,ECS,2002,2003,0,dominance,dominance,1,1,0.04997435304015929,-0.01592746664220107,-0.022483043334944885,-0.02208139899669251,-0.01616188006421379,-0.007283714794123805,-0.015050454391681484,-0.01845703339993099,-0.030960278525677953,-0.014045247291422591,-0.025845828553490907,-0.015100401075190811,-0.0341668825606084,-0.38351007101332524,-0.003993805196308542,-0.003941567377315325,-0.0006611418169808203
KGZ,consumption,2,ECS,2004,2005,1,single_cross,dominance,0,1,-0.11212353071535032,-0.0221275719228336,-0.02659383420709971,-0.03608829707321992,-0.02452816824382409,-0.010267975785428693,-0.019320167282769973,-0.013900171974573494,-0.01932062146700053,-0.020414492872454587,-0.03646565183488787,-0.021537803122656712,-0.05450018188626582,-0.6169124478478745,-0.29081297174467324,-0.485686039997721,-0.13489125837230498
KGZ,consumption,2,ECS,2005,2006,0,dominance,dominance,-1,-1,0.2720611908003588,0.048128538442201996,0.05108615508987946,0.06635804200178921,0.056497840243814906,0.028409636131978194,0.07099085923883111,0.14297799911478787,0.17889378149889834,0.04628178201667188,0.06435285748355679,0.05989236626842939,0.08883106587285161,0.8110304396148313,0.7569282910284088,2.096188443002115,0.46192087115650815
KGZ,consumption,2,ECS,2006,2007,0,dominance,dominance,1,1,-0.05110096158041678,-0.0346108576374588,-0.03114127555972057,-0.0385070701391457,-0.03977728766971131,-0.021848708149657198,-0.059339496381128926,-0.1348912423524019,-0.16759056828282115,-0.03231122636681699,-0.03588575297337343,-0.046144397145079896,-0.04705790341053501,-0.34265145698133903,-0.31023037198034276,-1.2260107220726582,-0.23768549705338482
KGZ,consumption,2,ECS,2007,2008,2,multi_cross,dominance,0,-1,0.11610428796203984,-0.024604479383847022,-0.028680541908260193,-0.03458970870003991,-0.025562591448285904,-0.011266851316246801,-0.022662731613944,-0.022607003354695482,-0.032064017602702166,-0.021453330462072706,-0.035705857241023486,-0.02357854843713228,-0.05273817036664469,-0.7429157108765949,0.08069432492525053,0.30202779871497487,0.05711845844671937
KGZ,consumption,2,ECS,2008,2009,0,dominance,dominance,1,1,0.020788081068966714,-0.015775775162481298,-0.023748209128808928,-0.02613812375854138,-0.018093553224132697,-0.008132703510580097,-0.017447910746741097,-0.025741993961456905,-0.03843175855510339,-0.015519853479684181,-0.029491755864088087,-0.016929903184670803,-0.03859936800791319,-0.2755880182191812,-0.06109851151436008,-0.15921380273681596,-0.037124963119447574
KGZ,consumption,2,ECS,2009,2010,3,multi_cross,multi_cross,0,-1,-0.04855165124371709,0.002595865064235925,0.012046742868167759,0.030513147380420602,0.009493097377223397,0.0026807480088773955,0.003214060254410206,-4.698056455279542e-05,-7.221574440074985e-05,0.008177771326027483,0.034207665513334595,0.0055722968396088035,0.036768500488697176,0.10007794066410547,-0.07665024428366873,-0.2028347291509487,-0.045490113746232685
KGZ,consumption,2,ECS,2010,2011,0,dominance,dominance,1,1,-0.0028714904897464764,-0.022907367116961896,-0.03867484594705117,-0.05315999347793951,-0.028664836736621208,-0.012091320273873093,-0.024606920412114514,-0.03316310442329068,-0.05315050530828758,-0.0249317536610308,-0.06173857486490181,-0.02506993951430661,-0.07136932471985857,-0.44435771193597695,-0.14822432577196287,-0.34304975324371423,-0.08413709371554279
KGZ,consumption,2,ECS,2011,2012,1,single_cross,single_cross,0,-1,-0.034986024975263985,-0.0048230972309660225,-0.0002284731777335569,0.005739006553150905,-0.0009589525410248906,-0.0013934120649232995,-0.0046591105014748,-0.0098256292318738,-0.01668099497892095,-0.000846483195963893,0.007162211235343108,-0.0028786512931189,0.006947967670249189,-0.04658536479311692,-0.0886883624449335,-0.2284816594879211,-0.04893909954875769
KGZ,consumption,2,ECS,2012,2013,1,single_cross,dominance,0,1,-0.014386888131999948,0.01457425616013619,0.014161413328187544,0.006115095921419705,0.009771486784663205,0.005291129501752395,0.012306746926247697,0.017304695540866194,0.0290724265037392,0.008587563659208194,0.007490644857911594,0.010942342289411988,0.012196975558724898,0.2771620997354476,0.0629754925688164,0.12259340131968566,0.03000591542493164
KGZ,consumption,2,ECS,2013,2014,1,single_cross,dominance,0,1,0.04407236342201849,-0.019977825693986595,-0.027948433941520245,-0.022036802400625513,-0.017549917569552806,-0.0080625222974548,-0.01647721114314779,-0.018011607718482203,-0.03029106926711056,-0.015483791401541491,-0.027687126403418583,-0.016661416363366488,-0.03580585087293159,-0.37593466950417165,-0.04688405933594719,-0.02481352087759925,-0.01770048295737242
KGZ,consumption,2,ECS,2014,2015,0,dominance,dominance,-1,-1,-0.016665402463911023,0.021745578171274815,0.029177952009789343,0.022907226713021492,0.022273700596159005,0.012156802807131897,0.031195819012573595,0.06284174046777968,0.09984474126363241,0.019605244195842503,0.028741760214307688,0.02514992906726471,0.03219267581483451,0.1737479807891562,0.1051602707895205,0.549597436346589,0.0889047650830333
KGZ,consumption,2,ECS,2015,2016,0,dominance,dominance,1,1,0.019690382184992725,-0.022096248952591213,-0.029917417699165894,-0.02312099927033219,-0.023387492646174707,-0.013128381961066596,-0.034752578547196905,-0.07417393036261238,-0.11974241383778772,-0.020597111482155206,-0.029019988459540208,-0.02715289472707741,-0.031467355675088404,-0.10076477955063812,-0.10230536711033822,-0.6624871127837295,-0.09711316229680639
KGZ,consumption,2,ECS,2016,2017,0,dominance,dominance,-1,-1,0.006840762384013379,0.00550317496956082,0.008121782416273593,0.005770736914227401,0.006017435241646801,0.0034702958002732,0.009414118317512515,0.02084998572808161,0.03609620499035582,0.005345602954673498,0.007443974285619409,0.007158968044884695,0.007682957713252003,-0.033888692354687944,0.04589919809025145,0.24997884836787465,0.03764589497023191
KGZ,consumption,2,ECS,2017,2018,1,single_cross,single_cross,0,1,0.06655544936357972,0.0035641198030353927,0.0028654333595506953,0.0013692078334819058,0.0024647571973449994,0.0014365911386831007,0.0035677887932791807,0.0054883406299818804,0.009143538476737545,0.0021803036741336046,0.0017460948916699914,0.002967457521657002,0.0023893292310832037,0.0269562583449523,0.14162138917199263,0.3179739079107713,0.07870721151655324
KGZ,consumption,2,ECS,2018,2019,0,dominance,dominance,-1,-1,0.05771610987865001,0.020027034501610086,0.02379535095367069,0.019051229429257105,0.023116172595132614,0.014207485670221995,0.04132356631649042,0.1048884597171707,0.15385378186917475,0.020188939324693497,0.023527145810959105,0.029470745424007294,0.02202732242524219,-0.014903893853193573,0.25211635893729256,1.3317224854667344,0.2148011198231814
KGZ,consumption,2,ECS,2019,2020,2,multi_cross,single_cross,0,1,-0.09435828999339173,-0.007035999878263199,-0.005188963675143654,-0.0038103388831631224,-0.01147229636929431,-0.008985070513763599,-0.030844313232980924,-0.0934963669292028,-0.13530260059459032,-0.009961212588362495,-0.004593850833795682,-0.01866398055229279,0.002687644542721107,0.247695753017382,-0.23493832898112688,-1.3576760049255725,-0.21263360815815036
KGZ,consumption,2,ECS,2020,2021,2,multi_cross,single_cross,0,-1,0.0866632961509296,-0.001975861954399305,-0.0032579904741298904,-0.0029348604122178823,-0.000957634427522891,0.00017668652531099838,0.002291627422333714,0.010781866896921205,0.017062701434467975,-0.0008366780237210047,-0.00357569105752642,0.00036614722991548665,-0.006229074353908098,-0.08944014533325761,0.15537948349312503,0.4842791287798196,0.10367250892180657
KGZ,consumption,2,ECS,2021,2022,0,dominance,dominance,1,1,-0.013124873110695925,-0.024352081776086776,-0.03167934144017215,-0.023076228075193606,-0.023542546886205412,-0.012915085176163792,-0.032639870507725,-0.0609494882824414,-0.10353966577589768,-0.020822948007894304,-0.029301983775067486,-0.026673031048837892,-0.033188774694989015,-0.14467908068615642,-0.19555948850499227,-0.7779629142424449,-0.149886861314939
KGZ,consumption,2,ECS,2022,2023,0,dominance,dominance,-1,-1,0.08869385902148555,0.008283962911325105,0.010539049933775635,0.006604697961820297,0.008615156568540908,0.005310200745839995,0.014875645651277011,0.0329433784216146,0.05820478418529684,0.007676879089049307,0.008608432463381582,0.0109447344392275,0.008199752542260796,0.03939165388868293,0.23258131098558854,0.7876647667176808,0.15996322268372776
KGZ,consumption,2,ECS,2023,2024,1,single_cross,single_cross,0,-1,0.0837230123930712,0.0036100034079517007,0.0065217836828053155,0.005598326149475211,0.0027757912739501955,0.0006811917816728005,-0.00033569755465220896,-0.0073107499787689045,-0.012414541461635231,0.0024594251827683017,0.007155022986033599,0.001406226277909095,0.01007068878841011,0.09854405527628618,0.2098938958041816,0.2919938027251874,0.11389675966005319
KIR,consumption,1,EAS,2019,2023,0,dominance,dominance,1,1,0.26859410315721044,-0.030905678954530974,-0.0419245344867093,-0.02856878916963,-0.026482184702109404,-0.013503016344471597,-0.03101781822772849,-0.0467719193380642,-0.08818121100776877,-0.023680116161834602,-0.03724376395777468,-0.027791648260081694,-0.04508388972251151,-0.28124928625710144,0.28300284437473433,0.38531244685671107,0.13598877808668142
KOR,income,0,EAS,2006,2008,2,multi_cross,dominance,0,-1,0.032879435155073855,0.006212376224449312,0.006559870357706776,0.008704410058944678,0.006230213749936292,0.0030940121176865065,0.007340564216509887,0.011849851931764105,0.018485965817117922,0.005185887906731412,0.007549034877974481,0.006468728947528091,0.010532466327437595,0.15029090533616785,0.6079859338799771,1.4373270163726026,0.8394182550849045
KOR,income,0,EAS,2008,2010,1,single_cross,single_cross,0,-1,0.013743435879017298,-0.0030470569866385966,-0.0019743194808752307,0.017454163176941317,0.00022993757171851925,-0.000832911430018804,-0.002864715454056893,-0.005027808857314103,-0.007778499970388597,0.00019077726281918617,0.014630459109255478,-0.0017424649898742928,0.011719937518774037,-0.09186021461887961,0.051054874202128175,0.04108000675898538,0.27439907567762845
KOR,income,0,EAS,2010,2012,1,single_cross,dominance,0,1,0.05416085803613096,-0.004620349378393007,-0.004995408368975718,-0.01646704192546572,-0.005627027999068723,-0.0023258842443890926,-0.0049210463666977955,-0.0063684837606867994,-0.00998996149891096,-0.004681319516359694,-0.01378521351383849,-0.004861591787249014,-0.014946022884908927,-0.047274974449821094,0.48437419249101765,0.9439216129305201,0.998823611110927
KOR,income,0,EAS,2012,2014,0,dominance,dominance,1,1,0.04756955828299405,-0.0036365809285088813,-0.006200414493335082,-0.0212253945281963,-0.007196496232513089,-0.002760053690404801,-0.0057044532059996045,-0.009496006655585199,-0.015196157296611945,-0.0060255302015082,-0.018669514642895513,-0.005761103232281073,-0.021370256650042385,-0.06771324386032873,0.45673717076402554,0.5880467747646065,0.760000056722296
KOR,income,1,EAS,2016,2017,1,single_cross,single_cross,0,-1,0.03303525292110133,-0.0036615912864008116,-0.003429692927924499,-0.0019065627350960956,-0.004195816231740507,-0.0026434352024849034,-0.007984772331922713,-0.020797693120402694,-0.02804509972056446,-0.0033803533419624887,-0.001519175356360536,-0.005576889353079623,-0.0022213877563723172,-0.03916693907497493,0.39802505383741504,-0.17864697264852936,0.9698244851671163
KOR,income,1,EAS,2017,2018,0,dominance,dominance,1,1,0.02668983006578448,-0.011273261781133526,-0.014042315064158317,-0.030089915556646307,-0.016287184119645998,-0.007173970257486895,-0.016210438713187086,-0.027398918990788806,-0.03868734080427472,-0.013256960263491602,-0.024983998199412105,-0.0150938779425549,-0.03581096186042848,-0.2977294391274121,-0.11023248361327731,-1.0261234520674165,0.027611054914380873
KOR,income,1,EAS,2018,2019,1,single_cross,dominance,0,1,0.03685256380749865,-0.005311463002321493,-0.007935105482191007,-0.02237493669278187,-0.008454399185501005,-0.0026627846626545992,-0.0033177756611121045,0.0030632765669808826,0.004432550488508213,-0.006967063327299905,-0.01989758949204279,-0.005587246481085578,-0.02772253190893792,-0.22499601916156742,0.3754753320599278,1.6006963327505304,0.5301294982555724
KOR,income,1,EAS,2019,2020,1,single_cross,single_cross,0,1,0.036932945455158,-0.004880938654514,-0.007449279166949485,-0.01600030332347152,-0.007057666454015898,-0.002309091600809804,-0.002968508466445613,0.0022629288513286994,0.0032563354863407445,-0.005861329660583892,-0.01498426613414,-0.004838486806895609,-0.021930749801333693,-0.2791702802807139,0.4045411141426136,1.6064863189241336,0.5804558560541295
KOR,income,1,EAS,2020,2021,1,single_cross,single_cross,0,-1,0.04874892405611675,0.0020087373148306997,0.003745864210089489,0.011393711730568995,0.003176385898075701,0.0003045205588304012,-0.0022651170339526017,-0.014094655402308393,-0.02053744612576225,0.0026430803646826095,0.010737153201685723,0.0006377436748180032,0.015827409618632438,0.22354072482963527,1.0433559217132427,0.7487535620814825,2.2413306597050067
LAO,consumption,0,EAS,1992,1997,2,multi_cross,multi_cross,0,-1,-0.2680112574181237,0.005781753799591949,0.00720316211074179,0.010509917428164817,0.009996032617322598,0.0062263817186666015,0.019889376507143897,0.06070865676484055,0.07366882370106598,0.008222598577206114,0.010485510922520036,0.013122635743548106,0.008723295615198579,0.09631785849720043,-0.30023986948080705,-0.5072522505902275,-0.11060683425093373
LAO,consumption,0,EAS,1997,2002,0,dominance,dominance,1,1,0.20747118453948976,-0.022673296849414493,-0.02573568077329058,-0.03203482345334971,-0.027413918002694493,-0.014331276207250804,-0.03739595053264852,-0.0819288950572476,-0.10110201349816816,-0.022748175515102997,-0.03297037921768603,-0.03013685671770941,-0.04074574147174698,-0.26748873506706383,0.15821641394198438,0.22327961291760312,0.04957467703647192
LAO,consumption,0,EAS,2002,2007,0,dominance,dominance,-1,-1,0.1357414050346162,0.027359781888525336,0.03067072231810508,0.037821966020367886,0.0321015554487091,0.016413770921793705,0.041655902636491715,0.086002192209158,0.10582047033185726,0.0265759426573009,0.03861321259387451,0.034536047231715605,0.04971310634912979,0.324541260738084,0.2920234870242475,0.8592441698031297,0.15695526694335327
LAO,consumption,1,EAS,2012,2018,0,dominance,dominance,-1,-1,0.18678001149459825,0.028321209019284865,0.02689176146165906,0.04042068193399398,0.03554459833893761,0.018390502100214395,0.048757122939773995,0.11189875709246344,0.12518973565551494,0.028292906479713387,0.035922804651712825,0.03909506135040042,0.04963733210643689,0.33482932175606805,0.5840609894233468,1.7399576543736606,0.40389704084314126
LAO,consumption,1,EAS,2018,2024,1,single_cross,dominance,0,-1,0.08896258607621632,-0.040554657510079306,-0.03812415527391777,-0.051167057018214473,-0.04516647093820242,-0.021697768824430502,-0.05063205117039299,-0.08036355056927175,-0.08808045944272669,-0.036126303582908276,-0.046152652802504635,-0.046082959257737005,-0.07239092513048434,-0.85800753196283,-0.05379960302913567,-0.047537722903766344,-0.04214106034841647
LBR,consumption,1,SSF,2014,2016,1,single_cross,dominance,0,1,0.008463933226079244,0.020203745942567963,0.022122832527176617,0.029127900025662096,0.023058545388336293,0.010982701161134312,0.025408502005429906,0.042388943147372515,0.05831803001646596,0.019003677648535416,0.027796056366074906,0.023081355728150815,0.04110267493905562,0.59840166466289,0.08932666736004591,0.2492871499485041,0.04430574354541533
LKA,consumption,3,SAS,2002,2006,3,multi_cross,dominance,0,1,0.16231591778376112,-0.0050891786572040965,-0.003980295574554482,-0.006903334537509687,-0.005478606836105904,-0.002181471807367802,-0.003071301320159814,0.011427536483862522,0.011038820268626681,-0.0042230117506928955,-0.005654019522753018,-0.0046848957064136165,-0.010680954110057317,-0.1333855788605387,0.37778953211434807,1.1343195547334783,0.2633835084937146
LKA,consumption,3,SAS,2006,2009,0,dominance,dominance,1,1,0.007246128666514625,-0.03609386122959213,-0.033522766884497845,-0.050608752010573826,-0.04470407676549101,-0.022839266444044798,-0.06019757449076252,-0.14077852891766218,-0.14542963676153997,-0.03533718383017739,-0.04472774479746816,-0.04870029587396679,-0.06310021378090819,-0.6663978486475193,-0.22968262909657078,-0.9531975040881235,-0.19053202047783646
LKA,consumption,3,SAS,2009,2012,0,dominance,dominance,-1,-1,0.13058511975027837,0.026547631618446144,0.024683880685617887,0.03594389218346142,0.0332013770684996,0.017577694853780385,0.048022202091495214,0.11924637291393014,0.12453038019371432,0.02639504863734149,0.03237740334458439,0.03742477988745252,0.0431478499313222,0.42659478983046384,0.5564146887698902,1.84392095658571,0.43239555857328527
LKA,consumption,3,SAS,2012,2016,1,single_cross,dominance,0,1,0.1412670104739165,0.006339331449601082,0.0055978360131585525,0.009045749116933621,0.008317932573586206,0.004357433375466013,0.011869188820841203,0.02839998182947623,0.027477494580391726,0.006476602848207724,0.007673510965225672,0.009335527568772262,0.010566510263241014,0.10957848656646263,0.5197343544350272,1.4679133543828655,0.4139376708998066
LKA,consumption,3,SAS,2016,2019,0,dominance,dominance,1,1,0.019423687709225347,-0.0167647177847709,-0.014639254915581934,-0.02299664515984462,-0.02262374179589699,-0.012672458481133894,-0.03732920767979092,-0.1061438234601399,-0.10679373310386553,-0.017742335338958803,-0.019871284653738996,-0.02708557084271357,-0.024092918685005904,-0.15565635634958852,-0.08510354918669227,-0.8013539585647784,-0.10311087578578237
LTU,consumption,2,ECS,1998,1999,3,multi_cross,multi_cross,0,1,-0.01264926709365765,-0.0009081719147522316,-0.0004944154951564972,0.00017979121849520663,-1.265593282240296e-05,0.00018221733203360735,0.001213086399248886,0.005733833779894504,0.008355158116250871,-1.0657364667210345e-05,0.00018407489867461324,0.0003807974413141957,-0.0009189162227241088,-0.11872387842887289,-0.06047321041326015,-0.003966863814506283,-0.046828226277719764
LTU,consumption,2,ECS,1999,2000,2,multi_cross,multi_cross,0,1,-0.05939110681478549,-0.00334506831737158,-0.004269420033131799,-0.005535634193894523,-0.004929876826057195,-0.0030032652569063067,-0.009013507611890598,-0.023103670448529595,-0.034314954570570544,-0.004161648835310783,-0.0057113025247022,-0.006271393029737615,-0.005042192482985208,0.09511133944971828,-0.2616470842333807,-0.873852477021063,-0.2406052030881045
LTU,consumption,2,ECS,2000,2001,1,single_cross,dominance,0,-1,-0.004844355904889486,0.003375077636940227,0.004932537916347068,0.008547468807379999,0.004407504002991308,0.0017855904663622024,0.003481774169599494,0.003841184835980893,0.0058284582880223645,0.0037216490903344,0.008780875848789504,0.003727417288465207,0.011228197083693603,0.019529557160411493,0.02087082564566023,0.030011461473923973,0.017631436068415107
LTU,consumption,2,ECS,2001,2002,4,multi_cross,dominance,0,1,-0.0010531357307799931,-0.0009727104442218137,-0.0019396493923026226,-0.004243665465180901,-0.0017459889487494162,-0.0006120961574639927,-0.0010459002767853887,-0.0010965370707153033,-0.0016585938236339803,-0.001472332706784818,-0.004332655327998813,-0.0012781582028310035,-0.00541594207238022,-0.055763809505663176,-0.014862574493153868,-0.026733062984444445,-0.012327236616660464
LTU,consumption,2,ECS,2002,2003,0,dominance,dominance,-1,-1,0.31968582238903187,0.03536828348531229,0.03604647944202766,0.04281112669965201,0.03830411123061822,0.01964756178093749,0.04845712839409361,0.08662111758445704,0.12023793645708314,0.03171742036787162,0.04143238812831379,0.041242475395951494,0.05748091095123564,0.5114661897241985,1.9160522621533427,4.700361143284641,1.8173727609081485
LTU,consumption,2,ECS,2003,2004,1,single_cross,single_cross,0,-1,0.035881133689655266,-0.0025134305981606153,-0.00041991056583590147,0.003122998175237396,-0.0012911366704760063,-0.0013727927240733961,-0.004740658364984496,-0.01176290458522794,-0.01521871146426057,-0.0010494479403305168,0.002835724386582028,-0.0028962190291697,0.004498375844675384,0.10453902444101182,0.1615459065293985,0.19900891225286443,0.17480353575061924
LTU,consumption,2,ECS,2004,2008,0,dominance,dominance,-1,-1,0.25553652464503374,0.01846467716950051,0.01895945610297256,0.031316152639283834,0.023820459759864687,0.012097243129116808,0.031568226547990685,0.06968991944421882,0.08620539356183654,0.019145066545589312,0.02717178350312427,0.02559851926963841,0.0370273363112707,0.02701099085768721,2.044846594660652,5.4099349057048585,2.2567198284442433
LTU,income,3,ECS,2004,2005,0,dominance,dominance,1,1,0.14694205129672125,-0.017132968720966535,-0.019443774789152934,-0.08021046172712848,-0.025978495980070182,-0.010147867503701002,-0.02086595102131139,-0.028785017341912023,-0.038275869750751035,-0.020375442689952505,-0.047359014522974086,-0.02150868427495159,-0.0689816365811241,-0.5591395446404697,0.5461438565807937,1.0964578606732367,0.6069451560058621
LTU,income,3,ECS,2005,2006,3,multi_cross,dominance,0,1,0.2194507635156508,-0.00884457653854459,-0.01099534475712527,-0.03208856711962471,-0.012450972805710309,-0.004529922214237592,-0.007526716246146592,-0.0022105993612093755,-0.0030224562606100402,-0.009954782596454104,-0.021452495544344308,-0.009561938357244504,-0.03438260233136914,-0.6718088008277032,1.2347058684825711,2.876896936208599,1.4436403260042123
LTU,income,3,ECS,2006,2007,4,multi_cross,multi_cross,0,-1,0.1711107072069719,0.003709306947777935,0.004542528402018964,0.08290636758924919,0.00904104949585069,0.003402256090387995,0.0092774438778436,0.026789743517108,0.03582507970141646,0.007240798658035119,0.052403513038156824,0.0071793595852457925,0.03479990088632612,0.11954394569156435,1.3958461978391776,3.636540511244803,1.7697521176119224
LTU,income,3,ECS,2007,2008,0,dominance,dominance,-1,-1,0.0681472841642786,0.009361071548824873,0.010023469292647413,0.04293737165047662,0.014799483609363812,0.0068649727729624965,0.017928747008804896,0.042909753495396386,0.054126443960428094,0.011712234653986575,0.023636059928429987,0.014527893326686109,0.03222038152885631,-0.015711545319264886,0.8340336529717778,2.702836940606833,1.0565178149314471
LTU,income,3,ECS,2008,2009,1,single_cross,single_cross,0,-1,-0.18789794223260536,0.014939414096954595,0.02079785988631966,0.11547269234850244,0.02773936250634959,0.007378194411695904,0.0055131194234109004,-0.031161205096283673,-0.038933737675592606,0.021491288116374213,0.05432915211017075,0.015676618677336995,0.10210711506307213,0.8742676223769568,-1.2610237910467763,-4.46390585195514,-1.6138623552308253
LTU,income,3,ECS,2009,2010,0,dominance,dominance,1,1,-0.10565723507544013,-0.03605378501918527,-0.0381831462586365,-0.10673330630747097,-0.0490246374129526,-0.0212753173360358,-0.04771721401488441,-0.07448334712227542,-0.1020496806822423,-0.03839122463039071,-0.04977109571766625,-0.04502864113369179,-0.10714332565233164,-0.7141706053987065,-1.4938067499445644,-3.643836072589032,-1.736370563247216
LTU,income,3,ECS,2010,2011,0,dominance,dominance,1,1,0.08931161205822294,-0.011207864159957115,-0.018865299043711148,-0.206351711925082,-0.030656685372043496,-0.009001715476532904,-0.015145822760261995,-0.01833963492324539,-0.027575884852253596,-0.024981520486915987,-0.1349898347054676,-0.018892149506063216,-0.12654991449409597,-0.442936541254932,0.3686960322002646,0.6411207126441187,0.4159415176808485
LTU,income,3,ECS,2011,2012,0,dominance,dominance,-1,-1,0.07396351452358273,0.02604936901491417,0.029374109362041212,0.09387513020142801,0.03558517218280591,0.0159536912018418,0.0375535560229657,0.06634614916100406,0.09495007732864602,0.028926670127292997,0.06934068781984187,0.03354693991806812,0.08064084866974108,0.3963210137314013,1.116413181402546,3.2079827138908836,1.2973258118775224
LTU,income,3,ECS,2012,2013,4,multi_cross,single_cross,0,1,0.043561579870179626,0.0021393673067764407,-0.00022702643393779365,-0.0366299876235015,-0.002627038640183099,-0.00022717810921389636,-0.00023509365145329975,-0.004538180225377886,-0.006106521182772107,-0.002100468993588789,-0.02520039427958859,-0.000479788323610314,-0.01920726037377518,-0.12950133758711146,0.4051081268012888,0.6091543709199492,0.4760437245745628
LTU,income,3,ECS,2013,2014,0,dominance,dominance,-1,-1,0.08854506251074544,0.02363473220896639,0.02706242814449955,0.11759717599058139,0.040049303255002666,0.017315378099868106,0.0420310117030131,0.08680366191496969,0.1092243130944025,0.03143022839156359,0.07402264033991862,0.03674507082440931,0.09559599229180366,0.5429113461023443,1.386465314448527,4.452340778196419,1.7426437904774623
LTU,income,3,ECS,2014,2015,2,multi_cross,multi_cross,0,1,0.09614500236627808,-0.003032419439984224,-0.0048183158269631265,-0.054267343169347504,-0.010996004269583581,-0.0045218676072956016,-0.012703891565996384,-0.03759635020032237,-0.045483181633558245,-0.008504558874108503,-0.03174933184864143,-0.0096305169051982,-0.03330637059769048,0.45558379217305145,0.8976469110083265,0.9229134711147395,1.261121373986958
LTU,income,3,ECS,2015,2016,0,dominance,dominance,-1,-1,0.06750891594074875,0.0101018796297489,0.01101437302238295,0.1033274430406419,0.021259488195240206,0.008580930966196595,0.02172691087883477,0.0516948181638644,0.06192338106688755,0.016358632671749307,0.057489465602988454,0.018296474868898682,0.06176797051620031,-0.318719963809456,1.0518212669246498,3.489067124474289,1.407694684030325
LTU,income,3,ECS,2016,2017,1,single_cross,dominance,0,-1,0.0628745371533548,-0.011023164072635483,-0.010485306349538703,0.07915265657068393,-0.011468813534464384,-0.0066963390524844985,-0.0168782191275067,-0.03008782167101348,-0.03547920052119291,-0.008781745988029416,0.0365994819047879,-0.014285736564951301,0.0020735253101650253,-0.25333744094328825,0.40129340290362947,0.561233413480771,0.7737412955245198
LTU,income,3,ECS,2017,2018,0,dominance,dominance,1,1,0.0712074572044194,-0.01573584643229331,-0.016897624019304724,-0.1860321376063147,-0.02851909784779852,-0.011270919789354308,-0.02704429957367399,-0.05625485520361212,-0.07076817210821684,-0.02227890104992139,-0.09630145954793573,-0.023923109413557297,-0.08752994465503139,-0.11604559863806241,0.3443956109630797,-0.4778045504826416,0.7711510977231093
LTU,income,3,ECS,2018,2019,1,single_cross,single_cross,0,1,0.09596515877976705,-0.004550261570364811,-0.010120352658308462,-0.08904162795177861,-0.015570140487717099,-0.0036246816613175886,-0.0031697431932997955,0.0047702649934152075,0.006254766598384309,-0.012434090904798495,-0.061841197164266004,-0.007661472521511392,-0.06941017208142136,-0.45734827516690224,1.0789482237298689,2.9080781864296874,1.3948411127496154
LTU,income,3,ECS,2019,2020,3,multi_cross,single_cross,0,1,0.1290305257651269,0.00703600634818613,0.004296038692587767,-0.010992447079085588,0.006075852792331415,0.004866072828611595,0.0158378495777117,0.04182172758485769,0.05279290736171782,0.004875135483512705,-0.00859615886820353,0.010288966551877304,-0.0075049260611385615,-0.15975990669444062,2.1700888679637167,6.35439654806153,3.0366461060807097
LTU,income,3,ECS,2020,2021,1,single_cross,dominance,0,1,0.030758674359976156,0.00700831135448271,0.006667191177350484,0.0006303950123273117,0.007049804949994687,0.0039043394864897024,0.010050788537570604,0.01926370049067938,0.02320415821610078,0.0056196152033100855,0.0004993999501980984,0.008275752890229998,0.005891504631771793,0.12420310329141682,0.8059230557889485,2.1618398944329797,1.071008258471693
LTU,income,3,ECS,2021,2022,2,multi_cross,single_cross,0,-1,-0.07018400993692261,-0.001029719891273928,0.0037219629305311752,0.08166119284976159,0.010826024381114907,0.0028826016009272926,0.007363523159609614,0.03394754879770323,0.03940571036897378,0.008552990954744794,0.058617904016205535,0.006121723355413111,0.052223565440179864,-0.16876960731774737,-1.161667198992367,-0.9151650708013932,-1.4294656522568374
LTU,income,3,ECS,2022,2023,1,single_cross,single_cross,0,-1,-0.0063263216075367225,-0.005892345246814312,-0.00046153114782765403,0.1529447542918665,0.0029999590340031856,-0.005280262159660001,-0.025510186040534316,-0.0936101932439728,-0.1135470905674244,0.0023537487588055073,0.08476491696531224,-0.01120602485405392,0.07702508722150153,0.4720418957803014,-0.34257596263284285,-4.970680968545572,0.2125853609905448
LUX,income,0,ECS,1985,1986,1,single_cross,dominance,0,1,0.10028656237084282,0.018099276174807832,0.022828199420232065,0.014827727933910712,0.016587739877683694,0.009301919107415804,0.023965571479084888,0.047177358735988995,0.08346894650551206,0.014674270297402495,0.01837741156378589,0.019195822291722592,0.02174241455184961,0.24327687291217215,2.1832679125411723,6.745664569715249,3.078718032246247
LUX,income,0,ECS,1986,1987,2,multi_cross,dominance,0,-1,0.09818097447425451,0.014342728088620693,0.01725975844372285,0.014060220255564498,0.014168650703998809,0.007699634235347891,0.0196056425108129,0.038539715311994904,0.060484327965958706,0.012342916196029494,0.01665956533077212,0.015961659995860522,0.020010037046623685,0.1405800191568276,2.265424613955453,6.539276752072016,3.3833669726620457
LUX,income,0,ECS,1987,1988,0,dominance,dominance,1,1,0.039479609587910656,-0.007077806195306291,-0.011956539378120357,-0.012868470415181493,-0.008990197195669514,-0.004329741503318094,-0.010333126672462778,-0.02043995675790322,-0.03136182549230537,-0.0078114534175657,-0.01521926925629502,-0.008983855207186614,-0.01786711145366998,-0.0711649623621815,0.2525979223226429,-0.320593539694741,0.24697741402330564
LUX,income,0,ECS,1988,1989,1,single_cross,dominance,0,1,0.07989943953644141,0.019670978881370205,0.01956069780938907,0.015491898772309193,0.021988875826924215,0.01417035750771889,0.04308105228703668,0.11827453692785572,0.1646394390607968,0.018982364819725706,0.018249037330453216,0.029480680709007806,0.015399697943175805,-0.04685691302923356,2.6272894883344904,13.41694818078615,2.9857904777686706
LUX,income,0,ECS,1989,1990,1,single_cross,dominance,0,-1,0.01143592469097344,-0.030854391468589315,-0.03272869721206462,-0.025268578733230407,-0.032746851315658215,-0.02020715377657749,-0.05882027844026008,-0.15036545573935522,-0.21726901200788273,-0.028422583891630493,-0.030224687398705513,-0.041971746655148606,-0.02931726461505252,-0.11330898590364047,-1.7388692756633652,-13.233128443310385,-0.7915763490081389
LUX,income,0,ECS,1990,1991,1,single_cross,single_cross,0,-1,0.0034291349508297434,-0.005399167998722698,-0.0047482941291510095,-0.001347095792976899,-0.0042531183109243,-0.0028465981676229074,-0.008093361927438814,-0.016794340415600295,-0.02953268713107271,-0.003760251012082605,-0.0016790962176106983,-0.005876094870413906,-0.001633584161373297,0.0017324487302547986,-0.2839105621420259,-1.7564560873647892,0.2586176693415432
LUX,income,0,ECS,1991,1992,4,multi_cross,multi_cross,0,1,0.04003054938345426,0.0012510845188786757,-0.00038275087070105407,-0.001766097814592582,-8.739592030888865e-05,0.00013066221458530453,0.00041037551220379775,-0.00014471541296978696,-0.0002613264420402439,-7.743596885249893e-05,-0.002212226423293301,0.00026952473086880313,-0.0020602448986550836,0.055423020410263035,0.7907772229139525,1.4257358794569868,1.0622957647869988
LUX,income,0,ECS,1992,1993,3,multi_cross,multi_cross,0,-1,0.001461200525835804,-0.0025141449947220784,-0.004962453213539941,-0.004406827167792116,-0.002897821563813699,-0.0012170169960196986,-0.002328846788886091,-0.002710684538443614,-0.004917939949703132,-0.002571411606771004,-0.005574410688775094,-0.0025096886134231,-0.007085264507008998,-0.09004793830440105,-0.1406746010122717,-0.27324937255843906,-0.4873264227915364
LUX,income,1,ECS,1994,1995,3,multi_cross,single_cross,0,-1,0.02361415179416174,0.00199092970006598,0.001661603893735042,0.0009290069397767942,0.0011305529535581005,0.0005618434020524948,0.001104359171257091,0.0003189616612978008,0.0005492933981683379,0.000990748688214499,0.001108068468514689,0.0011620776564558177,0.0017183505855418724,0.006971737742906825,0.5552053712650675,0.9144009688649248,0.8374480246157638
LUX,income,1,ECS,1995,1996,0,dominance,dominance,-1,-1,0.002573864177397246,0.0070747732540530905,0.010966135091837192,0.011743866149758614,0.00811986210995691,0.003725501934168901,0.008150656516526689,0.012783234388644704,0.021602346374149928,0.0070829425478525915,0.013738341150873495,0.007714420099630193,0.01727091401756531,0.21526362258630893,0.5075521448883116,1.502236775766427,1.0454685150125087
LUX,income,1,ECS,1996,1997,1,single_cross,dominance,0,1,0.03526759829181189,0.005370622346181797,0.006146674806750463,0.004918969269193496,0.0048503015603564015,0.0025060726533009947,0.00592851812217271,0.009454571641618309,0.015491700510695816,0.004203553733699794,0.005610087219431903,0.005198026794296595,0.00752919920000239,0.061604011207101905,1.0400412799219971,2.45069962682976,1.6301660991778952
LUX,income,1,ECS,1997,1998,2,multi_cross,dominance,0,-1,0.020009263303063934,0.01025409383143272,0.011382878242306771,0.009916691003940686,0.009192700138556192,0.004579758360254801,0.010510013617441305,0.016363382754533584,0.025932008565817122,0.007911205404177807,0.0110612284338516,0.009517364222805913,0.015372851779618113,0.17419191083179442,1.1077213981411944,2.6242235280417106,1.346362527110415
LUX,income,1,ECS,1998,1999,2,multi_cross,single_cross,0,1,0.03386463138678662,-0.00569732481402202,-0.006592564700554027,-0.006621922726955692,-0.005419660417199407,-0.0026647896224741008,-0.006140871108916007,-0.00979567882714899,-0.015395247860922057,-0.004655339297723687,-0.007349756235272287,-0.005540659083099114,-0.009571584948235123,-0.0753327438182998,0.31958877839809574,0.43003982265322094,1.0027522233226556
LUX,income,1,ECS,1999,2000,3,multi_cross,multi_cross,0,-1,-0.002491039150449201,0.0005035830209340064,-0.0005107468810362503,-0.000734912253561204,-0.0009323024625952914,-0.0007852266603083913,-0.0030455764632511817,-0.0106460204505483,-0.017171105766919048,-0.0008033686693781072,-0.0008246833327082981,-0.0016311314898901919,0.00019899592378791464,0.08724750641036305,-0.01742166640388021,-1.3291758896661676,-0.2183859536583732
LUX,income,1,ECS,2000,2001,2,multi_cross,dominance,0,-1,0.028541840807768244,0.008232044824179885,0.00949549073828515,0.008195934319252918,0.009018537593653009,0.005249802591463501,0.01441191437969408,0.031332699068948894,0.04926202283935288,0.0077399780963176845,0.009095477487959969,0.010918447328240793,0.010041165233202087,-0.021874162209557735,1.2187401221342533,4.851038748049795,1.6323762192417632
LUX,income,3,ECS,2003,2004,1,single_cross,single_cross,0,1,0.026679316548690282,-0.00017764569605838165,-0.0017945576537319319,-0.012265421946891591,-0.0021968483929857008,-0.0001108100040947968,0.001429012575631411,0.006737559492451611,0.011007786331161729,-0.0018851521680994798,-0.013159440513129672,-0.00023029321412429415,-0.013374363087162,-0.007937061510850718,0.6038745948850313,2.0973439867790447,0.37014352953203655
LUX,income,3,ECS,2004,2005,1,single_cross,dominance,0,-1,0.0331571008688311,0.0066894032324881225,0.008057519429980897,0.01003023257593319,0.006927480382971113,0.0031931005712411004,0.0067983369759059,0.007905374423075207,0.01267066871185174,0.005930552667707478,0.010796363098791617,0.00664165927756688,0.013995615592561517,0.06183758965792663,1.3281344786134603,2.637020941000479,2.3948451272011866
LUX,income,3,ECS,2005,2006,5,multi_cross,multi_cross,0,1,-0.011660584999761964,0.001037726939582151,-0.0003831611429560011,-0.005529206337349407,-3.66019069843182e-05,0.0008141438853567912,0.003772298029629112,0.012672774086504995,0.01979672193286397,-3.122672020028361e-05,-0.005912206079252247,0.00169525917769911,-0.007214123999458699,0.11531548122760515,-0.2048009296346116,0.9853771108716458,-1.3115201575429438
LUX,income,3,ECS,2006,2007,2,multi_cross,single_cross,0,1,0.012988575019004179,0.0018732724428555114,0.00100552125986475,-0.0005846442998825863,0.0013282527965482183,0.0010000555937542954,0.0028144000382134826,0.0038686575076669893,0.005924386136463178,0.0011324602091062896,-0.0006307584144291667,0.0020834002075761915,-0.0008823529331249969,-0.133829210034226,0.47198737680853853,1.1518260333049426,0.44676969120210686
LUX,income,3,ECS,2007,2008,0,dominance,dominance,-1,-1,-0.0030119860738931597,0.014245135218909022,0.018405746276606072,0.02420745495356519,0.0171011041819214,0.008258771021615707,0.019895463003588215,0.039120595312613804,0.05714855972302013,0.014446736153061995,0.025241326619238613,0.0172487865791551,0.03225154448246259,0.26575365415548546,1.0676041483950023,4.426411928577423,1.6678404624585852
LUX,income,3,ECS,2008,2009,1,single_cross,dominance,0,-1,-0.0036293569125882574,-0.013647295522556724,-0.014765987842229822,-0.014691234647788709,-0.014594162371048908,-0.008008380980408306,-0.02095134472608251,-0.042034309898743294,-0.061605557295589586,-0.01231342725025919,-0.015107408009183143,-0.01672697591036071,-0.018942317165107192,-0.1733035101470266,-1.1855862269263895,-5.132138686314455,-0.9792182354579566
LUX,income,3,ECS,2009,2010,2,multi_cross,dominance,0,1,-0.01900478687863324,-0.006886819912103603,-0.007898286819177813,-0.007185008729057196,-0.0073064351337409905,-0.0040059317459407995,-0.010447563026382806,-0.021397629887376007,-0.0337154742388176,-0.0062324395406676,-0.007625264937221654,-0.008339834529822093,-0.009730908165918706,-0.11007797160398036,-1.009420787667402,-3.625016533658254,-1.3034390541108252
LUX,income,3,ECS,2010,2011,2,multi_cross,dominance,0,-1,-0.011737627978891647,0.015489209233422008,0.01761477608646589,0.01819276293355271,0.015452173021512583,0.007466458841224807,0.0168056365621711,0.0249100743027012,0.039084580357250265,0.01312733697990201,0.01900432681922709,0.015558821340707019,0.02743002742634082,0.36680578854483903,0.9216659203822211,2.4644435391603423,0.4654237172862068
LUX,income,3,ECS,2011,2012,0,dominance,dominance,-1,-1,0.013629465336347943,0.0228345411321223,0.02559510257335429,0.033734780574278894,0.02727788337222281,0.014235181446997591,0.0369349006343106,0.0785374402014685,0.11030070208769394,0.02268444559328489,0.032749090091548694,0.029840116297888686,0.04167503077272838,0.22345006938306167,2.135311517874811,9.366824303943957,2.473702254814583
LUX,income,3,ECS,2012,2013,2,multi_cross,dominance,0,1,-0.006574525919055829,-0.022995495910513808,-0.02347409036901571,-0.024286550557049508,-0.02560658131062149,-0.014486792700378198,-0.039763683069555994,-0.0898569824642261,-0.12776515056993176,-0.021276715370113913,-0.023263377376297023,-0.03036545964875831,-0.029322500747946012,-0.11190267404068077,-1.97202554582843,-10.369757205089137,-1.2596495105352474
LUX,income,3,ECS,2013,2014,2,multi_cross,single_cross,0,-1,0.009299892715012154,-0.00880178357053718,-0.009975960573309739,-0.011600221454615589,-0.007989176526591424,-0.0029860227932139993,-0.004114775331333087,0.0039055223722661014,0.006079059680416665,-0.006750555569134398,-0.011682104209182198,-0.006229076599256089,-0.020118772152361464,-0.31315261414525963,-0.45998368797045686,0.9454403328610752,-0.2541791856639577
LUX,income,3,ECS,2014,2015,0,dominance,dominance,-1,-1,-0.06832163091656253,0.017585168937726603,0.02371661013247539,0.06136405525431782,0.0250155311126036,0.010145410467282207,0.021068039746277606,0.030945732042567398,0.04628191587052344,0.020958498704701012,0.0577519335174162,0.021205524551534294,0.06652795758546937,0.27917362116490807,-0.32652463036153634,0.047045316178547125,-0.7536825705577215
LUX,income,3,ECS,2015,2016,0,dominance,dominance,1,1,0.08019109002927889,-0.011890173615796917,-0.013077290059452351,-0.02465192084879611,-0.013772748762121978,-0.006741827963859998,-0.016475485416557717,-0.030154967976238095,-0.04505802464020925,-0.011474184716672303,-0.02204285204429879,-0.014104578612675583,-0.025695090272790377,-0.08651346714115071,1.073678322746364,0.6578848505589434,3.604772641471243
LUX,income,3,ECS,2016,2017,0,dominance,dominance,-1,-1,0.001957906872137812,0.027847322178494005,0.03467782748590009,0.08996822926966289,0.03819436505569718,0.015557374040875399,0.031807235840359216,0.04136697270439588,0.06108003883663082,0.031435500913205294,0.07408136032555851,0.032626600381293586,0.09735848611932657,0.5726230964900276,2.2744805139233044,4.981183255470825,3.496767303434396
LUX,income,3,ECS,2017,2018,1,single_cross,dominance,0,1,0.04897838384546981,0.008488604164517688,0.007953188546834578,-0.005079127823865881,0.008890480878803009,0.0061848673774655,0.019388027702374078,0.05221610739346222,0.07028307352095564,0.007146559778542005,-0.003749517538709224,0.013048896744371596,-0.0014342472056474986,0.19992895644345499,2.0958654069659097,8.736019297182075,2.9785740181111606
LUX,income,6,ECS,2021,2022,1,single_cross,single_cross,0,1,0.026208908725127565,0.013697349760998012,0.010919583271410405,-0.00891861033011429,0.010080697559745083,0.007116147689892008,0.020690861912999486,0.04513843216536251,0.0660674989942508,0.008312069652217091,-0.00787892737862489,0.01492718649846081,-0.0042603805406158934,0.2571447630707411,2.117602856488947,7.921285019308819,0.4270788403872743
LUX,income,6,ECS,2022,2023,2,multi_cross,single_cross,0,1,0.027022034169962024,-0.004988653902028184,-0.004501725726303807,-0.007103561558947008,-0.005778965185720186,-0.0034031507217130025,-0.009845675640206802,-0.023450538716085184,-0.03352529052085329,-0.0047548117013063995,-0.006411200407967832,-0.007145908672333806,-0.006053047984705462,0.18972326978147525,0.4021964195732437,-1.4168032787579392,1.7339394438408036
LVA,consumption,1,ECS,1997,1998,0,dominance,dominance,1,1,0.01958964294480985,-0.011276884869134696,-0.012480144681528471,-0.019250196858470903,-0.012703391817871612,-0.005679779030967502,-0.012386234445382588,-0.018894452051810784,-0.02593470884442195,-0.010455136424350114,-0.0176399795308797,-0.011934499104223895,-0.026049589990808752,-0.209548817086592,-0.0470791139470319,-0.1180168003724269,-0.03210953035851505
LVA,consumption,1,ECS,1998,2002,0,dominance,dominance,-1,-1,0.29949687897099914,0.01823046047938931,0.018664318307967664,0.025112342509522684,0.02044295201077631,0.010274081972111201,0.025358039727563897,0.04731467519738247,0.06331994182927281,0.01676013983689112,0.02283291857258818,0.021615649659052993,0.032452885161225575,0.22507363612655684,1.437682377240845,3.4259310895325994,1.291327797980992
LVA,consumption,1,ECS,2002,2003,3,multi_cross,dominance,0,1,0.13166607992004783,0.014369916488014278,0.01370313016424074,0.021169578943382117,0.015772936153220313,0.0071579834479958,0.015371909722607185,0.018246609398595792,0.023084294066197608,0.012699286857602798,0.01809915530023598,0.015132812064640289,0.02933691483174189,0.406782799227833,0.9064280072176354,1.8740644604391115,0.907030109235754
LVA,consumption,1,ECS,2003,2004,0,dominance,dominance,1,1,-0.001026063384738362,-0.01568977578876768,-0.014525471487493835,-0.025789853186577283,-0.018212197916472023,-0.008909127625223806,-0.02147698141112639,-0.03537504744314829,-0.045394598464232216,-0.014681158530638005,-0.02218521099066667,-0.01882574900374928,-0.030406366259613682,-0.06913846331091555,-0.25236544681103723,-0.726055959293852,-0.25197111524939686
LVA,consumption,1,ECS,2004,2007,1,single_cross,dominance,0,-1,0.34113287232236766,0.010905566554144486,0.01030330348579478,0.01545314164340339,0.01188202518916201,0.005613309983159898,0.012656758610662788,0.01698067125037489,0.022120567137289382,0.009608587914184202,0.013472864816333363,0.011850487550039285,0.020664672964296305,-0.002866952549429591,2.4725984617025976,5.320686161879321,2.8010033997071684
LVA,consumption,1,ECS,2007,2008,3,multi_cross,multi_cross,0,1,0.00048115712098353695,-0.002325793394186204,-0.0019493453779472203,-0.0037488596658707962,-0.002374171789732593,-0.0010274082812244956,-0.0018671856291377908,0.0012608384409112383,0.0016174740113492625,-0.0019107953810059142,-0.003218204957866788,-0.0021717770194187025,-0.004731014076121698,0.10393214911550075,-0.047583412398674696,0.04403761768886483,-0.04312665733423149
LVA,consumption,1,ECS,2008,2009,1,single_cross,dominance,0,-1,-0.2059240726712976,-0.009822193785275712,-0.009506836186888745,-0.010331274660899226,-0.011519289959421003,-0.006443471905888801,-0.017859730954942588,-0.042121282947648,-0.0559881124652436,-0.009335701967022186,-0.00903515582342801,-0.013592162762805088,-0.012829908408216295,-0.24930207319066078,-1.6496238019532559,-4.217706655440443,-1.9105043303572282
LVA,income,0,ECS,1993,1995,0,dominance,dominance,-1,-1,0.16921509216303293,0.03973568009182782,0.06379444727410388,0.0623065774122962,0.04788535797685929,0.023735495953267106,0.05678393696901539,0.10399522608455589,0.17060415892828706,0.04167573534038228,0.07313996470801729,0.04919680029906279,0.08823427700034689,0.5000731326589913,0.8563455903387616,2.642084736281525,0.6880237402526374
LVA,income,0,ECS,1995,1996,0,dominance,dominance,-1,-1,-0.030589641969043218,0.00604542763220256,0.011252185979202078,0.021419476264435494,0.012317011114350795,0.006006008413825092,0.016034932847553196,0.04272311837673043,0.0589802998137916,0.010400981900729911,0.022161700130059026,0.012549091913016203,0.025190169822765285,0.0543218657964708,-0.036289771296611484,0.3799353347848138,-0.0033194267135827626
LVA,income,2,ECS,2004,2005,0,dominance,dominance,-1,-1,0.13504397285672873,0.025921475669906657,0.02486356440069648,0.06673388263314389,0.03209939747570981,0.014077764952552793,0.03129811527907331,0.04529979303532422,0.05202926894176718,0.024659840347121403,0.03469410801739492,0.03003533589263982,0.06413293779761964,0.7112825303927179,1.1472043988969416,2.534266101418549,1.164327366003406
LVA,income,2,ECS,2005,2006,0,dominance,dominance,1,1,0.1716647857181104,-0.03369792784123765,-0.034426553741250365,-0.12028679875047449,-0.049295623026002405,-0.022861542463949988,-0.05732552731859719,-0.11871934476062351,-0.14395512907799823,-0.0381998080175977,-0.06628024043631381,-0.04865498700058571,-0.09731188680187042,-0.9301510871190999,0.5259302267615951,-0.047675507769110226,0.6624525265682024
LVA,income,2,ECS,2006,2007,2,multi_cross,dominance,0,1,0.26341668184108696,0.018639724022302573,0.016604087112747523,-0.048939715275890305,0.014300597407956805,0.008794593343539797,0.02131506793831639,0.029524962892388817,0.03825242500187853,0.011276278731155415,-0.03236472810669477,0.018642635029834292,-0.005437740661539903,0.43753724654663007,2.4925820987004528,5.2438303464004985,3.0321823889584696
LVA,income,2,ECS,2007,2008,2,multi_cross,single_cross,0,-1,-0.02656275912496393,-0.0025280503718305147,0.0023897270801956916,0.05969698968558951,0.006909797918409705,0.0007024817455565102,-0.0006558568237702012,0.0015775927596226036,0.0019919912166851406,0.005390987845660583,0.0390094944775754,0.0014930924468515017,0.04314938321980033,0.3385197194245624,-0.3028775211818484,-0.4636334515103684,-0.2878514441329614
LVA,income,2,ECS,2008,2009,1,single_cross,single_cross,0,-1,-0.1943351060879527,-0.012595455821046375,-0.008454064059713828,0.08971390596467643,-0.003931898298583092,-0.005762524668655608,-0.018976688674152198,-0.04507031139661033,-0.0590353590812841,-0.0030630779952615927,0.04981945343258598,-0.012230534276078203,0.03988803535048435,0.1950107792520246,-1.827177835134938,-4.532101156325368,-2.219632869171453
LVA,income,2,ECS,2009,2010,0,dominance,dominance,1,1,-0.05685206224782816,-0.009139915044453994,-0.01000386900423289,-0.0965184507254696,-0.016659555326130004,-0.0060424841923496925,-0.012889965943584214,-0.02037067902655118,-0.02830134814499219,-0.013112795987823889,-0.05400412427022361,-0.0127823160785967,-0.055398412936181085,-0.4466867465120208,-0.5636036179499326,-1.3311489692632144,-0.6658790342704783
LVA,income,2,ECS,2010,2011,1,single_cross,single_cross,0,1,0.021401804794241534,0.007375007308739079,0.0025992143875518403,-0.06179023141892992,-0.0014424331892232967,0.0033077086257862903,0.014211194002636013,0.03841960672300712,0.052494807345930816,-0.0011456538479737155,-0.041115945606667204,0.006991798678723793,-0.04491779136771634,-0.11249420124474963,0.2823576635096243,1.2874088636408754,0.24503948225350936
LVA,income,2,ECS,2011,2012,1,single_cross,dominance,0,-1,0.026885322300560066,-0.005357616807987575,-0.005160079775505255,-0.0014240954857270838,-0.006133035067760112,-0.0034613089691113985,-0.009230687168637897,-0.018106336009483137,-0.024271683964141366,-0.004889661494788589,-0.001019343147017071,-0.007316163905546402,-0.00536205467755263,-0.05555482414080615,0.08094968579447848,-0.08159933472608749,0.12179799154851523
LVA,income,2,ECS,2012,2013,3,multi_cross,multi_cross,0,-1,0.10160043506593054,0.002624403578036172,0.0030430992488867936,0.0482496540764944,0.006794031619651614,0.0018389140472650084,0.0028627075308728933,0.0014690585075383122,0.001999127846976867,0.00541486372618849,0.032705482896457694,0.0038851490627025975,0.029978097639523027,0.09980329374060659,0.7956458385899055,1.582446916549138,0.988955441960659
LVA,income,2,ECS,2013,2014,3,multi_cross,single_cross,0,1,0.0916901019112767,-0.0038484253031069726,-0.004376482554949823,-0.050067264984043125,-0.00780501599221331,-0.0023154986887517076,-0.003872998984461695,-0.002725121106462003,-0.0037127349639181073,-0.006223770423210595,-0.034011559123385215,-0.004891399036262484,-0.03159835411612438,-0.08149222325412797,0.6481118039969003,1.4455696701264742,0.8622392361038456
LVA,income,2,ECS,2014,2015,0,dominance,dominance,1,1,0.07196250201782083,-0.009123245652993717,-0.011773942932204573,-0.024519098693047303,-0.013263831367864215,-0.005315854295320999,-0.0104165917619361,-0.011980967738622894,-0.016551480410123887,-0.010688724471299399,-0.018192384204605783,-0.011205715808292604,-0.03224509821921623,-0.5327898478023894,0.38985077816836444,0.8765727583002096,0.5328253955040045
LVA,income,2,ECS,2015,2016,2,multi_cross,single_cross,0,1,0.049094063762521824,0.00130178387842661,0.0014020952885238636,-0.0018131140297271697,5.1200612254997946e-05,-0.0006430021007192005,-0.0039016911183978042,-0.015967045952326286,-0.022672449439493536,4.1533444261804275e-05,-0.001389172509988823,-0.0013531966940404927,0.0036689163085485976,0.23067573522895657,0.47479418945813023,0.31178558999364014,0.6883483979716409
LVA,income,2,ECS,2016,2017,0,dominance,dominance,-1,-1,0.08087898020916515,0.012392520616127667,0.014183046936746213,0.039220734004097424,0.018039459368036914,0.008299566401840708,0.020106758459228796,0.037666557191135874,0.052379950108048745,0.014501865165056194,0.02872165582467373,0.017503604236461384,0.0377178171219949,0.06354485946431154,1.1371598370826401,3.0926680776909095,1.5139063396686172
LVA,income,2,ECS,2017,2018,1,single_cross,dominance,0,1,0.08512349902034924,-0.004738326824520078,-0.00820486271318166,-0.049034330640095825,-0.012058935382313812,-0.003657167006129905,-0.005720562611747387,-0.004318557695570269,-0.005817148287943774,-0.009665123359068384,-0.03635031425331431,-0.0077228417157503,-0.044182072980916864,-0.3085947844271466,0.7696442196067625,1.7437052543845297,1.0426471741734193
LVA,income,2,ECS,2018,2019,1,single_cross,dominance,0,1,0.03795915257576587,-0.006079797210193805,-0.006953008141859507,-0.017844039233074593,-0.007743858557537897,-0.002876647998486498,-0.0048845728672951005,-0.0016314705881950164,-0.0022095551023744164,-0.006268367080403819,-0.014363486038206696,-0.006063586267233079,-0.020966374215626804,0.005638653264534277,0.23010547752963006,0.8342704399383649,0.37262288619360895
LVA,income,2,ECS,2019,2020,0,dominance,dominance,-1,-1,0.07520127203709183,0.012100556666067519,0.012859554299381348,0.0300635664565847,0.015869408446978706,0.007521786656056392,0.018605116249724885,0.03744785672470652,0.04915429661178283,0.012793718144828103,0.023834171194375697,0.01587543352071158,0.03063418725900069,0.0898259602998337,1.3162517918782584,3.641283750819923,1.8160602945492546
LVA,income,2,ECS,2020,2021,1,single_cross,dominance,0,-1,0.04423811744468491,-0.014459750490580792,-0.013909509420662047,-0.017642175012626327,-0.01598520323044869,-0.008211556058946495,-0.020585532704705506,-0.03818051141338291,-0.050148712832466136,-0.012887818577719784,-0.01376713828672499,-0.017327936213971495,-0.02281845603325361,-0.19079830926770924,0.03645151453443418,-0.5980840866362449,0.4239284322453365
LVA,income,2,ECS,2021,2022,2,multi_cross,single_cross,0,1,-0.07396231926599821,-0.0057494758673746205,-0.005856045349592165,-0.017853640722339692,-0.007798161626478617,-0.0041552240703816995,-0.011854248285386698,-0.030049050849954323,-0.042011019724112475,-0.006362304528679419,-0.01457122599433952,-0.008738268283351697,-0.013112932817467615,-0.027125681447974337,-1.1039469102958854,-3.3956744774963177,-1.5926914254563265
LVA,income,2,ECS,2022,2023,4,multi_cross,single_cross,0,-1,0.052111316687007636,0.0029348707741421176,0.003091814800676107,0.014209509685812693,0.005340466074927802,0.003088832826261295,0.009787656830041708,0.028313569841815794,0.03965011331482515,0.0043624903410268145,0.011650701250755124,0.006493774900403287,0.008215994363408197,-0.013193034192262587,0.7271464241913481,2.719425909631628,1.0393538718669983
MAR,consumption,0,MEA,1984,1990,0,dominance,dominance,-1,-1,0.3384846336566771,0.02737467522692061,0.023431109494181368,0.035650148211461286,0.030369434156985592,0.014377079029168807,0.0327490182134387,0.045798846914997526,0.05227531156918641,0.02396110460392159,0.029876648078074886,0.030598150912554772,0.0489941553445159,0.3456952082020379,1.0251627295865782,2.3008269827202605,0.6953599407616312
MAR,consumption,0,MEA,1990,1998,3,multi_cross,multi_cross,0,-1,-0.1541562832845392,0.0014953493510642124,0.003316964033982406,0.01037593231741879,0.0037873105087006254,0.0013750305003319835,0.00270044022577548,0.002129972650152523,0.002357663983009961,0.002937430331248214,0.008195796040502079,0.002939534759507423,0.010961644152148897,0.08598594732070719,-0.4247064879875291,-0.985066695418813,-0.30293843315862445
MAR,consumption,1,MEA,2000,2006,1,single_cross,single_cross,0,1,0.1891512691551378,0.0008274869328179779,-0.0008637434797984511,-0.0033307681695773916,0.0023481759462656293,0.0030946793280058893,0.01381453678706468,0.05337913181431786,0.05299049484900875,0.0017863261179489887,-0.002515278783843944,0.006659678603067043,-0.010556209298261121,-0.22092132804179343,0.5853600749324621,1.8352918289335118,0.4764629330614851
MAR,consumption,1,MEA,2006,2013,0,dominance,dominance,1,1,0.24540723551487975,-0.011656899462091086,-0.009526957113190848,-0.017030801687584918,-0.016611119518069706,-0.009435319177539009,-0.028589210394650566,-0.08319713940055345,-0.08387732820304661,-0.01272714723433388,-0.013190457304068592,-0.020267495238609323,-0.016022112358788088,-0.12345678744705157,0.8124326550830934,1.4907366884419702,0.6482692808740762
MDA,consumption,0,ECS,1997,1998,1,single_cross,dominance,0,1,-0.1964449559274614,0.025702967524730447,0.024494129984739765,0.04290927577330961,0.03400519199103949,0.016688943725112607,0.042438678070519986,0.08975292656257011,0.10442268970607516,0.026442660657281902,0.031415019615067485,0.0355801207108839,0.053064696769202835,0.6696806774491675,-0.2469820683102606,-0.3212483162821691,-0.11792106904237432
MDA,consumption,0,ECS,1998,1999,1,single_cross,single_cross,0,1,-0.13277637761523178,0.03107010652157227,0.018417970889341384,0.017113908039664283,0.035734841938444395,0.021687318877620487,0.06437041302285573,0.15474144720273753,0.15632217810551075,0.026835526031066786,0.011660360273882231,0.04674929267518829,0.01418736527628528,-0.06013606727902143,-0.0993407778642772,0.10670206332977017,-0.004076025523109261
MDA,consumption,0,ECS,1999,2000,0,dominance,dominance,1,1,-0.07689888677863288,-0.06193914554374147,-0.05328251115676719,-0.09883307703951427,-0.0820845680662192,-0.04178038715588689,-0.1105174939557895,-0.24151311562386935,-0.25706041960933634,-0.06310202426605288,-0.07451874753025634,-0.0895457116505787,-0.11244218825881608,-1.0189295487158487,-0.35307773622067673,-1.2595479942728178,-0.23431400908240196
MDA,consumption,0,ECS,2000,2001,0,dominance,dominance,-1,-1,0.1739058603472378,0.015647613823100592,0.014183452652930972,0.021390030494004564,0.018768593769548203,0.0095592473922088,0.024341567650419366,0.04792586457751613,0.057086414796760465,0.0148883597066152,0.01771317561337532,0.02029954031700229,0.0267043910517486,0.23797063517473216,0.32284607540827026,0.8164641011144886,0.16976991671148245
MDA,consumption,0,ECS,2001,2002,0,dominance,dominance,1,1,0.20890889631297604,-0.021405992630019022,-0.02108003770904099,-0.03633379041154966,-0.028244563822811486,-0.0146589893297875,-0.03893751066797249,-0.08427102958779803,-0.10321412214798897,-0.022512085679620708,-0.030686498841036414,-0.031084602657398486,-0.04078442931750703,-0.1355431175559989,0.2706708831307736,0.3260264536003765,0.11574389186599476
MDA,consumption,0,ECS,2002,2003,1,single_cross,single_cross,0,1,0.17705804378203455,-0.009450842650843116,-0.014819298110836265,-0.028646514640515708,-0.01339576443103832,-0.004050389782108005,-0.003749407029400492,0.012296279531156196,0.015910996040373382,-0.010901324215485703,-0.026369025156676273,-0.008544037276772498,-0.042433109782645695,-0.5372971890898359,0.3135036001424303,0.9015545285905961,0.21238897356086472
MDA,consumption,0,ECS,2003,2004,5,multi_cross,single_cross,0,-1,-0.017698577672038408,0.0012965759597654003,0.004633062152786249,0.011009417563967894,0.0037324684349292203,0.0008489446394416011,4.532087229289217e-05,-0.0057267666541711,-0.007369529121658225,0.003052131640053607,0.010377698538770186,0.0017892008452694008,0.01492194836522992,0.13330457577337995,-0.031202215856524607,-0.1348057784570802,-0.024911761332178095
MDA,consumption,2,ECS,2006,2007,0,dominance,dominance,1,1,0.12275703928857394,-0.0097686312778687,-0.011820182907122834,-0.02063853423611739,-0.013205503743436486,-0.006135858671836705,-0.014606288704640008,-0.027880813485101186,-0.03716485767551836,-0.010774248747295823,-0.018728430535372875,-0.012926543730816198,-0.02588812295944659,-0.1755272597938573,0.3421180610056127,0.5679721549401808,0.27900590892201227
MDA,consumption,2,ECS,2007,2008,3,multi_cross,multi_cross,0,1,-0.02511444808403383,0.0026706347167950173,0.002434647360940345,0.0012062853499678061,0.0037726689857114915,0.0028236529169814034,0.009857089025303994,0.031803499508192,0.04225054863862232,0.003092617030511502,0.0011236529749549806,0.005943184792641915,-0.0005602981016439856,0.053980008181156336,-0.0652087497665712,0.2535763988839257,-0.04280131798168463
MDA,consumption,2,ECS,2008,2009,0,dominance,dominance,1,1,-0.0017239053275545145,-0.017762772161984186,-0.018907238973126628,-0.023006293767620506,-0.0216055473115431,-0.012120518505346109,-0.033524804476887604,-0.07654052567374711,-0.10619356285645043,-0.017869946956738103,-0.022088104822925225,-0.025445813621964908,-0.026158124342613998,-0.16336322081474908,-0.19657980612880444,-1.1512403978632628,-0.202125056263742
MDA,consumption,2,ECS,2009,2010,1,single_cross,single_cross,0,1,0.021206014384548586,-0.008623294273785997,-0.012928784828813655,-0.020509847057347097,-0.010093577050556107,-0.0029288752992541883,-0.0017124311667192915,0.014305931609268407,0.02109352844993173,-0.008481640636958276,-0.0209336413848617,-0.006123514721765699,-0.0329621580389311,-0.4178534066516306,-0.018812038222365768,0.3838800468139869,0.009134051520221842
MDA,consumption,2,ECS,2010,2011,0,dominance,dominance,1,1,0.025475445361997598,-0.014228815133117023,-0.01708535272974354,-0.018836115867181202,-0.014720247635564898,-0.006982746829609102,-0.015594845200667506,-0.02312245180227221,-0.03443171546531698,-0.012523917906899912,-0.020352830308995762,-0.014559752535021592,-0.027590371922561807,-0.31838252296908776,-0.06922016923184637,-0.19190423845474047,-0.05801401329195155
MDA,consumption,2,ECS,2011,2012,0,dominance,dominance,1,1,-0.023535707659588883,-0.014644606196558996,-0.01991358492233164,-0.019417631095818205,-0.016079716813662603,-0.008090748214829399,-0.01948737526865041,-0.0355516916498442,-0.056798171464543246,-0.01389288295973029,-0.022213148834193702,-0.016801384080938314,-0.027848798246793427,-0.15151352616520652,-0.2403448030087012,-0.7930810137486297,-0.20625877708748908
MDA,consumption,2,ECS,2012,2013,1,single_cross,dominance,0,1,0.06747412837232875,-0.006279430802832886,-0.008385984662627188,-0.008160785134060683,-0.005808248475471206,-0.0025271995254229074,-0.004772917260680298,-0.00314950503287989,-0.00529431820879489,-0.005073504047554703,-0.009735888354172717,-0.00523305951987349,-0.012839633912471171,-0.16323593418458904,0.14933451040880374,0.39495036255730387,0.12071794672274483
MDA,consumption,2,ECS,2013,2014,0,dominance,dominance,1,1,-0.025468310550028416,-0.016964434250238913,-0.025398635376330136,-0.020703774946061904,-0.017149404792216286,-0.008508770493269001,-0.01961896953613748,-0.0315854703261616,-0.055978011906349656,-0.015153110077661805,-0.025844873442231492,-0.017567231844776807,-0.0312726804588212,-0.17015834899326343,-0.27792535820648645,-0.8142384514082348,-0.23460767635735902
MDA,consumption,2,ECS,2014,2015,2,multi_cross,multi_cross,0,-1,0.032120120348362306,0.0019287068684396003,0.004192568368081573,0.0032935809503154834,0.003035788840950293,0.0017643163348280005,0.004852992903146086,0.010547358319063893,0.019320372815526343,0.0027013687058629055,0.004225796155383182,0.003636076169859101,0.0039817066480520025,-0.12063542829749396,0.12281476226119104,0.4280060769932845,0.11006543312402473
MDA,consumption,2,ECS,2015,2016,2,multi_cross,single_cross,0,-1,-0.029674641237720234,-0.0068989360679216905,-0.009918096893274497,-0.007572079569409085,-0.0043454348761547,-0.001211008780002798,-1.054248895299148e-05,0.010026937813934517,0.017763737615025255,-0.0038692795749125097,-0.00978250476360018,-0.002496132196804904,-0.014389531987161724,-0.15316352066330863,-0.17224388499454912,0.011799541987216777,-0.10634867520930458
MDA,consumption,2,ECS,2016,2017,2,multi_cross,single_cross,0,1,0.0038455586010231984,-0.004367802367210294,-0.006260272498210817,-0.0039005063319073052,-0.006008293928150388,-0.004088750513699703,-0.012357950072206303,-0.029717974468647795,-0.05441503118281088,-0.005377700739078797,-0.0051332232012762935,-0.008415904990309697,-0.003284334420690177,0.1179837679962783,-0.03860632544095299,-0.600425436639858,-0.06667575766115763
MDA,consumption,2,ECS,2017,2018,3,multi_cross,single_cross,0,1,0.0352575643895652,-0.002391029767460806,-0.0037895812584712862,-0.003001151023284701,-0.0014546227124864058,-0.0002964748428316982,0.00044455915951870095,0.004080243797415395,0.007804150797816267,-0.0013068199671431024,-0.0039942175502810096,-0.0006095286251310977,-0.0057466915586770195,-0.14999301312317925,0.07836155072656359,0.30710638126982026,0.07266441163460535
MDA,consumption,3,ECS,2019,2020,1,single_cross,dominance,0,1,-0.04269736243161738,-0.009722710444492522,-0.014022021098651472,-0.009805689704478704,-0.007253397939379888,-0.003051028202663904,-0.005196231362965695,-0.0013780816644210214,-0.0026540662798176795,-0.006530102897103401,-0.0131710705609894,-0.006269523560356496,-0.017046301187656987,-0.1598776238845887,-0.24463724709451506,-0.2944936369123434,-0.17494664561821738
MDA,consumption,3,ECS,2020,2021,0,dominance,dominance,-1,-1,0.04217898901903363,0.0068393186755429936,0.010551219257749156,0.007018754215041403,0.006104244149949298,0.003034930634413305,0.006769219043176594,0.009467275218452309,0.017968180786996468,0.005498695538253606,0.009470553425494604,0.006236418332772803,0.011158695644437694,0.029643295264554226,0.208080634131671,0.47670683139295544,0.1646191953374423
MDA,consumption,3,ECS,2021,2022,2,multi_cross,single_cross,0,1,-0.07434426936393462,0.0013432268427424066,-0.0010719471235257627,-0.0016020001282180951,0.0003878078382269917,0.0005737509686993963,0.0019615675648131103,0.0037611778398483897,0.006973384102415325,0.0003482041619592008,-0.0021424381478337973,0.0011801134681354991,-0.002606262860006703,-0.02101858954757141,-0.20809723803946012,-0.38661791380687127,-0.15166085214221026
MDA,consumption,3,ECS,2022,2023,0,dominance,dominance,-1,-1,0.013141997675451043,0.009000872160504603,0.014316757979046968,0.010807693392140202,0.007933284497477003,0.003554320845197599,0.007082627585958193,0.00763761828798451,0.013891769254142705,0.0070935663939594995,0.014239587806441217,0.007318662268626805,0.01742270503301399,0.15635662533944528,0.14100305386267298,0.23901220431080183,0.10219993359744883
MDA,consumption,3,ECS,2023,2024,2,multi_cross,single_cross,0,1,-0.01131500378520023,0.00028533885590631414,-0.0006328037281398968,-0.0009446316575164038,-0.0006866082762980036,-0.0004857242161298986,-0.0016426123384219032,-0.0046617295950522886,-0.008437186905131178,-0.0006117104743749019,-0.0012248089339827184,-0.001000963123729104,-0.0005213046133862864,0.03624754905709304,-0.031081147751413685,-0.16640651238631055,-0.03295325929278614
MDG,consumption,2,SSF,1997,1999,0,dominance,dominance,1,1,0.0199898857316,-0.008398720944308713,-0.009080854827628104,-0.020746546685152467,-0.014610392767188007,-0.008220114156187591,-0.02548250695999299,-0.07589655799409684,-0.08829965659787609,-0.0113084438450049,-0.015478239558326556,-0.017552018565405003,-0.017732517599334197,-0.12399469768515647,-0.001230382053280521,-0.1446137591624923,-0.013411290519418098
MDG,consumption,3,SSF,2001,2005,1,single_cross,dominance,0,1,-0.06921456060040285,-0.07510486344035383,-0.0688539749959588,-0.1936110385737277,-0.11514302928860659,-0.046120845794379084,-0.09351787892167146,-0.07956169618396447,-0.07319604614841069,-0.08340577725137019,-0.12177773731844771,-0.10048529685031582,-0.23640580991252047,-3.16330768981895,-0.31200756632625115,-0.43966853539545525,-0.12363455681035035
MDG,consumption,3,SSF,2005,2010,0,dominance,dominance,-1,-1,-0.13919123028274918,0.024723712372962947,0.023298316312639344,0.051865364123632685,0.034992286690685104,0.0157620798923859,0.03733794731286749,0.0658082793207293,0.06088775783035927,0.02637045315589223,0.03805035802358381,0.034033499031260295,0.0622246453702352,0.764860605766974,-0.08677584300978292,-0.23885010162769937,-0.036551376555505555
MDG,consumption,3,SSF,2010,2012,1,single_cross,single_cross,0,-1,-0.06263047300168136,0.002310322102766882,0.007498428095873422,0.0318404720471584,0.005775345272188481,-0.0020890672600769045,-0.019602195034609804,-0.11114082735528563,-0.10497153509836799,0.004264313151542964,0.021146789040790814,-0.004528748137101302,0.04694437108581706,0.624177143922477,-0.058621188823541726,-0.41326027705541657,-0.04992481741983032
MEX,income,0,LCN,1984,1989,0,dominance,dominance,-1,-1,0.0324064123413722,0.015494441852048069,0.011481279962309965,0.09562215564024346,0.03733586977015779,0.01967317228771731,0.0718029235812736,0.3231106596478155,0.2375289075454461,0.024410066734910696,0.03955051949726318,0.04404821270399101,0.04946286251838461,-0.09796928376916547,0.3157382438196983,2.826064444996108,0.33204994309271374
MEX,income,0,LCN,1989,1992,2,multi_cross,dominance,0,1,0.16124232007042646,0.0221000645662367,0.013853414922641138,0.030693579425215445,0.0357550208543958,0.0148483226139548,0.03237002666074085,0.01941111518036598,0.013066197086873732,0.02253752146356075,0.011335134243092626,0.03361063880492349,0.048551865051435716,1.6585784926527456,1.15792577727699,2.7957368361368253,1.1079880143354428
MEX,income,0,LCN,1992,1994,1,single_cross,dominance,0,-1,0.0362111998508136,0.011186912046946995,0.008387812355742152,0.06089560341636702,0.024698058116199295,0.008770443713667891,0.017655263814435607,-0.0015034960635085248,-0.0010079571004248944,0.015104022056263489,0.020827563278444816,0.02000450011860183,0.05292882675648214,0.4205413884891964,0.36991093990602764,0.646774031526892,0.37150255447626446
MEX,income,0,LCN,1994,1996,1,single_cross,dominance,0,-1,-0.3165381526891581,-0.014517409888912702,-0.00737860304351956,-0.01339181332081596,-0.024352934528928394,-0.012280685671991504,-0.03642785453624353,-0.09756690457402128,-0.06693410808439904,-0.0148903825422399,-0.0044028834567722,-0.0279792010571267,-0.01518870652982296,-0.49170727629100597,-1.9309693109207666,-5.632706172414899,-1.8504326120869767
MEX,income,0,LCN,1996,1998,1,single_cross,dominance,0,1,0.08387023643005796,0.0130654476820935,0.011784005320839452,0.09234129695561566,0.03507220222494867,0.012335881884434297,0.03044303599172682,0.09842285942003226,0.06750803130757821,0.021330520730633074,0.02854208195451835,0.028105460401579574,0.08241039808441775,2.0253447484471536,0.5399345309028414,1.7926449895684922,0.4851716050182313
MEX,income,0,LCN,1998,2000,3,multi_cross,single_cross,0,-1,0.17443250117441444,0.0012840809256700059,-0.0005782049727373062,0.0011958209597833225,-0.000378988558701443,0.0004815127007538056,0.0009053814813597683,-0.025620775054516765,-0.0172756256704909,-0.00022652113496046677,0.00034342981213120183,0.0011016363197109413,-0.007479183777985954,-0.442985958772784,1.01386740506224,2.5962314800097293,0.9829814167476916
MEX,income,0,LCN,2000,2002,0,dominance,dominance,1,1,0.0024010541543991477,-0.028055437810184713,-0.020717513448574754,-0.16203235829039087,-0.06410660860102724,-0.02617315663894121,-0.07285665310454109,-0.2262516110176871,-0.16239425524474038,-0.0395788036863326,-0.05299738279558586,-0.059385734591127726,-0.12140256408845906,-1.7771121978576065,-0.31460272687625856,-1.866518166672865,-0.3187098479393775
MEX,income,0,LCN,2002,2004,2,multi_cross,single_cross,0,-1,0.05424014543725697,-0.0026211241777334138,-0.0007637813158520856,0.024841700414207857,0.0008071310279332278,0.001109970659072007,0.01135058352263324,0.10507320892194927,0.07777919182704118,0.0005142506605340658,0.009067563987879335,0.0024983199042503124,0.00532720231523065,-0.15997488441392527,0.29859618267534493,1.8240554431987732,0.2897605402443437
MEX,income,0,LCN,2004,2005,0,dominance,dominance,-1,-1,0.028268131203409874,0.005877890383362061,0.005357323156665261,0.05537851920170733,0.016630033725470394,0.006961693805424302,0.022284977929427963,0.09719399807562334,0.06825732982963384,0.010503704753198506,0.018904367467102,0.015709606078914806,0.03575756426401899,0.4226375552550632,0.2538854762964817,1.3652632712765254,0.2501881082934654
MEX,income,0,LCN,2005,2006,0,dominance,dominance,1,1,0.04267037889541754,-0.012072232366767521,-0.011432433702287192,-0.11022096666713699,-0.03352987694223181,-0.013387616090821591,-0.0406529830788096,-0.1729732050617585,-0.12389604786548936,-0.02135828754096597,-0.03945501645725136,-0.030148805356351505,-0.07722354823954736,-0.9961856157499387,0.1222936266168988,-0.8387814052771496,0.12922023378076908
MEX,income,0,LCN,2006,2008,0,dominance,dominance,-1,-1,0.024036804415108717,0.011229592905337815,0.010265141094143004,0.06966654561575791,0.026356094907172,0.009643666452943706,0.02368622136073295,0.07299431161835801,0.0536334703325827,0.01684866616160069,0.025782446530925207,0.02169163997135648,0.06160879002513575,0.9524967045499171,0.31411113622449793,1.1637984049944237,0.31160252577247416
MEX,income,0,LCN,2008,2010,0,dominance,dominance,1,1,-0.06615842721409512,-0.0317518782512185,-0.024404823978289247,-0.1324231534315392,-0.06360539336799248,-0.027075692005401497,-0.07325624018916665,-0.21051893953239653,-0.16103543514575502,-0.041431210641972915,-0.051894730720558946,-0.06057068869225807,-0.11399552544309433,-1.678774217554711,-0.8489793253599398,-3.267817304796429,-0.8590108308555724
MEX,income,0,LCN,2010,2012,1,single_cross,dominance,0,1,0.08542754342210813,0.0193560953185003,0.01155072257265577,0.03348309352287493,0.031089311284725696,0.015905649740072886,0.0468379485145724,0.12770843146655442,0.10002402094739904,0.020580211986566177,0.014303098848523987,0.03545782763454847,0.02868179305685492,0.4369142334883147,0.8114238531735927,2.7877116979706518,0.8307849514705152
MEX,income,0,LCN,2012,2014,1,single_cross,dominance,0,1,-0.060978460543152584,-0.006881794981724587,-0.007945663258712377,-0.04943121115586058,-0.015742727654436295,-0.0035735123885138886,0.0008378413317678968,0.05879859851189895,0.04360006611093592,-0.010341255093063384,-0.021436641217944308,-0.007996884849788888,-0.053229310036159716,-0.7795753689921217,-0.497729467540057,-0.52101175333339,-0.5001045943646094
MEX,income,1,LCN,2016,2018,1,single_cross,dominance,0,1,0.020232235241130814,-0.009607774238815425,-0.007582317534669203,-0.025696834216799413,-0.01506149805360768,-0.005868804116802684,-0.01104931396742187,0.0052884289802399564,0.004212044428322237,-0.010412961425560807,-0.013463879654926403,-0.01295722128218163,-0.02968534382228105,-0.32728953769328584,-0.0033075501959576314,0.4418716941396319,-0.005160684664391901
MEX,income,1,LCN,2018,2020,1,single_cross,dominance,0,-1,-0.04897773219850544,-0.013530780824050903,-0.008624958907012759,-0.02008919542110521,-0.021097044597120307,-0.012318514282133014,-0.04102111582476753,-0.14775147484756457,-0.12355041824584334,-0.014851946884138212,-0.011036261129112324,-0.027047665715721203,-0.0133557352131084,-0.13730799658224857,-0.5249524842938902,-2.6791875680313275,-0.5366241601180732
MEX,income,1,LCN,2020,2022,1,single_cross,dominance,0,1,0.14475123356000394,-0.011410101524589211,-0.010811331580088734,-0.03645694820721501,-0.018742144632157398,-0.0072574703513483,-0.014671616691086409,-0.014460516326502137,-0.012823093810011121,-0.013459543294185028,-0.02127595467444937,-0.015841929057619275,-0.04153816005563604,-0.5261014143752449,0.8067918596611818,2.322374332268314,0.8476502729794628
MEX,income,1,LCN,2022,2024,0,dominance,dominance,1,1,0.11657700292442348,-0.008245529489613768,-0.005480639617566174,-0.011216412058751513,-0.011525882592587022,-0.006499245440511003,-0.019750796480098587,-0.05669164485589606,-0.05175406533803151,-0.008403377940179091,-0.00689394503609031,-0.01412906997316643,-0.009352607534441226,-0.05778929415130474,0.7367928778323671,1.3350321539646721,0.8293974977622902
MKD,consumption,1,ECS,2000,2002,0,dominance,dominance,-1,-1,0.5094084531443018,0.04245173486262832,0.04039200144230526,0.06451533664231351,0.0500530042422479,0.024762285819279403,0.061244494923277576,0.11361410648396139,0.14596608317301818,0.03985706048075169,0.05186848432127983,0.05244408716848392,0.07910439430862992,0.5176285700261909,2.2623912854872645,5.398769105946021,1.9268589295722824
MKD,consumption,1,ECS,2002,2003,5,multi_cross,multi_cross,0,1,-0.02276073927269427,0.0021197311416972786,0.0006367526176155325,-0.004621306299353811,0.0009439766592596044,0.0009571778400210007,0.002958257722474822,0.0054951830530927115,0.00643043977270652,0.0007326848316032974,-0.003442993340573297,0.0020419355267060624,-0.0039379765498970265,0.15143399071975594,-0.08322529836527615,-0.1625579377970734,-0.07964858728900337
MKD,consumption,1,ECS,2003,2004,4,multi_cross,multi_cross,0,-1,0.22258872448694833,-0.0029498999466130993,-0.0010164529796294897,0.003938330017765834,-0.0006963783021305958,-0.0002700372324895006,0.0010818026045870677,0.015927834002891383,0.018372069862736873,-0.0005404398972828073,0.0029365995822521196,-0.0005761796568454769,0.001010273590676014,-0.33155001668826944,1.145650261453329,2.923077592481519,1.1594467685612653
MKD,consumption,1,ECS,2004,2005,1,single_cross,single_cross,0,-1,-0.14862137262377065,0.00877557038414789,0.009940155614873158,0.030359415478666496,0.01214622041671437,0.002836302578986899,-0.0015477442136089814,-0.03836233650718035,-0.044937803030629886,0.00937259150514791,0.021725245025365048,0.0060562575009002195,0.04271379340811449,0.823279545260279,-0.701416135641999,-2.463294178470859,-0.7311963876373535
MKD,consumption,1,ECS,2005,2006,0,dominance,dominance,-1,-1,0.03039336743035347,0.03326177256238905,0.0291625529547338,0.07279671821583017,0.049697933772427205,0.0245484296651077,0.06605961037542779,0.15636383488207228,0.1706076622929591,0.03718515535125749,0.04627771872938802,0.05283261088285268,0.0752263938645209,0.8590378471900433,0.616901301303125,2.678592207543268,0.6264137691262195
MKD,consumption,1,ECS,2006,2008,1,single_cross,single_cross,0,1,0.2925954015820956,0.03506183352385467,0.022619976481899173,0.04392272480381271,0.04561316977407781,0.022583023553735287,0.05687418210577089,0.09349760456722023,0.08934424416837738,0.032540028784862396,0.024555133934301088,0.0492795716849615,0.05158774173459124,0.9576960601393392,2.6283697439658305,6.30601659942009,2.8194587286144577
MKD,income,2,ECS,2009,2010,1,single_cross,single_cross,0,-1,0.0001020999123313237,-0.026811192677750895,-0.015326661585350898,0.4113729494995313,0.005693166464599497,-0.013223599427791305,-0.05497252335274988,-0.15704978729052788,-0.18156415002669657,0.003954138948455421,0.1041812666737838,-0.028672288128265,0.20217266216735164,0.9211628611646532,-0.27997390275642875,-1.898039788304537,-0.27240109601546214
MKD,income,2,ECS,2010,2011,0,dominance,dominance,1,1,0.03257405103200062,-0.007004066150466615,-0.011842162672176304,-0.434976997467454,-0.04792390436611771,-0.010498792144706115,-0.01426055414446592,-0.013777200602655137,-0.018004754631312014,-0.03399863631124028,-0.1123426504795324,-0.022607078379603518,-0.2326065037210714,-1.293656430694167,0.06301889934027471,0.07356313198435416,0.0499370978147784
MKD,income,2,ECS,2011,2012,1,single_cross,dominance,0,1,0.0056620246926079665,-0.012303236643963822,-0.01498818197497176,-0.1530177677163873,-0.03342505410503449,-0.009867996713529587,-0.01574061686103359,-0.011720936426185657,-0.015662069038202442,-0.024695895752561703,-0.06191229995687475,-0.021124457828452015,-0.12072150142457916,-1.2939569057374651,-0.10955676584179042,-0.12380440237840418,-0.10143747753812304
MKD,income,2,ECS,2012,2013,0,dominance,dominance,1,1,0.0002734976293917941,-0.01892258968870958,-0.023039436314275852,-0.13609723267543405,-0.039308684043881825,-0.013575732289643802,-0.02539999647435831,-0.030197428908774526,-0.041967108237019546,-0.030119159160549108,-0.0727226780727257,-0.028868526711298692,-0.12187409338963995,-1.1031126220292888,-0.2045571293856443,-0.4539850151199767,-0.18988422009624406
MKD,income,2,ECS,2013,2014,1,single_cross,single_cross,0,-1,0.06283374577534316,-0.010374084611175394,-0.008604090670168651,0.03896586998920398,-0.00556653437884308,-0.004332560084556694,-0.011223871196795993,-0.016693480722540788,-0.024320115943146425,-0.0043617057541079085,0.02297117840525037,-0.009166764750863476,0.013691667284715714,-0.6411379234945658,0.13529945092507356,0.21092987554185605,0.1363638040047377
MKD,income,2,ECS,2014,2015,3,multi_cross,single_cross,0,1,0.04256777894937449,0.003892026139943161,0.005876025308805155,0.031348685432648904,0.0101502195088366,0.003227737063064895,0.005238701113649602,0.004803763335932909,0.007087392549032567,0.00793510854799162,0.017143779004344717,0.006827084760678781,0.03388923855717996,0.4712395053836982,0.22414480189406571,0.424992824870551,0.21881896355527086
MKD,income,2,ECS,2015,2016,2,multi_cross,multi_cross,0,1,0.058269434290371014,-0.010557884373084692,-0.010184176613635354,-0.03686208800371321,-0.013125046978661514,-0.0054520369378665,-0.011828400349181811,-0.015989716375869517,-0.023886991341353636,-0.010276034004008922,-0.02027777015879101,-0.011524612327408895,-0.03224377329456207,-0.10364606770919682,0.12267665026178598,0.18794159827826107,0.1405133435949968
MKD,income,2,ECS,2016,2017,2,multi_cross,single_cross,0,-1,0.040378320055605814,-0.003371510270192779,-0.0024903017033621744,0.030624255156793012,0.0006174130526145905,-0.0008132558581652044,-0.0025860942024841793,-0.003200138043334494,-0.00488567858637301,0.00048642216966379714,0.016955160857165308,-0.0017160727669209008,0.016127177736944387,-0.07189057186882497,0.13718573199114648,0.2817041937319047,0.15266360976262883
MKD,income,2,ECS,2017,2018,0,dominance,dominance,1,1,0.026263400142637925,-0.012349404153768506,-0.0174485719279468,-0.10580337978174092,-0.026489700690856294,-0.009257060800704597,-0.018071405479857416,-0.02555179030444049,-0.04040719988309904,-0.021141967059787298,-0.06369927503599743,-0.019479119975604586,-0.0872463439027481,-0.6972354543065968,-0.047729794633020184,-0.32149450181350403,-0.05136223084392144
MKD,income,2,ECS,2018,2019,1,single_cross,single_cross,0,-1,0.08832436213475292,0.00546170528387202,0.007223691326167847,0.03265422171069421,0.010090875321266596,0.0034120010261615014,0.005603300933783195,0.0039901756954695,0.006483918494142982,0.008119836519546203,0.02127069865926523,0.007168078885654489,0.0321544822235057,0.47797216473868875,0.49807436148310735,0.8705320845883975,0.5423110389945882
MLI,consumption,2,SSF,2006,2009,0,dominance,dominance,1,1,-0.05445356763722351,-0.05888167074536438,-0.06433673140751472,-0.10074399922159258,-0.07476480224360682,-0.03563204911529079,-0.08457153131840128,-0.14562640098805252,-0.18967551351796275,-0.060355056698412984,-0.08955529664622186,-0.07529901215014692,-0.1315145047057094,-1.4445989317717292,-0.22281738466630463,-0.6573268373926964,-0.10164086898912181
MLI,consumption,3,SSF,2018,2021,1,single_cross,single_cross,0,1,-0.12215393265667171,-0.0030985242207867136,-0.005044467487923088,-0.008890217481692386,-0.004161479139275892,-0.0012089432275074058,-0.0009526265479918028,0.003937334383961322,0.005039936570819803,-0.003383623353767101,-0.008356934959172224,-0.002552309262178698,-0.013507279518048865,-0.004903185824726819,-0.21716105621984672,-0.41914704783227164,-0.10565222785204781
MLT,income,0,MEA,2006,2007,0,dominance,dominance,-1,-1,0.0861410521700071,0.01185449629346863,0.016809995455690063,0.03403123298999222,0.014439419851516477,0.005996828096458101,0.012221780681914096,0.015995949075221894,0.028548806407293292,0.012506009182419009,0.03532180972700749,0.0124198236137891,0.03806319802701347,0.15031823395565302,1.3216072739451796,2.781817769307338,2.105832716286484
MLT,income,0,MEA,2007,2008,2,multi_cross,multi_cross,0,1,0.025626968070190877,-0.0021069486130586013,-0.008677506351987274,-0.044589178991855216,-0.010409596230405604,-0.002830889074058207,-0.003739886374168111,-0.002418063766835399,-0.004223955741170737,-0.008997585991627005,-0.04701304232474435,-0.005867933135740494,-0.043965238752603775,0.05828630798739809,0.20471250903220906,0.3998539729323731,-0.04477963572896648
MLT,income,0,MEA,2008,2009,0,dominance,dominance,-1,-1,-0.019369683051959286,0.012459830910537983,0.01846679449279809,0.038314306027864814,0.01726251045721791,0.00755564675678741,0.016747981214623203,0.026564809749338225,0.04481545415122279,0.01487001533656071,0.04075661406498299,0.01568145817778399,0.04257353948639481,0.09312724249625903,0.2582173899058482,1.2799563958339455,0.32673231291604665
MLT,income,0,MEA,2009,2010,0,dominance,dominance,1,1,0.012508526168951694,-0.012157148249390293,-0.016812836650433982,-0.03520183031754251,-0.0158675805453094,-0.006970390466680104,-0.015435227774073496,-0.024147985004275424,-0.04059365482373689,-0.013658859314145011,-0.03727173519698074,-0.014469056477409481,-0.038795866745183316,-0.12172474518679088,-0.32340296136230506,-1.2685950060006448,-0.38426507802155463
MLT,income,0,MEA,2010,2011,2,multi_cross,single_cross,0,-1,0.020101973927686007,0.0011193529951746828,0.0011517896393894445,0.0007141023638226052,0.0017172889297089045,0.0014431332047303014,0.004991795310443803,0.013529178846610312,0.023082786669796795,0.0014887277532288912,0.0007949808332293196,0.00299118515225949,-0.001066047231633116,-0.04072408235336722,0.27083875146706404,1.356065415041094,0.3268769758263588
MLT,income,0,MEA,2011,2012,1,single_cross,dominance,0,1,0.035214339704184486,0.002158277832333022,0.003228223620028836,0.0009531764249781915,0.002376185682633508,0.0013524714272983018,0.003468958327016991,0.0065618505172037045,0.010880257032446994,0.002055717586382011,0.0010584973979835821,0.0028053768833969095,0.00250125295640502,0.026099627836734918,0.49798151861249984,1.2843177892659767,0.7915929429234616
MLT,income,0,MEA,2012,2013,0,dominance,dominance,1,1,0.052349963277094944,-0.005138838198546325,-0.008590928458185876,-0.012639617877742398,-0.006982369863107518,-0.0030165834747074016,-0.006408465383873602,-0.0098393232071598,-0.0163895195576379,-0.006054620496901197,-0.014285200970448081,-0.006254380783744323,-0.01688802821616281,-0.05320635167569199,0.4214233736383335,0.62812255995172,0.645615100378965
MLT,income,0,MEA,2013,2014,3,multi_cross,dominance,0,1,0.05727330365184098,0.0017657049027802185,0.0027993603675481316,0.0031108147750008863,0.0021716277700297992,0.0010120643638436982,0.00224275995877532,0.0033375094807522876,0.005609707693206789,0.0018876145044443016,0.0035664294914750927,0.0020972162453177234,0.004483341610003133,-0.098293522652801,0.8089082223481121,1.7514765988277325,1.3818040367060362
MLT,income,0,MEA,2014,2015,0,dominance,dominance,-1,-1,0.004826201395507548,0.004139287844267481,0.004987930263491869,0.005291973650931203,0.0041094593818439,0.0020955228977889984,0.005061661481304186,0.008742254856790505,0.014450425007787815,0.0035608109016550815,0.005990640565310901,0.0043460033221584815,0.007009849614138697,0.02614438951113618,0.25259377415708784,0.7906725692833092,0.29408425752528444
MLT,income,0,MEA,2015,2016,3,multi_cross,dominance,0,-1,0.061382622710860736,-0.003426764768260704,-0.004500570028189599,-0.0035973080406129787,-0.0040004349667766,-0.0023588750404563014,-0.006516870094531807,-0.014126977398873308,-0.02352755279381824,-0.003466153111359088,-0.0040618399280212825,-0.004891835589500487,-0.00439217538944342,0.13549905254809191,0.683578788629319,0.6269052233697536,1.3406232477035491
MLT,income,0,MEA,2016,2017,3,multi_cross,multi_cross,0,-1,0.006880576358680312,0.0014524053379832425,0.0034351681011539625,0.007799575377736179,0.0030233071478008022,0.0010537711932126076,0.0017287726315604046,0.0010909135939891068,0.0018502437986454012,0.0026208058868338047,0.008751642304831775,0.0021845443834740963,0.009738198077838878,-0.1288242025296933,0.16835863650097949,0.28758387182048395,0.4551327663546587
MLT,income,0,MEA,2017,2018,1,single_cross,dominance,0,1,0.02472825345284305,-0.005701204961010009,-0.007208491779793658,-0.00870729981340529,-0.005722613100220181,-0.002635774323225204,-0.005620483894230699,-0.006797448506707188,-0.011625176864968112,-0.004967450447290994,-0.009783551214198882,-0.0054618327695782065,-0.011957829571045575,0.003935284303915321,0.0719379976035146,0.1401379634068327,0.3099700341875753
MLT,income,0,MEA,2018,2019,0,dominance,dominance,-1,-1,0.0855807549545084,0.023717677465398712,0.030886939241980604,0.0524320468309111,0.028565776640847584,0.013382650985516595,0.031195658248320296,0.0538652706518816,0.08657339467770986,0.024515403081944,0.055310972334112196,0.02781193866890999,0.0608947141688731,0.23214447294276397,2.57579595026122,7.312693581132294,4.1985539088132455
MLT,income,0,MEA,2019,2020,1,single_cross,dominance,0,-1,0.04375304095426493,0.0036327067001813984,0.005549926429352925,0.0265047396940343,0.006768043837127008,0.0022923717179507974,0.004055584615674207,0.003683566292139284,0.005512382757705936,0.005706496911086184,0.024984267521732495,0.0047842823037194115,0.02361886778528971,0.04197890481773969,0.9639399279548932,1.9377120932548237,2.01553674080035
MLT,income,0,MEA,2020,2021,1,single_cross,single_cross,0,1,0.04821371684626997,0.0015545328527425961,-0.003736677241127362,-0.043128605047091706,-0.004264847965006591,0.0013648102821006008,0.00945633138114721,0.03314080085106161,0.04769566285831084,-0.0035914176740637904,-0.04162197019882741,0.002851259905722492,-0.04119901724807712,-0.2775304695293639,0.9765408978623213,4.741234280545484,0.5457357830008078
MLT,income,0,MEA,2021,2022,0,dominance,dominance,-1,-1,0.014103120689440737,0.03023294843708646,0.0379969132594119,0.0643078962806641,0.038363592969647475,0.017321077490663403,0.03957076863136019,0.07061954414417482,0.0923309689577233,0.0317616818258212,0.0603383769786307,0.03637218109185891,0.0808611215295384,0.66968700451031,2.101673574494754,6.210670797994602,3.3109989883881
MLT,income,0,MEA,2022,2023,1,single_cross,dominance,0,-1,-0.005618201486135145,-0.028006761158510696,-0.025964119207064762,0.01953309160121619,-0.02503399461704159,-0.0164164017126011,-0.04716434728444771,-0.10804430790612232,-0.14644182962884245,-0.020587546525252298,0.016363414819797806,-0.034481028856434615,-0.0016221352461618932,-0.17141983391533877,-1.8066589361459897,-9.108069927882468,-0.6402100799806156
MMR,consumption,0,EAS,2015,2017,0,dominance,dominance,1,1,0.025402204518884617,-0.07331001118114228,-0.07806525031329925,-0.0999507426453009,-0.0925923597225467,-0.05181371690355742,-0.15156371201097418,-0.4567792929021316,-0.48471886039808854,-0.07580734570714281,-0.09899762292763747,-0.10950440427893099,-0.11366946529040167,-0.5652974923096532,-0.4196397625069763,-2.993849166117486,-0.3990950546127502
MNE,consumption,0,ECS,2005,2006,3,multi_cross,single_cross,0,1,0.03443406961031031,-0.0018466664883238226,-0.0010840011592022636,2.7152555231002573e-05,-0.0013794520598132964,-0.0010814356466809089,-0.0032629379124160807,-0.0058934236079380975,-0.009712945283646635,-0.0011881476915693023,3.0186445843072285e-05,-0.0022460939402456914,0.0008702330747030751,-0.0027500051754589805,0.12627222569783214,0.16562536417878881,0.1188540228161381
MNE,consumption,0,ECS,2006,2007,0,dominance,dominance,-1,-1,0.20711162259386692,0.014107263195693887,0.018776764791555878,0.02115811485050831,0.01654082509036131,0.008283804250041105,0.020064189820746092,0.03646669544097489,0.05780950396710538,0.01413948696846079,0.022801890463394703,0.017238644014340387,0.02887207655411539,0.2565085897821193,1.3028505408092732,3.1594097412172655,1.3630844974311898
MNE,consumption,0,ECS,2007,2008,2,multi_cross,single_cross,0,1,0.05023539809379945,-0.009569609048836691,-0.014253510123165114,-0.018271212036583023,-0.011802541089149104,-0.005160355105370995,-0.010988945537958511,-0.017559365971563407,-0.02717644379493389,-0.010065159658255302,-0.01960630543344699,-0.010747801965305587,-0.02655857246852228,-0.3030804797197093,0.11368052634604453,0.10032005605475547,0.1217058363011585
MNE,consumption,0,ECS,2008,2009,1,single_cross,dominance,0,1,-0.0190616421123195,0.0051986883819643,0.008688124741725534,0.012012040419872916,0.008457913587143512,0.0043344406215446996,0.011409966048806813,0.0264304766312167,0.04048905346834475,0.007224926633575407,0.013007457093737684,0.009025593592256492,0.015044101675880606,0.00900142616584887,-0.01274627870102929,0.5416134171296232,-0.004717105198078109
MNE,consumption,0,ECS,2009,2010,0,dominance,dominance,1,1,-0.10091199517392477,-0.021171095752909985,-0.02671292685356441,-0.028549502007114314,-0.0225295140355955,-0.011225501986306202,-0.026501140180614502,-0.043460546234052905,-0.0680112792291695,-0.01938141680343719,-0.03169353042870468,-0.023331392842183413,-0.03958314271841323,-0.07459836474960513,-0.93516773635295,-2.4116680266967876,-0.9853362163718056
MNE,consumption,0,ECS,2010,2011,0,dominance,dominance,-1,-1,-0.015491630938370178,0.019297047801479283,0.024491387867813685,0.026602044332351915,0.019996644274433678,0.009695004050575301,0.021979254269514692,0.03136210719944291,0.049788374819186076,0.017224192663738397,0.029615738753926008,0.020142018790251404,0.037086989325632036,0.13892065043519253,0.25177889696926403,0.6868565692832824,0.24849709948679477
MNE,consumption,0,ECS,2011,2012,1,single_cross,single_cross,0,-1,-0.06393366449009878,0.014547094187334297,0.022026797132097875,0.06471435802760839,0.021520112162030813,0.0065253089270602,0.007663660981400505,-0.007723803775918886,-0.011903826369174864,0.018155665794799297,0.0632539890797238,0.013616452631979803,0.07564020665347326,0.24429203673943967,-0.09253058564727379,-0.880565803580172,-0.09444178298322115
MNE,consumption,0,ECS,2012,2013,3,multi_cross,multi_cross,0,1,0.01651484075685607,0.0016878601666884263,0.0005883434825924017,-0.01784393662170769,-0.0009482085851177935,0.0006745435655042958,0.003140975817337688,0.007827829554861498,0.012062673006870472,-0.0007917645193560863,-0.016322145656333387,0.0014103433882280136,-0.01407056346742297,0.3195493106168614,0.11321161930667234,0.36684101234460087,0.11216309822090764
MNE,consumption,0,ECS,2013,2014,1,single_cross,single_cross,0,1,0.04926077710880906,-0.005173135969947007,-0.016239430151781087,-0.047313258320493295,-0.013884621711473505,-0.002911318779875993,0.0003765548275850017,0.017391014900079382,0.026035275630803545,-0.011680208231518802,-0.04740597043114353,-0.006083303820907021,-0.06010336922205933,-0.6030893383354483,0.17767022042082203,0.9810694613140889,0.152700707946809
MNE,income,1,ECS,2012,2013,0,dominance,dominance,1,1,-0.008131518781480421,-0.021806995543320662,-0.022446226724459062,-0.12696534707047702,-0.04028029908845082,-0.015983056272386387,-0.03578050096702978,-0.062127042809330735,-0.07715413491934742,-0.029777934874667567,-0.06164185637183156,-0.03432048406308269,-0.10089183987711214,-1.1493206897645276,-0.38856113550504556,-1.2974139595692193,-0.41808203611690065
MNE,income,1,ECS,2013,2014,2,multi_cross,multi_cross,0,1,0.03551744608074029,-0.0025222421152708008,-0.0036322345825462454,-0.0462978109673044,-0.007909054544444516,-0.0022674617091766047,-0.004313133859916718,-0.006684288374171565,-0.008768909785029755,-0.0059891117576936215,-0.026771415184715208,-0.0048434725072072915,-0.032629860237659014,0.5656764706071504,0.17739239993595213,0.28764564102147006,0.2098906418056279
MNE,income,1,ECS,2014,2015,1,single_cross,single_cross,0,1,0.012943768446886175,0.00232130611655057,0.0009622020733142111,-0.0113856211904243,0.00034658837636442064,0.0019972070645930956,0.009195834011091086,0.029926186130765475,0.0385080577254,0.00026344677043602105,-0.00700768239958427,0.004265858854022309,-0.015067198795163272,-0.22939992475250204,0.11838199225948198,0.7819169935337769,0.10937285537632402
MNE,income,1,ECS,2015,2016,2,multi_cross,multi_cross,0,-1,0.08857691413456796,-0.005384242835617392,-0.0003059910280429623,0.3332937143294979,0.016195401058000214,0.0007693586266834113,-0.0017899594763665094,0.0006658845826688076,0.0008356851415395328,0.012209089837573767,0.15140346241410807,0.0016445800376159725,0.13005241646549293,-0.8022633139903474,0.48983356890975394,1.2100098361209533,0.6081623167812422
MNE,income,1,ECS,2016,2017,2,multi_cross,single_cross,0,1,-0.014214911256669684,-0.015839311938101397,-0.011348739353846837,0.024693016655225275,-0.009801537202604127,-0.007865986378454301,-0.023968700519144265,-0.050977239252596396,-0.06673614335961431,-0.007365366413686486,0.008013974719655592,-0.016780390289158592,0.018027185222827202,0.0814471003001298,-0.37256029543342617,-1.3640883569882263,-0.33707167774442226
MNE,income,1,ECS,2017,2018,7,multi_cross,multi_cross,0,1,-0.028071115847936874,-0.0007240754051001108,-0.0038458695981195,-0.29056892145250696,-0.019655567001613583,-0.003212772844070011,-0.002836894014555308,-0.000460032216834827,-0.0006300262495679831,-0.014989512972258895,-0.12033699260175018,-0.00683225008724489,-0.11948019719389169,-0.12040160877447903,-0.19042148894606914,-0.36364069289934875,-0.25726202339655213
MNE,income,1,ECS,2018,2019,0,dominance,dominance,1,1,0.04422359137728765,-0.01142307238666801,-0.016136701579705925,-0.10054625100900738,-0.0269001959386789,-0.008923100101030187,-0.016049540049287714,-0.019224159616506586,-0.026832590741007967,-0.020997759056572696,-0.06052284163859223,-0.01891106804572429,-0.08902617586684536,-0.70087816769448,0.07973178749535936,0.08410678152551476,0.08298390766737196
MNE,income,1,ECS,2019,2020,2,multi_cross,single_cross,0,-1,-0.015467273704956213,-0.002574048578479482,-0.0026020913957266467,0.0185323432111692,-0.0013557599631391082,-0.0006137899973055055,0.00010751369030001512,0.007465145343051316,0.010539501023246411,-0.0010733045022492949,0.012193786928248795,-0.0012973559294175985,0.0021130402512657964,-0.37530083919146673,-0.14203140814531423,-0.007318857908934717,-0.17086125671820973
MNE,income,1,ECS,2020,2021,1,single_cross,dominance,0,-1,0.07842878191636395,-0.011108450763477495,-0.010042557111517358,0.05608711249377829,-0.006448342387204292,-0.005217958859589603,-0.014298178021184799,-0.02654180587446911,-0.03821924987547276,-0.005124878740916106,0.03396533735729351,-0.011011193295591415,0.017239854684976463,-0.32239436310743663,0.29455060108207043,0.294843710169447,0.41904834898300436
MNG,consumption,0,EAS,1995,1998,1,single_cross,single_cross,0,-1,-0.40101337925543507,-0.029227503455900472,-0.028178757289681333,-0.024100459646409195,-0.0257945825774073,-0.013270797106025911,-0.030813949571325994,-0.04345807921055109,-0.07110449209926495,-0.0218134315826142,-0.024621721744120417,-0.02766885161181598,-0.03738383578304483,-0.5153358667891785,-0.6484930775263855,-1.3112464814627671,-0.2744417946436048
MNG,consumption,3,EAS,2010,2011,2,multi_cross,single_cross,0,-1,0.09598269293105546,0.00799179247992432,0.007254933593748514,0.00689227178600979,0.008665402436854902,0.005224293485003209,0.015004714496162086,0.0355065392203365,0.04936469735767046,0.007214984984372785,0.006914602797623015,0.010954847728849193,0.0074092258938164846,-0.024690454841732823,0.3574397942236467,1.0552259480635673,0.2861173685025429
MNG,consumption,3,EAS,2011,2012,1,single_cross,single_cross,0,-1,0.13996388084383637,-0.0012828161553117279,0.0004898821258261243,0.0033317906967068045,-0.0010768210797280076,-0.0016535576398466062,-0.006951329869265388,-0.023517024145387366,-0.0323126644912104,-0.0008931842699377024,0.0032946379335427878,-0.003470757727374707,0.006766548654375704,0.17920438964160024,0.46159747634674675,0.6970323603824147,0.3557173047429618
MNG,consumption,3,EAS,2012,2014,1,single_cross,dominance,0,1,0.041915232287680126,-0.01715089713481638,-0.018713184127559068,-0.022439604777330785,-0.017077937665482795,-0.0075264706033428,-0.0148980197303831,-0.012842443681278515,-0.018281084454303986,-0.014294878021424179,-0.02280358342560862,-0.015758039596692502,-0.034692615227248425,-0.49931141192925654,-0.037008192461830625,0.12250956734626683,-0.01985700206026708
MNG,consumption,3,EAS,2014,2016,1,single_cross,single_cross,0,1,-0.18921450986391247,0.0030680190346615843,0.0025790874339464143,0.0015999026562144025,0.002574909817964516,0.0014349642304399002,0.003635221640862496,0.006717828818210203,0.009622060066253546,0.0021709568314612904,0.0016748228571170087,0.0029993519225808007,0.0027449821679058073,0.0884546409908884,-0.590240318720948,-1.2503785685476982,-0.4667786939149976
MNG,consumption,3,EAS,2016,2018,1,single_cross,dominance,0,-1,0.06129195760995509,0.00395429234702499,0.004734790908263342,0.006371611302213781,0.0038631367492456825,0.0014361838449089004,0.0020418056541366136,-0.0019074533439331076,-0.0027186369594652815,0.0032466194971078055,0.0065938371838145104,0.0030042573724498034,0.009977060177231822,0.07605653688444658,0.22854078727761928,0.38534477557761626,0.1679934637160161
MOZ,consumption,0,SSF,1996,2002,2,multi_cross,dominance,0,-1,0.10732113416526491,-0.0634532939256931,-0.04633696560263745,-0.1824086490206001,-0.11082053291833038,-0.04413982687463858,-0.09859757546023212,-0.12077793238145751,-0.07910925996066398,-0.07223161915889781,-0.08801505761716982,-0.09949752986979954,-0.19638395175522017,-3.3430541920811816,-0.016409370622883168,0.14211143975354945,0.00693099985166129
MOZ,consumption,0,SSF,2002,2008,1,single_cross,single_cross,0,-1,0.18251097181863368,-0.014563670269413576,-0.003200636023790504,0.009693612456366907,-0.017282205234593284,-0.013343736572741322,-0.0498495658100126,-0.1950926231876592,-0.13754452087295377,-0.01200346477202252,0.00553625126198648,-0.029541650815263498,0.021110494501940802,0.25973007292556805,0.13528995788291898,0.2348834791956107,0.03942679477539099
MOZ,consumption,0,SSF,2008,2014,0,dominance,dominance,-1,-1,0.30074903966481814,0.08436178371161335,0.053804171513539,0.20430541140749564,0.14827600579272882,0.07361052479391611,0.23161690422480152,0.8840149542111359,0.5449775242982899,0.0965441067068124,0.09487236570569035,0.16610480166546315,0.1610706469746479,1.687272211937601,0.5808976425949886,2.5702675194659372,0.37795253742434776
MOZ,consumption,0,SSF,2014,2019,0,dominance,dominance,1,1,-0.28408886053166915,-0.031847161636902044,-0.017303137792856638,-0.07669917810640081,-0.061414115282582615,-0.03385823015596309,-0.12470779959470701,-0.613184652821658,-0.35734891857940765,-0.038258835388492896,-0.03136145554223102,-0.07737057034431022,-0.037607564796065196,-0.160759212819225,-0.451227709062094,-2.1167523822499343,-0.30493313160601243
MOZ,consumption,0,SSF,2019,2022,1,single_cross,dominance,0,-1,0.006471756364824482,-0.011722377967229913,-0.007551710310081838,-0.028177271027340467,-0.0211528825604409,-0.01082781389216761,-0.03620815005610756,-0.15665176782334833,-0.10552566894783522,-0.013730999387186582,-0.01268327869240049,-0.024388551763424304,-0.02162618125514404,-0.2439131272703099,-0.018378069068161196,-0.2078895072569047,-0.021254374481992133
MRT,consumption,3,SSF,2000,2004,2,multi_cross,single_cross,0,-1,0.030913279694845138,0.011253697147016462,0.0036038934714621718,-0.005407799203392294,0.014410253055761268,0.013316298925782899,0.051502248023583996,0.17504617509563408,0.19117657110200814,0.011095363368496897,-0.004106152565778509,0.02851524931701152,-0.02509044247900233,-0.8930393732172872,0.1163377863939552,1.0871014103155923,0.1561092477307574
MRT,consumption,3,SSF,2004,2008,1,single_cross,dominance,0,-1,0.13613899861327267,-0.044686680105595566,-0.0334080867293407,-0.03745247011501618,-0.0535449592984151,-0.0330281349086871,-0.09986458161226988,-0.2557963419970048,-0.2963986107998178,-0.04204696282712908,-0.03001792959868521,-0.07033214847393232,-0.030622690096254568,0.10403596192416309,0.03691427815160031,-0.9664418444286138,-0.09802727604983907
MRT,consumption,3,SSF,2008,2014,1,single_cross,dominance,0,1,0.08991166301879287,-0.03065997384130681,-0.03444837642906451,-0.05521094120121084,-0.035833402357275,-0.015164438765566002,-0.029891789010399017,-0.029533874781115604,-0.042585304418986225,-0.02942277996664172,-0.04997721563937069,-0.0318587888282455,-0.07869923396176992,-0.89297470209923,9.215699754072659e-05,0.11904703923470983,0.011778633347223066
MRT,consumption,3,SSF,2014,2019,1,single_cross,dominance,0,-1,-0.004737174194179799,-0.00620340614514181,-0.008626311548241117,-0.010134352972880178,-0.007992796947314501,-0.0038188652193300032,-0.008960450679048299,-0.01628075789655581,-0.024671771836171197,-0.006707938885317899,-0.010022774693364711,-0.007981256776376677,-0.014849309478794703,-0.17663713668247372,-0.048646420485581654,-0.1748609601340112,-0.0345783705115571
MUS,consumption,0,SSF,2006,2012,0,dominance,dominance,-1,-1,0.1261586685632686,0.028029049645358683,0.02731580369757136,0.04341401349869392,0.0377346803536584,0.020393954662086294,0.057317790841673516,0.14631913498094606,0.16186694949491387,0.030051330427928596,0.03811089187788175,0.04334692019328168,0.04810152860891542,0.22108740233048874,1.049864576048443,3.8761267975432556,1.0357920476388602
MUS,consumption,0,SSF,2012,2017,0,dominance,dominance,1,1,0.09975763836549698,-0.01702951874165881,-0.014777300517043068,-0.023250204909876393,-0.02159705207888868,-0.011702251011431006,-0.032445816280811224,-0.0777456871123472,-0.08238495301394277,-0.017060664264068687,-0.019863938356475153,-0.024933876630226587,-0.025771100273164593,-0.1289992015635688,0.3213218603792516,0.1836292705290159,0.32472273440839894
MWI,consumption,1,SSF,2004,2010,0,dominance,dominance,-1,-1,0.03844033870059928,0.055891172599225825,0.052793147942870045,0.12681883745579442,0.08515852647477529,0.03918273700144398,0.10114385424545447,0.25138455142957405,0.21137701541388498,0.06276744851189212,0.0886671118665201,0.08523193842389881,0.14376241880869256,1.46224895346821,0.16128769900328588,0.5736741717544387,0.08129401382518692
MWI,consumption,1,SSF,2010,2016,1,single_cross,single_cross,0,1,0.09461901980231484,-0.008542929473787708,-0.018293185400603318,-0.05574915757098542,-0.007911924172691598,0.009506257706909715,0.07761912468700483,0.5983495495014122,0.4002157744464607,-0.005608987582364111,-0.03574047960266041,0.02098138256069909,-0.10337074734303558,-1.5085303770567977,0.08118775541553203,1.292825685975814,0.12335098321616056
MWI,consumption,1,SSF,2016,2019,0,dominance,dominance,1,1,-0.18905349784893466,-0.06061216197022168,-0.0429914534092144,-0.08264658951671677,-0.09636025258316569,-0.06175567391590901,-0.2242336876335828,-1.0100478985086934,-0.7713119709373424,-0.0719962016525787,-0.06246985168184788,-0.1342056222508874,-0.04357816522856195,0.2966128925097866,-0.31740951702322084,-2.326158334529234,-0.2573046238385754
MYS,income,0,EAS,1984,1987,0,dominance,dominance,1,1,-0.039252192527517216,-0.014401855511097683,-0.011669470914435154,-0.044789088820388234,-0.027824886619153277,-0.013680086763614013,-0.042873076767463325,-0.16048788750855292,-0.12336871090128487,-0.018872037566037114,-0.02293181777444042,-0.030370066608711,-0.03819380790910454,-0.4143334730696546,-0.429286631492487,-2.2598726516537706,-0.4293956275750217
MYS,income,0,EAS,1987,1989,0,dominance,dominance,1,1,-0.01643943549617272,-0.008742035561173311,-0.00819202100347527,-0.029787024394911765,-0.0158632765938857,-0.006200900214245075,-0.013455215620170102,-0.019954342616163245,-0.016208661813571057,-0.01099652823068209,-0.016465567092748268,-0.013682490535092684,-0.03336317484129081,-0.46767153746135914,-0.20658618149093044,-0.4591681483366177,-0.203116907600982
MYS,income,0,EAS,1989,1992,1,single_cross,dominance,0,-1,0.10426588591017999,0.014933490643005531,0.014695908610215414,0.057796515277061755,0.027452949473795618,0.009035220511982495,0.012720859644836324,-0.027021795085172995,-0.02229819318088211,0.01892100177114242,0.031048367731839888,0.019953768858015974,0.06955487743178745,1.08644045133277,0.8405710267844002,1.3700825054163346,0.8428165332549704
MYS,income,0,EAS,1992,1995,0,dominance,dominance,-1,-1,0.03962761700629257,0.008626826399930065,0.007015290919006323,0.028461463934125297,0.016933454155886707,0.008149680498960088,0.024828831881103075,0.08511489371249525,0.06891089461674582,0.011414419712283463,0.013999772256543308,0.018093120735428736,0.024394479343638698,0.26519925615706974,0.3914641344655294,1.667373034176741,0.4015380427525814
MYS,income,0,EAS,1995,1997,0,dominance,dominance,-1,-1,0.22027063563633587,0.006238145068746093,0.004822185970037363,0.020645056896259062,0.012044911304755379,0.005520573190723105,0.015918403889883526,0.050399732321548596,0.039095400027578275,0.008002335440648323,0.00967696756373404,0.012308155101011575,0.018540880671802595,0.23448035961219915,1.8361893402517095,5.217009818376955,1.9781579292776943
MYS,income,1,EAS,2003,2006,0,dominance,dominance,1,1,0.08695788219945318,-0.016577273055955632,-0.014348116823540313,-0.05443714193657778,-0.030015338789065926,-0.013061155589008694,-0.033263635813927384,-0.07913870416102475,-0.07250500023094597,-0.020989582952693597,-0.028387691170730422,-0.02864642951187868,-0.05525582539176388,-0.6997713745483489,0.3992509621412914,0.3877448246739341,0.4709431758152771
MYS,income,1,EAS,2006,2008,1,single_cross,dominance,0,-1,0.042984336681950876,0.007274420379187296,0.007221221340650508,0.0281219272667782,0.013829161155202108,0.005039033616110411,0.009596472303410986,0.008646499221945048,0.008162297813716801,0.009748961143532853,0.01505852105694111,0.011025248478294891,0.03299758198866942,0.4816709714191125,0.4931113397852389,0.9933010867384056,0.5731115328864362
MYS,income,1,EAS,2008,2011,0,dominance,dominance,1,1,0.1951227914826912,-0.019293514969064784,-0.017374066210015693,-0.062188048141103736,-0.03333248566768687,-0.013609456515915996,-0.03035066662187086,-0.04709276782673166,-0.045247613346896864,-0.0237291368109368,-0.03453534293370403,-0.02970121265298742,-0.06843487061999254,-0.9155793251478386,1.4076687474600238,3.2906708588497082,1.734689386536263
MYS,income,1,EAS,2011,2013,0,dominance,dominance,1,1,0.1397618602398063,-0.02200915145771043,-0.02159650000593527,-0.0628906819935775,-0.03564219899616444,-0.014513362048446499,-0.03147537540834944,-0.050604353853110184,-0.050978221608085295,-0.026263903565150765,-0.040032475770624076,-0.031412046269527316,-0.07570042340305994,-1.0377465681503626,0.9182897886221468,2.161459997479046,1.1868726671684424
MYS,income,1,EAS,2013,2015,1,single_cross,single_cross,0,-1,0.10579585128092525,-0.002822021683181186,-0.0012728826645472813,5.5449979821931006e-05,-0.002980956206304175,-0.0021673101256388105,-0.007156572482636792,-0.018883323278678976,-0.0197253107578631,-0.0022393112650884173,3.78887706932729e-05,-0.004668042320728372,0.001651977459167786,0.07255282395122542,1.135322572025526,2.271902442880503,1.5712185010395814
MYS,income,1,EAS,2015,2018,2,multi_cross,single_cross,0,1,0.11102210779568107,0.0011109629801109855,0.0013638900290579015,0.0036054461903848867,0.0018162353832681943,0.0004948967146521099,0.0002173435761980147,-0.0032071291152326875,-0.003391073956470092,0.0013651608216000977,0.0024530896693535365,0.0010654123518540892,0.005644998150706737,0.10022765149108359,1.4515321423804224,3.155422629589502,2.0183045944617586
MYS,income,1,EAS,2018,2021,1,single_cross,dominance,0,1,0.057126316977031556,-0.0050872349335795986,-0.005526372402564594,-0.015808540199188093,-0.008115729581380293,-0.0030953243801899177,-0.005863140574102088,-0.004622211165948631,-0.004908858022806717,-0.00611939238342088,-0.010911540000674513,-0.006658595218643593,-0.019449151375176332,-0.22666788159152507,0.6171027199051675,1.65053258173878,0.8789522131651175
NAM,consumption,1,SSF,2003,2009,0,dominance,dominance,1,1,0.11489231765088234,-0.023513806591401787,-0.011743905455183445,-0.12883380546427226,-0.062359997593300354,-0.02457101576500209,-0.07088463230499975,-0.19133625796608777,-0.09765101696586753,-0.031284189604536106,-0.02855952037607823,-0.05960420628397012,-0.07695782157155784,-0.8177333526283075,0.3640663523968728,0.9699768782841094,0.27156176753133154
NAM,consumption,1,SSF,2009,2015,1,single_cross,single_cross,0,-1,0.3685362111487597,-0.018852562067192435,0.002390605662485834,0.14335525237844393,-0.01684890610279921,-0.023274785198302506,-0.11219026388450415,-0.5352388003194308,-0.30439574969831007,-0.0087927615198376,0.03148692315860169,-0.055491497756087416,0.14564263089999385,4.056633528110854,1.9688231042989406,3.316176747409683,1.764881672966713
NER,consumption,4,SSF,2011,2014,1,single_cross,dominance,0,-1,0.09626860024421617,0.028241026756639198,0.03795556038662784,0.0471869612144897,0.030639959626525604,0.012445385392877095,0.02265311235835879,0.01582951556166634,0.021805036925042542,0.02570413509331529,0.04956337023071633,0.026065382588505298,0.0722417567829185,0.7324363501818678,0.1458059372515078,0.2232798481197915,0.034836460497885094
NER,consumption,5,SSF,2018,2021,0,dominance,dominance,1,1,-0.05831773974313008,-0.04393669088916918,-0.048255631811705335,-0.0612435243504271,-0.051984035783781884,-0.026215146565604294,-0.06611711203488849,-0.13541688524962558,-0.15542213164404373,-0.042500995595478985,-0.060899981268340175,-0.0553881582232498,-0.08082137168508591,-0.7405972269831298,-0.1783393072653361,-0.571371713986911,-0.08539074671627211
NGA,consumption,4,SSF,2010,2012,1,single_cross,dominance,0,-1,0.014410040255651936,-0.0013691431567584011,-0.0012360926231305136,-0.00150761703694699,-0.001471611741142298,-0.000747779802386106,-0.0018002820591448143,-0.0028762061177787235,-0.003982403427294723,-0.001195415748500822,-0.0013539404938530675,-0.0015763274516457926,-0.002104385288011712,-0.03125076399056148,0.0132451124003643,0.022646869862757768,0.0048061913481101115
NGA,consumption,4,SSF,2012,2015,0,dominance,dominance,-1,-1,0.035069206637605405,0.003661781642157802,0.004102436290622902,0.006579858587050513,0.004632088578881699,0.0021050914954825056,0.004675830917802798,0.006860866005291899,0.009463663578587411,0.0037567876264309186,0.005869293106428586,0.0044392287754276005,0.008967915535236293,0.09830546389488148,0.05846069938000076,0.12606416416251331,0.025181015189281675
NGA,consumption,5,SSF,2018,2022,1,single_cross,dominance,0,1,-0.14429860413673476,-0.01237247407639741,-0.01353302625012387,-0.019491999217530087,-0.013600736626232679,-0.005675903609889302,-0.010560678359597314,-0.006067075266409205,-0.008243575055414842,-0.011159928613400483,-0.01816101320281549,-0.011939857562180689,-0.029588173947505902,-0.4116209297519111,-0.21164341983118673,-0.3896615433432067,-0.07832788760895579
NIC,consumption,0,LCN,1993,1998,0,dominance,dominance,1,1,-0.017365551578805708,-0.04053689907962399,-0.033948884437046356,-0.14160066932544146,-0.0749560524877857,-0.032904106698279395,-0.08925227731304053,-0.26430473566322243,-0.20099012163784624,-0.05121109018962189,-0.07184876120378808,-0.0729145010637921,-0.13288281828336856,-1.1720118717370003,-0.2994779931122884,-1.3764987191161158,-0.25174949198900176
NIC,consumption,0,LCN,1998,2001,0,dominance,dominance,1,1,-0.08681083174188696,-0.01994037276149785,-0.015383645903684129,-0.04160405246977589,-0.03096366283353219,-0.01560802432033409,-0.044520821260297494,-0.12364048530229077,-0.10646876449010811,-0.02230105986551728,-0.025491001238703404,-0.034081855894615654,-0.04017607133463641,-0.30368473211147595,-0.33937978792198686,-1.2107759763741637,-0.26648168006070594
NIC,income,0,LCN,1993,1998,2,multi_cross,dominance,0,-1,0.20525611287920392,-0.027583534555082334,-0.022807721801118674,-0.3288626401135176,-0.08713691071813723,-0.021918681870764123,-0.023738659853140054,0.12672425123133335,0.07682975912184653,-0.04802106040145382,-0.060221572904325504,-0.05105719199222136,-0.2628012252633998,-7.501545292699646,0.5086312812827476,2.4399500817417774,0.4338743540747678
NIC,income,0,LCN,1998,2001,1,single_cross,dominance,0,1,0.1692476374778432,-0.015134879933740963,-0.017673344861092843,-0.26643384855036467,-0.056376328185169855,-0.014028179723138995,-0.020112618808117433,0.009865077025834834,0.005834739571008329,-0.03337413366014158,-0.07240854503258798,-0.03228538535035286,-0.194836270268681,-2.9326750702830644,0.5340561292491919,2.0659420729516977,0.4557544894693206
NIC,income,1,LCN,2005,2009,0,dominance,dominance,1,1,-0.024827518800835415,-0.048544560629338984,-0.03171310950217354,-0.0933285945074746,-0.07750837955306283,-0.041417936021384494,-0.1296150750493189,-0.43600679425042577,-0.3425033661687793,-0.053557980701597174,-0.049005555154294334,-0.09148240003512503,-0.07388706018627056,-0.2856251052336729,-0.5194012536206203,-3.2358424437484654,-0.5308973028953474
NIC,income,1,LCN,2009,2014,1,single_cross,dominance,0,1,0.3158757759860376,0.02198890332584469,0.013424940052046197,0.029534927083389895,0.03378429655192822,0.0202574170908473,0.06805579179031279,0.2411987058494276,0.20065206501091848,0.023855961798403658,0.016539149540498732,0.04445522811755254,0.017022581135867743,-0.3487366113791257,1.651082515594498,5.846595034575627,1.5200318815604081
NLD,income,0,ECS,1983,1987,0,dominance,dominance,1,1,0.08389831602435885,-0.01593496656189969,-0.034309274659348854,-0.1393226678401427,-0.036089640231470904,-0.011519656274337507,-0.01838422150219239,-0.016172612345097315,-0.02945391567373612,-0.03143813370400339,-0.1386810776209892,-0.02381611756792261,-0.13438124898620307,-0.09713779135103096,0.2628509007167956,0.6078507014942396,-0.31005331459842367
NLD,income,0,ECS,1987,1990,0,dominance,dominance,-1,-1,0.20608850996881503,0.043099911607973496,0.06383085707805847,0.2884587898662394,0.0645479013651061,0.02505324210814191,0.052415026080280494,0.08115788875089122,0.13486174798875072,0.055440676452427284,0.241132923706822,0.0519851173421451,0.2036271154350801,0.5036216734004193,4.361079864722511,10.99792613938721,7.522452590856192
NLD,income,1,ECS,1993,1999,1,single_cross,dominance,0,1,0.16554837626794422,-0.023685238245772677,-0.043127697749824834,-0.3746795507697755,-0.05776010500580439,-0.016916412902335004,-0.02648801164941811,-0.022564656609924988,-0.04011018287296786,-0.0491038786194512,-0.2675831578361562,-0.035120829501445794,-0.24225330799938832,-0.43829676919638283,1.1608431133770232,2.4912139865650396,1.1066081222974553
NLD,income,2,ECS,2004,2005,0,dominance,dominance,1,1,0.010613233394720556,-0.007483919304423103,-0.012613897106015237,-0.030988935756504687,-0.012190462624274395,-0.004975800679037204,-0.010722397429514474,-0.0191433475828455,-0.03044160562907683,-0.010482648462445399,-0.032418297421249576,-0.010335181816070599,-0.03381344191504698,-0.0750403941327158,-0.2257134855381615,-1.2295484406409969,-0.651684711150196
NLD,income,2,ECS,2005,2006,1,single_cross,single_cross,0,1,0.060336804543136315,0.009898662291421279,0.009148599124627399,-0.0010182092621593142,0.009831051998134305,0.007400967367741609,0.023899423438642375,0.065986619741251,0.09947184110346807,0.008463738312484481,-0.0011156822278589051,0.015382548588433992,-0.0025653681243931747,-0.025358965253500454,1.4858344705484807,7.4797827676162285,1.7231111776849168
NLD,income,2,ECS,2006,2007,3,multi_cross,dominance,0,-1,0.04668987242530351,-0.004468224823433398,-0.004843325587354785,-0.002208120976915806,-0.005461558273105099,-0.0038093779866752997,-0.012238540133536785,-0.03577089983482329,-0.05206262541894202,-0.004691684213407182,-0.0024311064664238047,-0.00792528317582919,-0.001583981934308032,-0.017729308103699104,0.5340362239741658,-1.1306118960937326,1.3857173229088993
NLD,income,2,ECS,2007,2008,1,single_cross,single_cross,0,-1,-0.0012560190406183391,-0.0029376735920174646,-0.000694301912317008,0.008293697202511996,-0.0007231456485944088,-0.001517740426252412,-0.005788872258791711,-0.015860510232027114,-0.024445140908413765,-0.0006231325527392972,0.009049642015387771,-0.0031530660501011,0.009285690800266921,0.0934899955594557,-0.19131145997039312,-1.461180712782138,0.3733110684674621
NLD,income,2,ECS,2008,2009,0,dominance,dominance,1,1,-0.014592007079657583,-0.014107654070083131,-0.019179741688166718,-0.024097551600624795,-0.01649062506174409,-0.008434237270290398,-0.02109045378850488,-0.04143279139263509,-0.06880276348384973,-0.014332917929440414,-0.026926467244050678,-0.017475101992764613,-0.02942015722769753,-0.14352731840170296,-1.0489386536881824,-4.452915605468341,-1.5568386157853595
NLD,income,2,ECS,2009,2010,3,multi_cross,multi_cross,0,1,-0.012316275082894438,-0.00037192234779009903,-0.0014675378011090867,-0.007641576649351084,-0.001742414302343509,-0.0003653025537758009,-0.00013487941908640888,0.0011314352642118053,0.00198919741029302,-0.001528281345613891,-0.008956009394411907,-0.0007550966990756969,-0.00831155891103369,0.01569453304967361,-0.21528541770163834,-0.28402598006594815,-0.6865887133204787
NLD,income,2,ECS,2010,2011,2,multi_cross,single_cross,0,-1,-0.01159345534123226,-0.0009631899969885782,-0.0008031891668128788,0.0023439800726465787,0.0004731163773818159,0.0003794931625683007,0.0016640858624824006,0.006069079275488998,0.010553794805566397,0.0004152364221400029,0.002769501310606909,0.0007844322943358073,0.0007524847792860223,-0.06913669055792981,-0.23411197046512022,0.21747332756229554,-0.35387835909186904
NLD,income,2,ECS,2011,2012,0,dominance,dominance,1,1,-0.01396882186396364,-0.0012816589583772853,-0.0024634372218561573,-0.0051024582912825855,-0.002109928583146292,-0.0008361835378530996,-0.001719271006387607,-0.0028757899022080202,-0.004976707679094972,-0.001853321311641204,-0.006054467645661893,-0.0017282245598631008,-0.006135897120371825,-0.03227416738273048,-0.2843222146628239,-0.7207952860538747,-0.6570162693421224
NLD,income,2,ECS,2012,2013,0,dominance,dominance,-1,-1,-0.020442870559668612,0.004844382854730878,0.007696651650269115,0.010650921131117902,0.005657921860028198,0.0023271279213181034,0.004493615947834817,0.005076881601901506,0.008757168203505916,0.00496100850130779,0.012531462975886698,0.004811625630249505,0.014613627313202315,0.13996428011658146,-0.04608811485007358,-0.16799975855067473,-0.013265370932451503
NLD,income,2,ECS,2013,2014,0,dominance,dominance,-1,-1,0.016116734661644434,0.0052337583701128065,0.0065795485488445715,0.006238194501785699,0.005841638086127088,0.0033580652567743036,0.009178958773537083,0.020285578858600994,0.03375330473426641,0.005092729551314595,0.007152786595174404,0.006953789011329398,0.007399679399427372,-0.02520509687715755,0.5311549938259947,2.3535640534337006,0.7239938424461698
NLD,income,3,ECS,2015,2016,1,single_cross,single_cross,0,-1,0.03262378374081494,-0.0006483795843612028,7.088332043614365e-05,0.002135186514832188,-0.000285732152348811,-0.0006239623967396052,-0.0026106877283894048,-0.008244156364481503,-0.013861294437534477,-0.0002491176669494888,0.0024209949482265902,-0.0012917861849595091,0.0033470395355711946,0.03332952014112456,0.5029625014607291,0.3259793785758234,1.287118721039807
NLD,income,3,ECS,2016,2017,0,dominance,dominance,-1,-1,0.007910597358794826,0.003587338155364106,0.005071233930572405,0.011285078748316607,0.005931871695186303,0.003239057749473001,0.009191114826191005,0.023061270805222994,0.038002748465162495,0.005157173658637798,0.012541788216019006,0.006710509884451099,0.010383216093208414,-0.09451812983643215,0.34995141856615675,2.5696678196890304,0.6409142036065312
NLD,income,3,ECS,2017,2018,0,dominance,dominance,1,1,0.002129152818420039,-0.004141566576893574,-0.0062196743429224766,-0.013258692015240187,-0.006144756814948998,-0.0028535765391835,-0.006926213542338522,-0.014144254591398286,-0.02302421097607832,-0.005342825385933697,-0.014779037073726908,-0.005912501076137,-0.014315193768043633,-0.00905050105702232,-0.21351570175527712,-1.310276245755361,-0.4770520608879103
NLD,income,3,ECS,2018,2019,0,dominance,dominance,-1,-1,0.0376000426357849,0.011211860275994301,0.0151369287112878,0.017399825958209103,0.013610126041855408,0.007357708657329806,0.019638163312741208,0.04507022061866328,0.07062930984714166,0.01178989703930311,0.019277007823695014,0.015263372621249022,0.021146747856176207,0.11425500202092875,1.3535801758658685,5.824582231484172,2.289253320297476
NLD,income,3,ECS,2019,2020,0,dominance,dominance,1,1,0.023012865393029432,-0.03247133944346203,-0.039543789001293406,-0.03446409247240642,-0.029596487458811216,-0.015583572822705005,-0.0386577941792076,-0.07320971128902079,-0.11927254799282716,-0.02584472586486601,-0.03919071085919479,-0.032256641332493216,-0.046795295725528985,-0.39254514702680066,-1.65714587718157,-6.671082388326191,-0.8004843594872035
NLD,income,3,ECS,2020,2021,0,dominance,dominance,1,1,0.016886213790012684,-0.0024823986783982788,-0.004370821909470801,-0.004540630165816101,-0.003651684531723598,-0.002028135772267195,-0.005478098072968493,-0.012440634274314993,-0.022923430330905714,-0.0032421204800650028,-0.0054772813446961055,-0.004178369691184694,-0.005603180609231706,0.01884438901985641,0.12189570644957115,-0.8905273758803176,0.34298420040669697
NOR,income,0,ECS,1979,1986,0,dominance,dominance,1,1,0.2880013559311796,-0.022621003537241197,-0.03282048545294691,-0.0327092592792749,-0.020950068427091503,-0.009514433392586202,-0.0196893447328349,-0.023705515087844103,-0.04672810766237606,-0.018724319589843302,-0.04070678925783999,-0.01956814953775371,-0.046561256990030275,-0.372272959274218,1.6941097396113145,3.2652899349116673,2.6975234194660116
NOR,income,0,ECS,1986,1991,0,dominance,dominance,-1,-1,0.05912556587744981,0.005949499274849973,0.010878064752850802,0.01835006145397411,0.008692469967034905,0.004022078637373604,0.009336402055097698,0.0164066738479815,0.03279112103869947,0.007816618693354399,0.02335226303658408,0.00826012406099251,0.0209327236676064,0.02583712126147253,0.8084319552389232,2.4381360600894766,1.3683101052510196
NOR,income,0,ECS,1991,1995,0,dominance,dominance,-1,-1,0.014586392856369014,0.007870334882128294,0.013192010089050688,0.018607310811059097,0.0100920287406778,0.0049817191745637965,0.012281587763889504,0.02478471922936959,0.04592346395782676,0.008990330975316707,0.022342865835908193,0.010255305746001295,0.021106670954778084,0.06450680267935738,0.470567471250666,2.181168383585536,0.7689386340568696
NOR,income,0,ECS,1995,2000,1,single_cross,single_cross,0,1,0.19769676056822771,0.013302919643552014,0.013597254040875417,-0.003624850928317991,0.011675337507688913,0.0087296583905851,0.027427889021017393,0.07317868305382691,0.11773997608171027,0.01028822718439959,-0.004252400312104498,0.018036420962388,-0.0025961181967170954,-0.05068628093477434,2.983597520009326,10.882963188210447,4.391045644109591
NOR,income,1,ECS,2003,2004,0,dominance,dominance,-1,-1,0.05512696511567643,0.0390672159010339,0.04450310368093391,0.05710186833882999,0.0518434559211102,0.03212230337181611,0.10244933254450878,0.35357845333231763,0.40059581628001995,0.0441729089708609,0.06191099210601411,0.06714080840879261,0.05232695219983877,0.061537608459829585,3.01494564883785,24.468682821109617,3.737448638785331
NOR,income,1,ECS,2004,2005,0,dominance,dominance,1,1,0.02429019335341743,-0.009555462473054888,-0.009802241195522754,-0.016555816452670208,-0.014074356677258398,-0.009143476301403802,-0.03165900629998347,-0.12916185172114836,-0.126680288520035,-0.01176641339337639,-0.016897921996255727,-0.01923170779045341,-0.011702011025322367,-0.03296959272397704,-0.11440755478146869,-5.774100928784684,0.32688028280130865
NOR,income,1,ECS,2005,2006,1,single_cross,single_cross,0,-1,-0.04008990255280363,-0.042100169748976235,-0.04355769101543805,-0.025709071333598593,-0.04694461914510362,-0.032076982619283906,-0.10258635592655671,-0.3141025030260372,-0.4212656586054553,-0.04046576599357429,-0.027905613183920486,-0.06671457654032138,-0.020178056650154097,0.17763987332722264,-3.0077196438793123,-25.362537895182054,-1.9585478643605825
NOR,income,1,ECS,2006,2007,1,single_cross,single_cross,0,1,0.10008126548935128,0.0073154117152489095,0.005972860640290123,-0.007063999414771205,0.004666272775995517,0.004307445288727396,0.01423552439316339,0.0358542112351494,0.06327713138491864,0.00410783707614959,-0.008048906323899985,0.008891906846701506,-0.00839380567654513,-0.1783477305026242,1.9727953764193984,6.955188250172764,2.9324625727456812
NOR,income,1,ECS,2007,2008,1,single_cross,single_cross,0,-1,0.03523938681894207,-0.0008928970086991006,0.0005984029732555296,0.007135188808224696,-0.0007331073040633129,-0.0017443957151565964,-0.00736893940473049,-0.02357068477249949,-0.040789193871753504,-0.0006441042634329902,0.008129152420534885,-0.0036034340060032144,0.009808084729453215,0.2206822309192602,0.5348922678819754,-1.2661314542585629,1.8059989713457512
NOR,income,1,ECS,2008,2009,0,dominance,dominance,1,1,0.0010366408237263236,-0.008381390587026583,-0.012073153159415262,-0.0196406924896107,-0.009059671966641397,-0.0038017870475966983,-0.007635682683078196,-0.009303959346412316,-0.016947172704989688,-0.007998877593880904,-0.022809634115999483,-0.007841841813422096,-0.023668116832788882,-0.15613381583398933,-0.5115387583349822,-1.0335523841586252,-0.9375467575031706
NOR,income,1,ECS,2009,2010,1,single_cross,dominance,0,-1,0.003020816648674749,-0.00434001657013372,-0.005750544940256397,-0.00038247639375049713,-0.003337688254568802,-0.0019945638844761013,-0.005100232496394103,-0.00928853887570219,-0.017466525294169033,-0.0029651940311416075,-0.0004579547063305045,-0.004107804063943704,-0.0027565933143194055,-0.07030839860022597,-0.22491332683359389,-1.0028986195853662,-0.003969371842043046
NOR,income,1,ECS,2010,2011,0,dominance,dominance,1,1,0.04805756926270715,-0.0041862024377068985,-0.007287178554038043,-0.010687929672563184,-0.005939977252548093,-0.002980570797607801,-0.0074244979032540015,-0.014470738875703201,-0.02843878089266949,-0.0053016027758407,-0.01302008094213089,-0.006130406221851903,-0.012145548991712801,0.04744739346396365,0.5233951199694609,-0.258902506909628,1.2258804466498212
NOR,income,1,ECS,2011,2012,0,dominance,dominance,-1,-1,0.022783018600152437,0.004234373735136798,0.006905502563051336,0.007801208024309503,0.0048114940545470886,0.002294081904449602,0.005216704675588393,0.008338457273257396,0.016580447470962323,0.004296820229983803,0.009546120882373887,0.0047175863952828995,0.010232054594290885,0.03550443602842357,0.675109048019614,1.884501931874908,1.5083803378633505
NOR,income,1,ECS,2012,2013,0,dominance,dominance,-1,-1,0.048252399271316915,0.0063408950709940015,0.009220330401037757,0.01393310104689538,0.007100338290754002,0.0032904417484978035,0.007470445435905609,0.012280660730280002,0.023483827174164196,0.0063031862968544045,0.016485588024817005,0.006776527485779407,0.016291536700399206,0.07055508526251897,1.3164893776068034,3.3932340070751934,2.9522268866972112
NOR,income,1,ECS,2013,2014,1,single_cross,dominance,0,1,0.01577334668133246,0.0038812080332394916,0.006523926458860241,0.004834850344948405,0.0044547219930998055,0.0022449239762057996,0.0053128310279574875,0.009420639161416694,0.01733800043519651,0.003931805319293602,0.0055583709972387985,0.0046301253026234945,0.007872902676423488,0.026990782828619775,0.5801192817877698,1.8629709360267057,1.2178807426673615
NOR,income,1,ECS,2014,2015,0,dominance,dominance,-1,-1,0.011926197250437075,0.007442253039853908,0.009596947182666127,0.008676871718045098,0.0073938290242993865,0.004061671700996097,0.010502728862865213,0.020915373828150702,0.036670705255891445,0.006487368287106901,0.00977434314849751,0.008391227751466196,0.01076929901046031,0.10674755584906759,0.778309892401488,3.169522846676564,0.9805751862003973
NOR,income,1,ECS,2015,2016,0,dominance,dominance,-1,-1,-0.005054303291487364,0.00989324254447771,0.016063616814227633,0.04853330322610672,0.01667946489527941,0.007116056083954103,0.016538349561603882,0.0337053208666413,0.05471217509163295,0.014459652604424583,0.050322405069667564,0.014745497662659895,0.0459139075235363,0.07646008264063298,0.6203288760143266,3.7748443633752373,1.8565016659724982
NOR,income,1,ECS,2016,2017,0,dominance,dominance,1,1,-0.019642141848798006,-0.01494858592242232,-0.019762597023304518,-0.0278373939460351,-0.0177914230163862,-0.009841494702112,-0.026794071143421,-0.06096224414463719,-0.10299284404599096,-0.015432226308115984,-0.02799943686334766,-0.020378135368354283,-0.027212097760603404,-0.09412689736369684,-1.4737177383785571,-8.28275334497718,-1.9428348969380878
NOR,income,1,ECS,2017,2018,1,single_cross,single_cross,0,1,0.007834971919227808,0.005693927348805028,0.005596546148601944,-0.012693738247582798,0.0024609105745692916,0.0025401259885840938,0.007977875420294211,0.017642180708179106,0.03171521063080851,0.002150983556262906,-0.013530228227417729,0.005249394021362708,-0.008857189277539812,0.045315731632871614,0.5624480774474598,2.591350141363854,-0.16508886299880032
NOR,income,1,ECS,2018,2019,2,multi_cross,dominance,0,-1,0.026579028466277903,0.0018056566022267018,0.002527878415712892,0.0025826962126041797,0.002214298139088522,0.0012764320749668046,0.0035504374202169897,0.008294874549588688,0.014319136971926771,0.001930910407647285,0.0027937535178650386,0.002640550206056691,0.002889968457089831,0.033184920541876384,0.6687707602521016,2.1718123311642046,1.4530106631986683
NOR,income,2,ECS,2020,2021,1,single_cross,single_cross,0,1,0.03139907233075415,0.006897879673348262,0.003966536502709728,-0.016251404999327895,0.004987465520848611,0.005853164786947099,0.021817198599999893,0.06765787358659137,0.10133261372404267,0.004298274664164603,-0.017126168716775803,0.012157186324323693,-0.019321239671640233,-0.09063860108529243,1.1583873545523282,8.901853776286842,0.30039957481840673
NOR,income,3,ECS,2022,2023,0,dominance,dominance,1,1,0.022456472157744975,-0.0041465368367573086,-0.006355803962778017,-0.0266227826265176,-0.007245221557705683,-0.0028200620577921026,-0.006128584022256203,-0.010884362630924793,-0.019524471120968,-0.006373126752696398,-0.029706541352115395,-0.005821131610242294,-0.023540644043047898,-0.062076743304308124,0.13503735289853225,-0.5102073005586263,0.0027916095644826555
NPL,consumption,1,SAS,1995,2003,0,dominance,dominance,-1,-1,0.3731493760900465,0.08547276894187061,0.07283014570130542,0.12184980293322428,0.11200416237754918,0.0588853334770338,0.1631969632039804,0.4170120079834004,0.39429754992505706,0.08642052802693231,0.10073571568891843,0.12651912931244258,0.13839503101353562,1.0830467427034387,0.7320727665950539,2.4857000197282986,0.4174008538278321
PAK,consumption,0,MEA,1987,1990,1,single_cross,single_cross,0,-1,0.016027435222152688,-0.000676734591598227,0.001939163420673129,0.0035521372214379066,-0.0005982536426817064,-0.001360376823650311,-0.005862509098912089,-0.0183410935594579,-0.023894440891925828,-0.0004990747700830134,0.0036805399687420692,-0.0028547935671009994,0.007291249947192935,0.14159792714924313,0.010023638644021227,-0.024962015395505244,-0.001947274701909002
PAK,consumption,0,MEA,1990,1996,1,single_cross,dominance,0,1,0.4768903594012558,-0.04590796948983,-0.06411048230196703,-0.06411520651613958,-0.0456561969756448,-0.01974342797063039,-0.03865846994265679,-0.03586256546309641,-0.04905186975971798,-0.038981786290210596,-0.07279566511182758,-0.04119420983687891,-0.09961924393498461,-1.0156718491737302,0.2802465363155976,0.8307179679615426,0.111744303599814
PAK,consumption,0,MEA,1996,1998,0,dominance,dominance,-1,-1,-0.005185506585581777,0.04458539145631091,0.054683570994605746,0.05038629430513969,0.04570534880363361,0.023537006217336398,0.05826242774893328,0.11338886066643739,0.1454941365566581,0.03902280095509039,0.05835843369368873,0.0491604938562151,0.07175202327348851,0.5480772569483445,0.14992629003367797,0.4933749148667066,0.07750645452205773
PAK,consumption,1,MEA,2001,2004,0,dominance,dominance,-1,-1,0.198532304015236,0.02232067589504899,0.028563659736699276,0.02507762172362718,0.021728544226207097,0.010821662702029403,0.025249318032017187,0.04146243874479108,0.05923907814981544,0.018797195205138423,0.0299969161660055,0.022504227413390504,0.03738115168454781,0.3221353997982006,0.2784859574929678,0.6782123716319877,0.11152167635973959
PAK,consumption,1,MEA,2004,2005,1,single_cross,single_cross,0,1,0.007461688992466476,0.0037289992002644268,0.00015541363091409188,-0.0008403611060104899,0.0046342528895247925,0.003997503556127602,0.0142436776448161,0.04456012779953711,0.05871711026217197,0.003956483756896889,-0.0009682018094460954,0.008346490023396408,-0.004579648563396821,-0.09661797594897692,0.02287448655128488,0.2435660850007375,0.02954983352058682
PAK,consumption,1,MEA,2005,2007,0,dominance,dominance,1,1,0.04650551661892643,-0.015890540164938738,-0.01925104404572464,-0.016961033326467395,-0.0176941718055304,-0.0100422422875963,-0.0276044502070317,-0.0656361034764989,-0.08820250022661913,-0.015205513799786408,-0.020083600973851895,-0.02093307241290751,-0.021845951255765772,-0.10375725077269893,-0.006739819171159844,-0.20839064232332039,-0.022690661882975804
PAK,consumption,1,MEA,2007,2010,1,single_cross,dominance,0,-1,0.07611919055509643,-0.008878050685408312,-0.009742435641814873,-0.007673922816094719,-0.007400336269638708,-0.0036856136815073964,-0.0082309382572682,-0.010908060030548783,-0.01575918526768816,-0.0064397179014761,-0.009439945352044593,-0.007654161424035993,-0.012285381153135294,-0.17909069477812034,0.05518582028966845,0.15261121308265224,0.025606804542675998
PAK,consumption,1,MEA,2010,2011,1,single_cross,dominance,0,1,0.023350495572805878,0.009151090203920631,0.010308316475359347,0.008137605833046901,0.008210013141475209,0.004313221986139995,0.010494404942058194,0.018672551670303406,0.026764007457775518,0.0071414047903675115,0.010003105529600598,0.008959075179114012,0.012288587340533397,0.14659036160647343,0.06938442822599189,0.18700655885825812,0.034053715758438685
PAK,consumption,1,MEA,2011,2013,1,single_cross,single_cross,0,-1,0.06213907837164008,-0.0016937212640510957,0.001122787066122899,0.0011528123697880088,-0.0014062936760693978,-0.0012949295926975024,-0.00423011063167289,-0.009214676333405114,-0.013079437278485262,-0.001219094099345508,0.0013966133892930888,-0.0026919129601306047,0.002491618279622687,0.06567165450386492,0.07569229354440687,0.13915627040415846,0.028106717781899437
PAK,consumption,1,MEA,2013,2015,0,dominance,dominance,-1,-1,0.089751566161212,0.0176229954680448,0.017798215214421598,0.015403547311803212,0.01745554143256589,0.009813268787504811,0.025792116870603704,0.05234947602484541,0.07135446884145524,0.01501118431959661,0.018191894314756818,0.0204470925582676,0.02100746862291933,0.07920299578550871,0.21971611912010647,0.6714472634085538,0.12963829844524766
PAK,consumption,1,MEA,2015,2018,0,dominance,dominance,1,1,-0.027656241993229056,-0.017039804384940127,-0.019001493758594168,-0.016596614861464215,-0.017054659595124783,-0.009241908415077105,-0.023636706761318294,-0.0466180295441595,-0.06319069473535444,-0.014663491377231497,-0.019637366853790805,-0.019259574849287614,-0.023315575427522217,-0.13096881051518805,-0.12841403410889507,-0.42174433343623763,-0.08079458383889909
PAK,consumption,1,MEA,2018,2024,0,dominance,dominance,-1,-1,0.00022875938780514066,0.03946576934868212,0.05336884843766965,0.0555412262824134,0.0425122732141798,0.020087248815056594,0.04575276690449678,0.07644864713024369,0.10103465804116318,0.036091759149673,0.062047169251505996,0.041984874755328,0.0807903532366876,0.672155961810097,0.19674289517174537,0.5036153547314424,0.10528999395342914
PAN,income,3,LCN,1995,1997,2,multi_cross,single_cross,0,-1,0.03538027527406769,0.004681501314610759,-0.000677888083066458,-0.531040297957456,-0.025911572052035314,0.0024764307483546855,0.029772303631194985,0.17738985011370922,0.11840786041728446,-0.012203686571691241,-0.02170798388139683,0.005866212579323626,-0.20625339747126792,-12.487398152284783,0.41485857358475364,2.827063561080461,0.4203615169697992
PAN,income,3,LCN,1997,1998,2,multi_cross,single_cross,0,1,-0.04317494991446649,-0.007710493305445043,-0.0032906439620190575,0.10809481658946263,-0.007653550185386493,-0.006987845927109215,-0.028153384234475998,-0.12755015796605362,-0.08417816179767224,-0.0036655377893283214,0.004976600391881858,-0.016526847328033334,0.04227549585191692,2.645793420093714,-0.5360523692920278,-2.4578032954545606,-0.579596420577781
PAN,income,3,LCN,1998,1999,1,single_cross,dominance,0,-1,0.0493244567698591,-0.01009817797252266,-0.006583357013424385,-0.16751235835044298,-0.03683813665886937,-0.011557469105040463,-0.03009653110702648,-0.0896388542546872,-0.062159784778409444,-0.018040857034425928,-0.007856124637755757,-0.027159012477108835,-0.09485060707157555,-6.408512800765532,0.295445993148828,0.14760130633066026,0.359059359328592
PAN,income,3,LCN,1999,2000,2,multi_cross,single_cross,0,-1,0.06025437466396139,0.0023648664791197094,-0.001579079876251499,-0.6041149101107259,-0.030879833731087936,-0.0006050871299523308,0.013959403164409467,0.08025598880614038,0.05577670880391561,-0.0156434281864673,-0.03681125444380928,-0.0014159578358112768,-0.21676966683095666,-4.100033413247967,0.6331670039239299,2.480478089895449,0.6883918197215344
PAN,income,4,LCN,2001,2002,1,single_cross,single_cross,0,1,0.0884487017398577,-0.006210658634859922,-0.009670924959141014,-0.6736633419196598,-0.06376810956081636,-0.0103848323761207,-0.007515809383797589,0.02651452142127453,0.0186150906807927,-0.03355029377573909,-0.0747864465617325,-0.024223254111904513,-0.303957698062568,-6.373433948954531,0.7202484155983573,2.3865465963699606,0.7883596039558087
PAN,income,4,LCN,2002,2003,1,single_cross,single_cross,0,-1,0.017109014773832115,-0.004387774562852442,-0.0013934823437730115,0.07662044323028949,-0.0031876289130016167,-0.0038018783956617064,-0.01488104641661947,-0.05296412042852361,-0.03743185189751319,-0.0017339093927039029,0.011194988733845612,-0.008825591007615152,0.027954739837792175,1.0807056454976802,0.08984100490241609,-0.23000317041392648,0.12609132440125848
PAN,income,4,LCN,2003,2004,0,dominance,dominance,1,1,0.017712519794557586,-0.008724765515161437,-0.005671927786998432,-0.157124324256819,-0.026497023839151868,-0.009851301324871997,-0.030150155161576153,-0.11008503890037957,-0.08120587225714271,-0.01462898516762351,-0.024024777627873806,-0.022764244900748576,-0.06489197977787775,-1.130909486235847,0.018570333502120562,-1.012251026399202,0.05687465107412493
PAN,income,4,LCN,2004,2005,2,multi_cross,dominance,0,-1,-0.013095643996261614,-0.009724933522473611,-0.005890456411906553,-0.049576946625870644,-0.02209600272689849,-0.008307661768080399,-0.01965965976346118,-0.030583681320685452,-0.02346646863718016,-0.012499101353767195,-0.008512086125283758,-0.019081901667307832,-0.04046326102841635,-0.5433394946443215,-0.29855557243095987,-0.7190214860167323,-0.3277832895104309
PAN,income,4,LCN,2005,2006,0,dominance,dominance,-1,-1,0.012870516988255021,0.008314961469693571,0.006255698041584989,0.15950776220488883,0.02832731013042533,0.00931255161514219,0.024611458607275205,0.07375430161470697,0.05589533405102909,0.015974342310492606,0.025751629075623672,0.021397148935932364,0.0811519938118117,1.0510474300710584,0.27118579365435913,1.2926236057523681,0.2890349096689677
PAN,income,4,LCN,2006,2007,0,dominance,dominance,1,1,0.04411481767112241,-0.019506943690460243,-0.014915221433636106,-0.35020333633844636,-0.061711279669711905,-0.018630070572602797,-0.03989522569427817,-0.07047163790323918,-0.053356202276467535,-0.035390429142244884,-0.06376852237396635,-0.04267531103839023,-0.18685944101062657,-3.378195783114462,0.07571881092718691,0.08944572116473992,0.11045312490533199
PAN,income,5,LCN,2008,2009,0,dominance,dominance,1,1,0.0027202305072901696,-0.009074633095375484,-0.008923065407352548,-0.11358318925242505,-0.0304501914527035,-0.01034542426100929,-0.027077635069590378,-0.09519977988176342,-0.06979052080024184,-0.01850013095643821,-0.03287334997816582,-0.023501808415621606,-0.08312429806434807,-1.9381522022015556,-0.17231716658129947,-1.4875209512706355,-0.19689544937253878
PAN,income,5,LCN,2009,2010,2,multi_cross,single_cross,0,-1,0.023704167458953037,-0.0016754444141756641,0.002355985195229726,0.08053737469366284,0.009117803496321464,0.0006001455284166124,-0.0020335922104249837,-0.0008616656761863961,-0.0006484249803859754,0.00559876189916908,0.023884308960136047,0.0013590840906783641,0.05578961009175876,1.1440649759039765,0.24109639147914663,0.7037385675065799,0.3459925349085964
PAN,income,5,LCN,2010,2011,3,multi_cross,single_cross,0,-1,0.10155033664308943,-0.0025861818908500256,-0.002623984171642779,-0.02858077100722478,-0.008405916960835591,-0.0027455892693059036,-0.006706813757326235,-0.02432740177215731,-0.018439411044362197,-0.005159790347853799,-0.008139992352572456,-0.006213367462581054,-0.023470101782700814,-0.7912937454633013,1.2063239294837071,2.806596511449772,1.4998310095058276
PAN,income,5,LCN,2011,2012,2,multi_cross,dominance,0,-1,0.012039336021189766,0.003898532568953339,0.005120547351821103,0.1007214505695907,0.018079246667101923,0.004196500037421197,0.005635723251728397,0.00239544582049267,0.0018271766440094428,0.011044126939548204,0.027219997827147124,0.009501249253280886,0.06997643876406001,1.8064384223049093,0.2596090035199623,0.4526674700823534,0.3682024561570003
PAN,income,5,LCN,2012,2013,0,dominance,dominance,1,1,0.03528399827499892,-0.002757722985076594,-0.0037146296246503008,-0.09076762769461044,-0.015042165214036507,-0.004383670625672215,-0.011566738584863012,-0.0469225746049009,-0.036267556534950396,-0.009174873811511386,-0.024345100815487575,-0.009924425816160432,-0.0543131932073444,-1.36745153271327,0.4063042610476355,0.24685313234379436,0.5159561185669528
PAN,income,5,LCN,2013,2014,2,multi_cross,single_cross,0,-1,0.0046112976986045565,-0.009932702453714692,-0.004348669291395546,0.04117452265285948,-0.009836756419429105,-0.006354372748419296,-0.01778106464825019,-0.0291843423761724,-0.023086831856743872,-0.0060749360220190285,0.011445710056320002,-0.014336786872150176,0.01546481827071644,0.24046445937581673,-0.2036284125261627,-0.4633589278670911,-0.13482291728581153
PAN,income,5,LCN,2014,2015,1,single_cross,single_cross,0,1,0.08831268654328978,0.00334587009738041,-0.00015380999619130087,-0.0719641180325441,-0.003064751769789431,0.0017831051908030193,0.009425455659616389,0.03423257449189676,0.02703807581004547,-0.0019049564062204039,-0.020482106964611835,0.004017210441927599,-0.04284200276410366,-0.29629851679896113,1.351537807921627,3.907095154558178,1.6727678944140276
PAN,income,5,LCN,2015,2016,1,single_cross,single_cross,0,-1,0.04965940724748456,-0.0038668154959685674,-0.0003297156944360724,0.028709645037599874,-0.0018723321784436808,-0.004540332707562017,-0.02238442386596906,-0.09967940549366694,-0.08042593902430828,-0.0011666608005646006,0.008439245695209485,-0.010220123429652617,0.030958764113280246,0.9218187153686408,0.6403936335752789,-0.5694592999958346,1.0521027203052125
PAN,income,5,LCN,2016,2017,2,multi_cross,dominance,0,-1,-0.005555859615699776,-0.005295518942772859,-0.0032279545232802853,0.0408715902041592,-0.00518923808724131,-0.0012900248351170873,0.0047988998226310975,0.06770465244507062,0.0551891211370279,-0.0032448836265919767,0.011399366982474901,-0.002898449534871672,-0.0033630412428665712,-1.277711715793993,-0.24892313544510358,1.4902463598180304,-0.3251634750576091
PAN,income,5,LCN,2017,2018,0,dominance,dominance,1,1,0.05280253481261966,-0.006737664302843505,-0.00546535054500541,-0.09114379248416182,-0.018231830840335583,-0.006660113796521511,-0.017774321461158538,-0.05252415466459737,-0.04259618509917873,-0.01153498834089628,-0.026428182718449267,-0.014926692673884911,-0.049868583434789615,-0.45842605484597065,0.6122364373277875,0.7099130339969904,0.921624138928065
PAN,income,5,LCN,2018,2019,2,multi_cross,single_cross,0,1,0.033664307398283376,0.0062819605426510106,0.0027323619001842214,-0.007749639271906306,0.006797874692211769,0.004235810909538312,0.01241965032457254,0.022866197523944143,0.0187253429712273,0.004325513833648265,-0.002423377018568207,0.009486099138772186,-0.004685810192759821,0.2281793550922675,0.7557601851714768,1.9709134080630264,0.8685247739594928
PAN,income,5,LCN,2019,2021,2,multi_cross,single_cross,0,-1,-0.08173228160033266,0.010175772588547294,0.0043294854418011175,0.010641023320613119,0.01320695710045694,0.0077520679117266955,0.024435705024533183,0.06441911910127684,0.051283361384645065,0.008320044395596193,0.003319968774986637,0.017426400869164027,0.0005993213544690512,-0.3596572618106677,-0.9952772943189956,-1.6517885212234162,-1.6155783945440767
PAN,income,5,LCN,2021,2023,2,multi_cross,dominance,0,1,-0.02409340436042802,-0.019790688270893142,-0.010793361711582627,-0.0472552652257443,-0.03145606115110783,-0.015938476140708813,-0.04692978325187552,-0.11946366770781669,-0.09686097308459174,-0.01999883551341869,-0.015184536301056428,-0.035737245921318495,-0.028586628445344098,-0.14709205477413256,-0.9698201930042707,-3.8605418677895216,-0.9241096276596412
PAN,income,5,LCN,2023,2024,2,multi_cross,single_cross,0,1,0.04917963087140959,0.008605936172977502,0.005450430365009251,0.002771581310048399,0.012791039979704433,0.0053311687542595965,0.01052642906263962,0.0007059141913703382,0.0005955979859850746,0.008208132107842991,0.0009228857306240457,0.011913769956163556,0.01608392179600493,0.4017783858875621,1.0143525697446378,1.8186927781091171,1.2990872789546177
PER,consumption,0,LCN,1985,1994,0,dominance,dominance,1,1,-0.7210699768144876,-0.016038407111936492,-0.009932155705208001,-0.026255955725656366,-0.022284225517185008,-0.012070150374084099,-0.03544877630614002,-0.08939988248142061,-0.08244108028829045,-0.0157078054352478,-0.013654518606850186,-0.026411374174801328,-0.020003003279949305,-0.3187535014479712,-3.232262846457693,-8.256239289198096,-2.8986626005847738
PER,income,1,LCN,1997,1998,0,dominance,dominance,-1,-1,0.048434903118923435,0.018563969633568878,0.008368280506524828,0.057527585845991935,0.033050871289413086,0.016902917738264578,0.05483541671054737,0.1728628968630166,0.11599064913675461,0.01903746973732323,0.012661225684609034,0.03890177700488984,0.022328564712887022,0.5610848677559233,0.39266930774047637,1.6498259402482667,0.3988501731550289
PER,income,1,LCN,1998,1999,2,multi_cross,single_cross,0,1,-0.024013366272764472,-0.0027959875268519507,-0.0017606251120292349,-0.022596693792751976,-0.00669611206687204,-0.002524655226067596,-0.0072329651228967284,-0.028049463486759407,-0.01822339039399945,-0.0038063367487591315,-0.004858531249775089,-0.005838217237407406,-0.013990325930323122,-0.8244986911436847,-0.14186282821979113,-0.48969250208274495,-0.12702222461489399
PER,income,2,LCN,2000,2001,2,multi_cross,dominance,0,-1,0.009820939342800712,0.022129169475533172,0.012630169050716011,0.04588976451274096,0.03706154216811319,0.019399937384264904,0.062126926919976955,0.2112893872030268,0.1679409179413629,0.023270125651899898,0.013924744680678947,0.04360529767654947,0.029331173196551208,0.49194131161265453,0.21002575361785025,1.399637328544788,0.21406114400096543
PER,income,2,LCN,2001,2002,0,dominance,dominance,-1,-1,0.14373637673402553,0.02259391821949419,0.0123971747903463,0.07560516600790046,0.044084134188327406,0.022426044872816603,0.07566360955626228,0.29416341781216815,0.20372152970413437,0.026579530729183565,0.020925311996881635,0.05108666711035298,0.041113738939195565,0.3456527760096506,0.8216606477261079,3.453324405007784,0.765397620043704
PER,income,2,LCN,2002,2003,2,multi_cross,single_cross,0,1,0.03651068960114364,-0.004833182834786953,-0.007910140630970619,-0.12778802024779656,-0.02535304476435385,-0.006136581316939116,-0.011421036626897751,-0.048487048711128855,-0.03169163656731011,-0.015142729936337473,-0.036839049129431034,-0.014053267580509898,-0.09424111787544653,-1.6130469303701123,0.13410548137385714,0.22167448419039992,0.13602564022314345
PER,income,3,LCN,2004,2005,1,single_cross,dominance,0,-1,-0.04426993875753622,0.005735744024109202,0.004696543156365585,0.038695092219222404,0.013539664950075192,0.0049120536409272,0.011109884684770477,0.018256519567887652,0.014205173852629871,0.008576800471769286,0.013011217497685523,0.011036143644981511,0.03178568023713746,0.3100935653200292,-0.13693767488872233,-0.3552090934602834,-0.11340418108318984
PER,income,3,LCN,2005,2006,3,multi_cross,single_cross,0,1,0.11818889820524692,-0.0012187877944420666,0.0006706396049679375,0.019791059409886236,0.002033755484059707,-0.0005788414557046095,-0.004097287940735772,-0.012875658045728544,-0.010002036151149252,0.0012782952014737115,0.0063455274745460866,-0.0013022905520930217,0.0186245111941431,0.47211347607350795,0.5036102114580663,1.2278161661187976,0.43383959942136263
PER,income,3,LCN,2006,2007,5,multi_cross,single_cross,0,-1,0.11675689687378167,-0.0031199281209324248,-0.0014883734381857527,0.0059293226597099125,-0.003732597896900891,-0.0021414238053867884,-0.006090624784769794,-0.012790586968634665,-0.010013802017541984,-0.002348079002173209,0.001862430218497968,-0.004813683812466607,0.0012498179189983638,-0.044044036493284366,0.5384203660909614,1.3514722068214216,0.4928441220330728
PER,income,3,LCN,2007,2008,0,dominance,dominance,1,1,0.036757945195047326,-0.025279271808188286,-0.01745859404264738,-0.09521369792613599,-0.04740864331254868,-0.02093525527157991,-0.05728389236455833,-0.15300415521602195,-0.12655301113394457,-0.030598816066788603,-0.032190470963104345,-0.046721853533756796,-0.07729382638443416,-1.0214090761391947,-0.07730750285313803,-0.8610957500529448,-0.08953627674186615
PER,income,3,LCN,2008,2009,0,dominance,dominance,1,1,0.04251425213727087,-0.004799775848612409,-0.005428631153720498,-0.045004387069737195,-0.013947796950115998,-0.004458256866504001,-0.008723179300200279,-0.01565132697376459,-0.013742924107292165,-0.009281943992554276,-0.017112766408158397,-0.009871703330316173,-0.04092244966601777,-0.707574725394597,0.16662203626662375,0.37825222119927737,0.16062314253525445
PER,income,3,LCN,2009,2010,1,single_cross,dominance,0,1,0.045381848530317535,-0.01469333768070119,-0.012158799054895364,-0.065469830915867,-0.02735032039814561,-0.010361532109433191,-0.021982667537708833,-0.02829479057855222,-0.025277784782856028,-0.018581190400162095,-0.027491789618462326,-0.02283964731942939,-0.06192985751236035,-0.9593011899775892,0.0717015399136276,0.29086931070258615,0.06930081191894866
PER,income,3,LCN,2010,2011,3,multi_cross,dominance,0,-1,0.03300621025472964,-0.008743153312619822,-0.00589559789747518,-0.014874618930806882,-0.012322123661933693,-0.00620039165261041,-0.017399030337127253,-0.04557064288343682,-0.041972393523175944,-0.008538874908876615,-0.006726731965219446,-0.01359908880237315,-0.014115773603041393,-0.11763095466807982,0.07269517682756543,-0.07279182643690163,0.07134967013728977
PER,income,3,LCN,2011,2012,1,single_cross,single_cross,0,-1,0.053764173990470954,-0.0021918764206155794,-0.0009039977533704668,0.010124525715812904,-0.0016616922212924212,-0.0018981353338924922,-0.007549699386991515,-0.02793347075379593,-0.02656637649098026,-0.0011595768187270261,0.004599233232446487,-0.004153003677234202,0.008381479833305061,0.08442933068787895,0.26923550558467024,0.3709147103418804,0.2695393345111796
PER,income,3,LCN,2012,2013,0,dominance,dominance,1,1,0.009887572538499478,-0.005565270052129534,-0.005202660108869939,-0.029897215216493356,-0.01150646642750458,-0.004662761051514391,-0.011363605910184982,-0.024164593521529554,-0.023542944248636122,-0.008082629799722574,-0.013843470581738737,-0.010181876242986387,-0.026179574121553917,-0.28999496421150006,-0.015352713803191698,-0.1711816898647669,-0.01713641651472786
PER,income,3,LCN,2013,2014,0,dominance,dominance,1,1,0.004967867073508639,-0.007416092015516185,-0.006576973286731125,-0.027929643974452356,-0.013176327080296812,-0.005544043217725697,-0.013461716975554039,-0.028744595044599475,-0.0287369813238727,-0.0093705617374496,-0.013682974528707814,-0.012069641468750003,-0.02720115782493282,-0.329678020184236,-0.06766872675932945,-0.3060172268435064,-0.06716944833207306
PER,income,3,LCN,2014,2015,2,multi_cross,multi_cross,0,-1,0.009529200465073173,0.0021691267412651816,0.0008671250756957516,0.0009269172166546102,0.002290325821725503,0.00182020941962599,0.006595164269929732,0.019563394512912113,0.01964748189771126,0.0016376811387183166,0.0004663999728479751,0.003958312390592411,-0.0023198694610887527,-0.10002776806696723,0.08155047607445987,0.37786414506511434,0.08444374872082694
PER,income,3,LCN,2015,2016,2,multi_cross,single_cross,0,1,0.033657566459868934,0.00282619121227512,0.0028226841698167915,0.009173504473189598,0.004778757537759304,0.0015679944953133074,0.002201720555950859,-0.0012573697375535264,-0.0012512158471753576,0.0034049627115390058,0.004569540258218929,0.0034132538115443922,0.012481744747164347,0.23079635754928418,0.23137708981797633,0.4316613490617556,0.234209155030908
PER,income,3,LCN,2016,2017,0,dominance,dominance,1,1,-0.014543928961792345,-0.003458666975848179,-0.003094507994859552,-0.012513650769149676,-0.006060285798433818,-0.0024488922576442196,-0.0054663938050169,-0.008705297752067409,-0.008705821759387944,-0.0043208481258037446,-0.006254293085947993,-0.0053294270647454844,-0.013057178997836094,-0.2723229583709852,-0.1308107617502685,-0.3110573029013235,-0.13444363629968592
PER,income,3,LCN,2017,2018,0,dominance,dominance,1,1,0.025967604715144862,-0.009234841960736817,-0.0089933332068024,-0.03718953943495151,-0.017577909037096107,-0.007634897360276477,-0.0196229011753134,-0.048641456722762266,-0.050118570613498004,-0.012681803042345008,-0.019552825929247397,-0.016566187469801597,-0.035823585674777614,-0.37606788451096307,0.025310470907032645,-0.33531817903561034,0.028335927066324818
PER,income,3,LCN,2018,2019,0,dominance,dominance,1,1,0.01331594000835255,-0.008381917117663673,-0.007909167717952137,-0.02775271557318032,-0.013783285429679104,-0.00552269451520801,-0.011779442655494465,-0.016426675964151205,-0.01753675330020521,-0.0101012328972373,-0.015611296019364618,-0.011936992219668596,-0.030657426352940553,-0.42006612153127953,-0.038410372614841926,-0.06949238265729996,-0.036694852712648274
PER,income,3,LCN,2019,2020,0,dominance,dominance,-1,-1,-0.23788374668002676,0.022087668494327084,0.018767566799740676,0.06982828509630501,0.03511176629902013,0.015624943839568806,0.03881604844074238,0.07971162006521582,0.0822566490712805,0.025460197135172336,0.03762479651490669,0.03387280924315267,0.06580275069008834,0.7125677065855545,-0.9734240841157868,-1.8180660802730149,-0.9593967862839836
PER,income,3,LCN,2020,2021,0,dominance,dominance,1,1,0.10763248594221414,-0.036150610214358114,-0.03519506291505925,-0.1311846415722761,-0.0610408310907431,-0.02471648015725761,-0.054730187025737065,-0.09000012713352912,-0.09341126442409009,-0.04484407403177382,-0.07568317510544947,-0.05344037270104618,-0.1365160874739143,-1.673473305065901,0.10259126948376451,0.11728165013603586,0.0950122805844118
PER,income,3,LCN,2021,2022,1,single_cross,dominance,0,-1,0.024871279895253787,0.002259128702239932,0.002558789957337382,0.01222623377409121,0.004146461955741976,0.0014776664668159079,0.002783366862007197,0.002549717962946285,0.002776970074816254,0.0031336439700841157,0.008007189038670481,0.0031733588877163044,0.011807498838259267,0.09053644217084411,0.15056135078528143,0.31451419330819697,0.14514281195671153
PER,income,3,LCN,2022,2023,1,single_cross,single_cross,0,-1,-0.0019580925319039803,0.003109952250801684,0.005140417783878637,0.02846534063729672,0.007936217987234706,0.0018515312446293897,0.0006421604347096599,-0.011172542767300009,-0.012231305664469061,0.005961597672204416,0.017807359305279713,0.003980072697164994,0.030754890834572834,0.3255780620716031,0.028781650031809214,-0.17413587482206871,0.02497665730845844
PER,income,3,LCN,2023,2024,1,single_cross,dominance,0,1,0.024729665780733805,-0.005320035974205606,-0.005397097119913763,-0.021385414960764626,-0.008652563912241784,-0.003268986239810895,-0.006434633266348577,-0.007002493735628668,-0.007750861132733378,-0.006502040328695835,-0.013271509324088493,-0.007024177402404186,-0.022048133673068793,-0.15672028610312871,0.05859217875687861,0.18330519965482317,0.05947697513454697
PHL,consumption,0,EAS,1985,1988,3,multi_cross,multi_cross,0,-1,0.048027983658925535,-0.002939458165372777,0.0010682797388228416,0.0049374130580854825,-0.003100572589400774,-0.0031366431633091107,-0.01229642364819028,-0.0426451115770658,-0.04291219873466101,-0.0023581126785834072,0.003762391520647501,-0.006749474702395342,0.008601959067563614,-0.06638152515384288,0.07466338765760017,0.0215142286645289,0.025072845065352567
PHL,consumption,0,EAS,1988,1991,1,single_cross,dominance,0,1,0.06919528691017732,0.03081362687990369,0.023243655646315364,0.04961962364001271,0.0427239334211339,0.020943476031235808,0.0538565524106564,0.11032046611569352,0.1075166284674689,0.031858302538097516,0.0354182288134377,0.04530135612160985,0.059195166203216354,0.8819055585832984,0.28500655931796826,0.8472048601720203,0.19772927976377197
PHL,consumption,0,EAS,1991,1994,1,single_cross,dominance,0,-1,0.013785632044586521,-0.009310598767687694,-0.006165703480141005,-0.012562087931975496,-0.0135348485336233,-0.007777214567399188,-0.024093399803498228,-0.07078711071670596,-0.06767413946295386,-0.009945732132970286,-0.008575627421661014,-0.016887213072253326,-0.010313242008492485,-0.014579724336075905,-0.016498232369382748,-0.2633333659859671,-0.03250369336054937
PHL,consumption,3,EAS,2003,2006,0,dominance,dominance,-1,-1,0.017461107686489473,0.013623463067712505,0.012252574586160914,0.0284690927141919,0.01978240397431069,0.008743631373993893,0.0202728653750458,0.035950674916020275,0.03648304791184909,0.014767692220657797,0.020017560496405518,0.018888738747556977,0.035686165488398425,0.4178090393438243,0.12748186819468055,0.32617281098644124,0.08925056994222968
PHL,consumption,3,EAS,2006,2009,0,dominance,dominance,1,1,0.04814186491323847,-0.01096368781430973,-0.010876794023900849,-0.026573947156815103,-0.016825908421685076,-0.007131652819557993,-0.015989871685355095,-0.02736839436358679,-0.02764974963528355,-0.012542038617613382,-0.01864241123140381,-0.015413637183905371,-0.03326643727559342,-0.38434139020626645,0.058964772060694504,0.12554419165010877,0.04255671810707584
PHL,consumption,3,EAS,2009,2012,0,dominance,dominance,-1,-1,-0.015187859805866958,0.0046468295974559926,0.004698115671909364,0.011075375854407488,0.007149317988177362,0.003117888562189808,0.007266299488802197,0.013385130985375415,0.013619258779108634,0.0053548988737197045,0.007912698822974407,0.006730796301786468,0.013624622533315867,0.0992899357483692,-0.01102556835754065,-0.00834275163631748,-0.006681854509315022
PHL,consumption,4,EAS,2015,2018,0,dominance,dominance,1,1,0.04187941536313499,-0.025383657592999986,-0.024615773850884093,-0.04518351311282809,-0.03323627517128652,-0.015221002430429495,-0.035122123730974675,-0.0568642470231997,-0.06304989004877304,-0.025894252349004887,-0.03676418501088613,-0.032513494885898275,-0.058997364999552104,-0.632113888090621,-0.06233538424953311,-0.17459160747018565,-0.05197523585592334
PHL,consumption,4,EAS,2018,2021,1,single_cross,single_cross,0,-1,-0.07252784510636098,-0.005435533763738509,-0.0034899624689691544,-0.003272263725273339,-0.005294519040273088,-0.0028758585841515,-0.007302971954481929,-0.012960500869952374,-0.015020438023007565,-0.004204989525802311,-0.0028326443084938924,-0.006111589331398992,-0.005156940697099599,-0.08038616304043167,-0.22202383185686303,-0.5277384589368292,-0.1545609876770775
PHL,consumption,4,EAS,2021,2023,0,dominance,dominance,1,1,0.031215889356123194,-0.020648987517076,-0.023358523123536257,-0.03676620011724277,-0.025718430076625,-0.011561997384363198,-0.02565066339212449,-0.038808108757358184,-0.04664290120617409,-0.020745728814401898,-0.03359269760006878,-0.0244714073337646,-0.0501860775513977,-0.5041504304619853,-0.062239821485783775,-0.13768686268087205,-0.042746525969968974
PHL,income,3,EAS,2003,2006,1,single_cross,single_cross,0,-1,-0.0031302982627228453,0.006299665368236285,0.005364820175333573,0.019171326178737846,0.009711978041892388,0.0024713157246916972,-0.0010865616460186134,-0.04561122356403824,-0.03843293709306317,0.0067121084328971015,0.010384325207665801,0.005452881654815334,0.027936062129489514,0.5142245609327194,0.03473957958992813,-0.30295616263537006,0.011803111836798497
PHL,income,3,EAS,2006,2009,1,single_cross,dominance,0,1,0.05013783034228354,-0.008940461560226098,-0.008723465262532426,-0.0329017567623755,-0.016305499875012563,-0.005664279994472388,-0.009315115030765486,0.005096559246578369,0.004357015252720808,-0.011306293594591565,-0.018082547802871884,-0.012485948488114518,-0.03926986914636377,-0.539798675130502,0.10658453064099405,0.4637011401143667,0.09228549084108773
PHL,income,3,EAS,2009,2012,1,single_cross,dominance,0,-1,0.02400597376220291,0.001909314486550684,0.002228963170537668,0.008874038633834791,0.0032868068518405735,0.00041328331978218724,-0.0028935593440639895,-0.03026793448830367,-0.02611881727579668,0.002293943318713354,0.005000927092515206,0.0009095626209928986,0.012916960633526653,0.12776198802832806,0.09959168742003355,0.012978146780811883,0.07383328314258164
PHL,income,4,EAS,2015,2018,0,dominance,dominance,1,1,0.09781079684861844,-0.022794027891193225,-0.020950298492228958,-0.054793158082365734,-0.03486353689968519,-0.014815051366226989,-0.03322205414021623,-0.050769596809112416,-0.046988890716412435,-0.025515889589083574,-0.0363827942703665,-0.03220706910975757,-0.06626800887112339,-0.7395359279470588,0.17340395390580543,0.5183840049176283,0.1413142624368109
PHL,income,4,EAS,2018,2021,0,dominance,dominance,1,1,-0.05049517909161637,-0.015912603043814588,-0.01465909429892387,-0.03140791495007045,-0.022737314615550175,-0.010584470743037006,-0.02643247494123918,-0.057229660360668344,-0.055608068270382116,-0.017126699113985594,-0.023076014475627127,-0.022839210915731434,-0.03788579880695225,-0.4054707122136145,-0.33333005694633444,-0.9733331790294972,-0.2826927719780272
PHL,income,4,EAS,2021,2023,1,single_cross,dominance,0,1,0.0481118355675291,-0.0134540167551927,-0.013871850072946557,-0.027939797315834236,-0.01846793705361144,-0.007960630703018001,-0.01721317826798352,-0.021788717656666845,-0.022000880522821786,-0.014200293012646414,-0.022086927651487565,-0.017085484682570318,-0.03619924977475042,-0.40367246199989637,0.052208714800396905,0.23170867860776667,0.04058241866957224
POL,consumption,1,ECS,1993,1996,0,dominance,dominance,-1,-1,-0.3573577176350328,0.058543619207100994,0.06972180107620507,0.055845980862153394,0.0571707056959308,0.030948759780149597,0.0774566870910407,0.1383047694786565,0.22675244213157214,0.0495558646914743,0.06512755520532712,0.0642199288717217,0.0795252427603303,0.4720371421710077,-0.3729506986309019,0.08942009571238962,-0.15056050022949807
POL,consumption,2,ECS,1998,1999,1,single_cross,single_cross,0,-1,-0.01642355418698573,0.0027392542942579756,0.003697186654870843,0.00501405595664578,0.0023205697925686997,0.00040912708081840277,-0.0012907248088700196,-0.012095733591559688,-0.016787096989159145,0.0019515525296339153,0.005240088165454404,0.0008560163169804014,0.009064789700981402,0.14417996528407606,-0.03760965837396402,-0.4159344360627113,-0.041618688545885796
POL,consumption,2,ECS,1999,2000,0,dominance,dominance,-1,-1,-3.5441122154555366e-05,0.003736200079929586,0.005502528896300762,0.007965073993446925,0.005187954041222798,0.0024325640179767988,0.005847809037464902,0.01202716378052121,0.016693021929048535,0.0043466199148206874,0.00817027013921473,0.0050936150273041825,0.010445457132057578,0.0755130906414152,0.053682852871562936,0.24023004394150504,0.05440785021502048
POL,consumption,2,ECS,2000,2001,2,multi_cross,single_cross,0,1,-0.012744107748174364,-0.0011453002437519788,-0.0007126323657462574,0.00019419666265849123,-0.0016097281737487978,-0.0014272641593029989,-0.005222559400676591,-0.016347084236830595,-0.022785157165024827,-0.0013462652892979043,0.00019688546299989618,-0.0029894122614408936,0.0018392935094974083,0.06864927949284816,-0.07643173503379597,-0.4572626333896235,-0.07818206830769281
POL,consumption,2,ECS,2001,2002,1,single_cross,dominance,0,1,0.008606396282225783,0.01199554753778087,0.01250780344882818,0.014315076813812305,0.013141929471893687,0.006813213156339593,0.017076646551139302,0.03253867558306031,0.04467217743662455,0.010927885305400703,0.014219454357945693,0.014291455037059697,0.019394180287688023,0.19004443057863085,0.21256077327073086,0.7280389016471513,0.20590929808611858
POL,consumption,2,ECS,2002,2003,1,single_cross,dominance,0,-1,0.09968495496693335,0.008615018857180523,0.010317305523323661,0.015465080087257888,0.0100226080959461,0.0040802484162510005,0.007543446925327296,0.005348709420199604,0.007091242997078306,0.008238086011179507,0.014736927173012504,0.008584509869875107,0.02305100032404056,0.2983398358740903,0.6486556065704221,1.2419581542456832,0.6485329837188729
POL,consumption,2,ECS,2003,2004,1,single_cross,dominance,0,-1,0.04202061055453425,0.005143672944754707,0.007340961140093638,0.014315616989130392,0.007329621585119905,0.002683610358392305,0.004478933126179502,0.0023771669517316796,0.0031304030266613436,0.0059725293423638914,0.01309733778752431,0.005656690284379595,0.01986809712632054,0.16840977027943094,0.32254246978817225,0.5675079973938111,0.34238413531208023
POL,consumption,2,ECS,2004,2005,1,single_cross,dominance,0,1,-0.10933306635767573,-0.009349633723600925,-0.012381791301923406,-0.021740151467487395,-0.01186143150845198,-0.004200864956236006,-0.006012929077859996,0.0033559480469236846,0.004397526669207119,-0.00968722725141799,-0.020093802747414125,-0.008851134320075504,-0.032331149411389204,-0.4360537146447365,-0.7451102156906453,-1.2381946417465208,-0.7691441912896964
POL,consumption,2,ECS,2005,2006,0,dominance,dominance,1,1,0.062182427845154827,-0.007805304425392401,-0.009067439465141991,-0.01277430199870469,-0.00980921248950481,-0.004949051536997304,-0.012581451974724794,-0.026395656502310294,-0.03530285773718145,-0.008098441338217605,-0.012379316326275702,-0.01040117801887458,-0.016142612722387706,-0.08728637247773108,0.20475501161307985,0.17099744592681176,0.20647822103691382
POL,consumption,2,ECS,2006,2007,1,single_cross,single_cross,0,1,0.060264295551424533,-0.002008730488760102,-0.002749870780693109,-0.004278901594323814,-0.0021729460551727087,-0.0006338469546207925,-0.00036054270952820544,0.003281482832744931,0.004481180176748922,-0.0018047476293304998,-0.004246521101041512,-0.0013300753831960166,-0.006933945657712881,-0.07822005965931655,0.2965339454120022,0.7905347248600272,0.3078860351438806
POL,consumption,2,ECS,2007,2008,2,multi_cross,dominance,0,-1,0.06909399881402349,0.002054836424260742,0.0019254948107668701,0.0017449806139135104,0.0026704555102554928,0.0017880452356269921,0.0057511083275788855,0.016827977997948884,0.02256356034279028,0.002217404339047019,0.0017379612223853425,0.0037532577620464913,0.0011877129473205628,0.017788181861122077,0.43837431606522603,1.2856294187131798,0.46213141536041613
POL,consumption,2,ECS,2008,2009,0,dominance,dominance,1,1,0.01789897758209207,-0.0013773587564372414,-0.0019553592350149973,-0.002720144748515313,-0.0019076990932769822,-0.0008943857577181913,-0.0021380050474615886,-0.004359840277913918,-0.0057807888336697255,-0.0015834477076382136,-0.0027129411024900407,-0.0018778531684166822,-0.0037153050179846714,-0.07884188847799933,0.08409615440843776,0.13983469572792018,0.09001997920593752
POL,consumption,2,ECS,2009,2010,1,single_cross,single_cross,0,-1,0.008590351099701082,-0.003570960647548471,-0.0031618293913585616,-0.0026314839000320944,-0.004123523842626903,-0.002666066619349608,-0.00818664360374971,-0.0219243770275942,-0.029771627665288847,-0.0034329878600704022,-0.0026444643957128644,-0.005592194162947511,-0.0022915318045080846,0.0031018487466116795,-0.012913544954048284,-0.4304279371259039,-0.0038990493593908937
POL,consumption,2,ECS,2010,2011,1,single_cross,dominance,0,-1,-0.01447743742096104,-0.00442472825401069,-0.004123789524456467,-0.004184956029034903,-0.004231403171520293,-0.0022045545323268884,-0.005338926644158276,-0.008608537329465094,-0.012031211709553569,-0.0035375487258478,-0.004246560227901819,-0.004617970652589981,-0.005939337318527915,-0.07399186865367025,-0.16839688603040415,-0.4098457679461376,-0.1739143094571567
POL,consumption,2,ECS,2011,2012,0,dominance,dominance,1,1,-0.00604914973676815,-0.003842176581969392,-0.005137143614619255,-0.006701739268261286,-0.00483765826299401,-0.0023161354516784,-0.00553243241481452,-0.010637582138957102,-0.015154891249435254,-0.004062773682436405,-0.006907196480327782,-0.004845699969854511,-0.00913497778056993,-0.06762688047746135,-0.10530467190749349,-0.35149915526895903,-0.11332520276092595
POL,consumption,2,ECS,2012,2013,2,multi_cross,single_cross,0,-1,0.010994881492606268,0.0015647147747544499,0.002421786344557586,0.0032747865463420844,0.002197770926980591,0.0010194232093310995,0.0024596153338599103,0.005571178821683509,0.007977797295088851,0.0018481736609803068,0.0033917907504332767,0.002132028503986305,0.004532931928068917,0.040118886125088515,0.09322901203123557,0.2843522724748926,0.10220360235024817
POL,consumption,2,ECS,2013,2014,1,single_cross,dominance,0,-1,0.01372105267292613,-0.004673468583740403,-0.0047175020585811245,-0.004567408870951695,-0.00486559374536899,-0.0027138720336015026,-0.0072017950811607,-0.014904536594959494,-0.02155242034493421,-0.004097093248588396,-0.004739435040209183,-0.005673184110568802,-0.005883761787728092,-0.03745515119696208,-0.004446238534124625,-0.22183764721821753,0.006024348143909286
POL,consumption,2,ECS,2014,2015,0,dominance,dominance,1,1,0.019599127607563407,-0.002561026443301695,-0.0037399545530990563,-0.004977770956175603,-0.003219383119693997,-0.0013986771000340098,-0.0029320625362556085,-0.004208416646861696,-0.006210155507482162,-0.0027218742442284005,-0.00523702967438161,-0.002920570044869203,-0.0071925123459815055,-0.022969704478789765,0.0691488247360672,0.13221600422609292,0.07468155429011958
POL,consumption,2,ECS,2015,2016,0,dominance,dominance,1,1,0.04472824957617495,-0.010283816952252,-0.01391667799996732,-0.016531215140723587,-0.011283160561691707,-0.004897838154625897,-0.009839150699437887,-0.011072913028274817,-0.01661970853974737,-0.009608983891943201,-0.017950251815754104,-0.01020965423397599,-0.0248538947734957,-0.2976018658133692,0.07168111750365114,0.2544626334788731,0.08047629537864154
POL,consumption,2,ECS,2016,2017,0,dominance,dominance,1,1,0.018910316778744215,-0.0049843098671696895,-0.006682331677752118,-0.0069997922451955075,-0.005546576430770889,-0.0027387887176981984,-0.006493553800725305,-0.0114465691673169,-0.01763383982066058,-0.0047634814995634045,-0.007870264354634282,-0.005697259954374118,-0.0099311580288165,-0.07562400722053919,0.01572996036269725,-0.1068243809424434,0.021526761945235506
POL,consumption,2,ECS,2017,2018,0,dominance,dominance,-1,-1,-0.010595924016263617,0.008394630349812415,0.010418028421186332,0.010031004790395814,0.009960746757819106,0.005666593995166905,0.015617022372911293,0.03623023352427951,0.05428164533198898,0.008535600761277296,0.011227660546961504,0.011797070078522598,0.012419091662119186,0.0894878120199234,0.10291173977278856,0.9449403730906987,0.09912256611131287
POL,consumption,2,ECS,2018,2019,0,dominance,dominance,1,1,0.02917519667761004,-0.008980762991522895,-0.011914314373984047,-0.012354863788037102,-0.010196581932316817,-0.005182486960127505,-0.012830901550819007,-0.0255536792758721,-0.03781918670823359,-0.008738725649826778,-0.013877360122072718,-0.01079063881933609,-0.017199430441227903,-0.159888419097876,-0.0006581157023379802,-0.3658540028757713,0.006224268127570376
POL,income,0,ECS,1985,1986,0,dominance,dominance,-1,-1,0.021929236680544223,0.02897794972154283,0.04973171169148771,0.051350700118401704,0.03187641449364169,0.013639039745809503,0.02675318194527611,0.030722335983372595,0.06000583327258441,0.028328970665433398,0.06337388898611981,0.02808931670484721,0.07722962662746141,0.5033615484014309,0.5069311885976342,1.0377978469806814,0.47747470511788626
POL,income,0,ECS,1986,1987,0,dominance,dominance,1,1,-0.0006759606843347711,-0.024569472889010235,-0.04398058080898737,-0.0480487776749248,-0.028418603862820996,-0.011801453936425704,-0.0224533415034206,-0.02437508381487799,-0.04701203339143267,-0.0252121243741103,-0.0589803033792993,-0.02431665556139251,-0.07193653035944561,-0.4614522594324706,-0.36441911963625007,-0.6973579646614887,-0.35166515278533095
POL,income,0,ECS,1987,1989,0,dominance,dominance,-1,-1,0.36222904280812473,0.012686126785542096,0.020318626795541306,0.016297369050637,0.012156550890593698,0.005550599026174802,0.011397813833101095,0.013693153928997615,0.026931396789071527,0.0108726747114707,0.021011892141596378,0.011417929988666295,0.026078881936375503,0.23066280791048266,1.9079148803254427,3.7497820955417733,1.964315299470355
POL,income,0,ECS,1989,1992,0,dominance,dominance,-1,-1,-0.2642734074013243,0.024991599182386137,0.034866753137283046,0.03308039230667581,0.025052953776022097,0.012248824557412302,0.028068920591278385,0.0444069367720652,0.07909224155258254,0.021994480156470694,0.039478442734011604,0.02531616203149191,0.047375647958784683,0.15875511195467595,-0.9097050921471821,-1.2788494578632932,-1.0142002793889149
POL,income,0,ECS,1992,1995,0,dominance,dominance,-1,-1,-0.19480410378204854,0.05291867081056151,0.0713661226237633,0.13157744003196498,0.0707452501668574,0.031281407544069495,0.06992902936078763,0.11874881956252747,0.17275536714481354,0.05921461920256302,0.1245278383723756,0.06541994265778239,0.15963089625295074,1.1795000470583452,-0.1345422462288317,0.5811125316023773,-0.12328618135177605
POL,income,0,ECS,1995,1999,0,dominance,dominance,1,1,0.18022247869193925,-0.023399645809315917,-0.029674427031706307,-0.07043497739127078,-0.033643487694424795,-0.014571967973377203,-0.03291030776953782,-0.0588327409075059,-0.08019031877476424,-0.027637963509216518,-0.06104073043172381,-0.0306141618095013,-0.07861262755008774,-0.5537010237714286,0.5379827945594942,0.7585694855040721,0.5417356547405805
POL,income,3,ECS,2004,2005,0,dominance,dominance,1,1,0.05730313285451214,-0.022096987089847586,-0.027160293188505547,-0.1522714760148487,-0.0427374464378151,-0.0160786682821161,-0.034377559519348094,-0.0590449606595716,-0.07523018694916872,-0.03336773399180598,-0.09617787903002423,-0.0341489400325336,-0.12486641395623804,-0.7189593139501502,-0.017089244474852272,-0.5395489090920247,-0.0037614338084308585
POL,income,3,ECS,2005,2006,1,single_cross,dominance,0,1,0.06699198702564528,-0.01143606027779731,-0.013824819535133592,-0.03436599205926649,-0.015879184605066515,-0.005861059717088904,-0.009955473319821023,-0.004262003272713921,-0.00572557923125272,-0.012765748802422705,-0.026883700745917893,-0.012371708493801314,-0.04276340848414073,-0.5055386384770157,0.23052647131505122,0.8370941774352314,0.27720915700657933
POL,income,3,ECS,2006,2007,1,single_cross,dominance,0,1,0.11665413543535573,-0.00666844605660899,-0.009170765357475519,-0.021726281883723886,-0.009503738672620304,-0.0032099940368481017,-0.004494641663723903,0.002236666328913006,0.0030102300262329074,-0.007737871013205305,-0.01824911488972092,-0.0067586982774443805,-0.028273178082397987,-0.28571628490245526,0.6936832855717405,1.8652319859181574,0.8335751883204789
POL,income,3,ECS,2007,2008,1,single_cross,dominance,0,1,0.07535827140000731,-0.005180706884070185,-0.006806624323738464,-0.023372456397373537,-0.007978962951866786,-0.0028301297310753953,-0.004968185884447501,-0.003588653412935683,-0.004835749932067812,-0.006553439382549098,-0.020832529938047184,-0.005948939204482723,-0.02456513089897633,-0.12695356959712445,0.4629722738242057,1.1690722560748945,0.588497033973356
POL,income,3,ECS,2008,2009,1,single_cross,single_cross,0,-1,0.016832287150837056,-0.0012568247935008103,-8.492210725752347e-05,0.009326611774554822,-0.00020631462287279412,-0.0013030393843770915,-0.005816559434505791,-0.02001464552271842,-0.027571986204407706,-0.00017014888508071202,0.008469444845698004,-0.0027358702425214765,0.010295666162918327,0.055175592991329125,0.10459212689348263,-0.36785953894204937,0.17832041727894765
POL,income,3,ECS,2009,2010,2,multi_cross,dominance,0,-1,0.019955485075482483,-0.0014143878048918923,-0.0010721307969149274,0.0025178393917071884,-0.00040130274380051345,-0.00020335563864701256,-1.2115049874694694e-05,0.002934651687002021,0.004109156819301019,-0.00033105730170979175,0.0022502898503317104,-0.00042678973775261975,0.00048262597018439157,-0.11881644265767566,0.12749665777572972,0.44807101426426854,0.18012740297759944
POL,income,3,ECS,2010,2011,2,multi_cross,single_cross,0,1,0.007651671652017595,-0.00031591306756001414,-0.00024286223404057505,-0.0017030339693391017,-0.0011325890325303845,-0.0009766218070192956,-0.003814070264830688,-0.013054525567572,-0.01846478317907496,-0.0009350535736142862,-0.0015204078512794927,-0.002049005627885181,0.0004864849990871001,0.15019317083871186,0.05500438528448903,-0.3230147829222503,0.09317698826259768
POL,income,3,ECS,2011,2012,2,multi_cross,multi_cross,0,1,-0.005071034651668626,-0.0016023333960393793,-0.0018854361657247853,-0.0074771463321003095,-0.002667271366661117,-0.0012248926779810931,-0.0031140328460818045,-0.006331959204388893,-0.009134439295104158,-0.0022062594355506115,-0.006758136030821316,-0.0025683363711236085,-0.006388842335865896,0.027921359706471804,-0.08126340651379493,-0.3133856681909002,-0.09068503156561647
POL,income,3,ECS,2012,2013,0,dominance,dominance,-1,-1,0.0243576299004279,0.001171130304250867,0.0021616017573063973,0.013138354850678824,0.003212000266571202,0.001041599399343493,0.0019743458314388784,0.003245254748431986,0.004696615212393507,0.0026561140645786074,0.01178569979311328,0.002183899782216392,0.01185595139074247,-0.009649536063321307,0.23076239865952353,0.5385050729359975,0.31782020450778603
POL,income,3,ECS,2013,2014,1,single_cross,single_cross,0,-1,0.02754030153428151,-0.003129518932169395,-0.0027146754708219367,0.0009498523153981808,-0.0023485226264348957,-0.001495564508255498,-0.004077424943136787,-0.008155500904157703,-0.011864385219753748,-0.001941235875741798,0.0008361429000069975,-0.0031353280730349042,-0.0004442050347107651,-0.009247960420250223,0.15273911520275796,0.18139992454930365,0.25226422874145893
POL,income,3,ECS,2014,2015,2,multi_cross,dominance,0,1,0.05007576931987776,-0.010724204430946682,-0.011041447604118404,-0.011246537129309703,-0.010523709586212598,-0.005451793294205101,-0.01329741470799889,-0.022342568829835596,-0.033615358362403924,-0.008754865710042914,-0.01003740417434379,-0.011407499686605094,-0.015331364399764291,-0.210089301778134,0.14506699808918988,-0.00905720401481247,0.34556157445963187
POL,income,3,ECS,2015,2016,1,single_cross,single_cross,0,1,0.06795901300332469,-0.005626765843575798,-0.01080796076458701,-0.027668240597737703,-0.009986446068005611,-0.0028699128675800933,-0.002786604148121208,0.004884534100703303,0.007496283969617545,-0.008393539129505995,-0.026037158647778613,-0.005991460939894083,-0.03563846930472153,-0.35052015825234983,0.4459353568470519,1.466204222598833,0.5052038523759519
POL,income,3,ECS,2016,2017,1,single_cross,dominance,0,-1,0.02715621049929965,-0.015007772515716111,-0.017860245580853085,-0.017099257450860078,-0.01538162123030698,-0.007871315729667011,-0.01907534297975691,-0.033594305068078006,-0.05344122052607547,-0.0130932467850981,-0.01712310034035408,-0.01638495309608512,-0.024561099971772193,-0.2282890574047718,-0.20030033695074856,-1.079926980389068,-0.10855647679443159
POL,income,3,ECS,2017,2018,1,single_cross,dominance,0,1,0.07227232448654704,0.005264730802714834,0.005873220722146244,-0.0010191637169384982,0.004727129700492799,0.0031588278335337033,0.009114482643774097,0.0204590943557518,0.03308167991494837,0.004045316220096795,-0.001047111084452268,0.006567036797564901,0.0009506270724158883,0.021458826771894923,0.8396432856162157,2.4278254249685567,1.1360923816893287
POL,income,3,ECS,2018,2019,0,dominance,dominance,1,1,0.09080174879320768,-0.0145141863166236,-0.01984356210820104,-0.02878100406905501,-0.01689807769287402,-0.007683411699908896,-0.01703617711004879,-0.026840433766502386,-0.04377870955803209,-0.014549226685238503,-0.030888767146588336,-0.015953949767969683,-0.03707043270055649,-0.15634520910084904,0.4145042304277293,0.4016739902088524,0.7501166196483684
POL,income,3,ECS,2019,2020,1,single_cross,single_cross,0,-1,0.024622798148355253,-0.002985099320355733,-0.0017191828051928981,0.006285133958531003,-0.0006215697421724786,-0.0010135429141463065,-0.003349198053887892,-0.006671535522609406,-0.011394464501872092,-0.0005398730593368928,0.006970361735789299,-0.002099616278079919,0.006009107058171592,-0.04077468754560565,0.14550410577339967,0.10837631744971077,0.42605638124401324
POL,income,3,ECS,2020,2021,4,multi_cross,multi_cross,0,1,0.05548257597526748,0.0001750985945171979,-1.929962653213213e-05,-0.0021567015332339123,-0.00031221735469461054,-8.172666952808993e-05,-0.0002205184360375978,-0.0009358058951340065,-0.0016162412565254858,-0.00027130737209510314,-0.0023771483360671697,-0.00016925208701448757,-0.0016445925501333836,-0.02028868306483833,0.5960642929056803,1.1389986326375094,0.9731567740482969
POL,income,4,ECS,2022,2023,1,single_cross,dominance,0,1,0.013292590551436074,-0.00394864063158773,-0.005477205096961035,-0.01632433366027289,-0.005101204770332102,-0.001618381802107799,-0.0020952687004757997,0.0017180756408076148,0.0029096801997389177,-0.004412921161673994,-0.017205860628347003,-0.003354659715432806,-0.017941820376722706,-0.06688367036108067,-0.005485591794629485,0.4201171292759689,-0.008935804841033956
PRT,income,0,ECS,2003,2004,1,single_cross,single_cross,0,1,0.0325390873942616,0.0016276704392156338,-0.00209211446761981,-0.06720406830511261,-0.005210951518580864,0.0005810792371545997,0.005683045915496565,0.018912116042230975,0.021575975341946774,-0.004004215338227701,-0.04303343851164815,0.0012421501483906305,-0.043824586293896184,-0.12326008076166861,0.4330718251112984,1.5209409533482479,0.4370662710439941
PRT,income,0,ECS,2004,2005,2,multi_cross,dominance,0,-1,-0.002943678608164983,-0.004604590234296546,-0.00542595956576708,-0.007834228230323925,-0.006160481866405942,-0.0024573349492698904,-0.004491136167551868,-0.001953553637428773,-0.0022043623139884616,-0.004760850528355398,-0.005463188547196074,-0.005250136568544728,-0.0132073433265813,-0.3425062012403721,-0.17695417241882438,-0.1482901603618636,-0.2451981667413019
PRT,income,0,ECS,2005,2006,2,multi_cross,multi_cross,0,1,0.017602399258141437,-0.004158660816742377,-0.00508443202929354,-0.0424426518116548,-0.011113179471876483,-0.004626446414997001,-0.01210776611812081,-0.029115079395254317,-0.0335290060869905,-0.008662847457558603,-0.031456453110210114,-0.009864569249069977,-0.0310662030291875,0.0734646917862225,0.07989789508059353,-0.5662553061500049,0.15640108035487899
PRT,income,0,ECS,2006,2007,1,single_cross,dominance,0,-1,0.007320650309482065,-0.0130948622176833,-0.011331829063636056,-0.006071627956114878,-0.013384732354723289,-0.006736295761543998,-0.015694740730264306,-0.02304516940766771,-0.027505528906041854,-0.010562158765147406,-0.004774836992619991,-0.014317080306680108,-0.016331890959616513,-0.4912301415417524,-0.3255006908706424,-0.6716295992776651,-0.29412182487050664
PRT,income,0,ECS,2007,2008,3,multi_cross,multi_cross,0,1,-0.008894770893695935,-0.001182860470735403,-0.0003890195532095797,-0.0031256215310049296,-5.9796596694500215e-05,0.00041958222546138735,0.002720886013196616,0.014567639933963705,0.017491716007387414,-4.7504600212883163e-05,-0.0024866177228793918,0.0008901772548020048,-0.003151776395040884,-0.11546163066506931,-0.13957548409387677,0.31664531430732623,-0.17648846802526919
PRT,income,0,ECS,2008,2009,0,dominance,dominance,1,1,0.022002665771079694,-0.017210318165874205,-0.017441707885149427,-0.0338770429839621,-0.02279377615390929,-0.01160645802479629,-0.0306626668863893,-0.06841495165200878,-0.08565247598940806,-0.018316710080298504,-0.02826801245532351,-0.024547028321725006,-0.0363879981400525,-0.06939856447119563,-0.29534415277898773,-2.151899744130791,-0.1811355160415804
PRT,income,0,ECS,2009,2010,0,dominance,dominance,-1,-1,-0.017348558507807435,0.009359703859691926,0.009016399360958882,0.013748824426496553,0.011004551775316479,0.005574864571520496,0.013922924854297691,0.0253019544096445,0.0327616092901829,0.008895212709988387,0.011771902325074579,0.011770657095453413,0.016763411915973303,0.08348443458511046,0.10217547076359601,0.6134763244254415,0.002241192270828307
PRT,income,0,ECS,2010,2011,0,dominance,dominance,-1,-1,-0.04335497328406631,0.004956033790057157,0.007575202956115468,0.034715279450145076,0.01159639733017051,0.004798152094733499,0.01200348669938231,0.030451163062666597,0.03770854743925034,0.009268289169915594,0.027935919866792114,0.01016012550988779,0.03142654354981311,0.10525309045620102,-0.3284080559797804,0.08309732449414398,-0.4447444156293763
PRT,income,0,ECS,2011,2012,1,single_cross,single_cross,0,-1,-0.060226492006540754,-0.0030655044371396545,0.0026565654906639535,0.04650325739337058,0.004297378564980692,-0.0017137660123442977,-0.011185729289391017,-0.039702541771575506,-0.04952722004169474,0.003407428193145101,0.033855836874230105,-0.0036320511860545857,0.04416406115194538,0.4388003841352006,-0.7253477505752315,-2.8551074322606524,-0.7461388691364608
PRT,income,0,ECS,2012,2013,1,single_cross,single_cross,0,-1,-0.0023557549389633284,0.001529158244996387,0.0033436056889866173,0.024711903365042143,0.004570903019616712,0.0006335495516458928,-0.0014469023779902779,-0.010785858604225484,-0.01401011829554144,0.0036082733206750095,0.01653013770851458,0.0013422991716844912,0.022954693620944322,0.24959145626165213,0.01919977279218088,-0.44754994242856583,0.09951159472158189
PRT,income,0,ECS,2013,2014,1,single_cross,dominance,0,1,0.01769510153895692,-0.00624350169028709,-0.008081885937125999,-0.049154922462396444,-0.011746473182258105,-0.00358351410297629,-0.0052876434676197015,-0.0008469905052572169,-0.001111096530963307,-0.009306045802482288,-0.0338512286925326,-0.007586106367188317,-0.0420248316037895,-0.2706260323336558,0.002901102408943146,0.3527891391756377,-0.009123582361834082
PRT,income,0,ECS,2014,2015,3,multi_cross,multi_cross,0,-1,0.051331464067427224,-0.0003791580960662011,-0.0023264857122515803,-0.008807419749002954,-0.003453299062091103,-0.0010836373227617047,-0.0018338149830536,-0.0029827313702942004,-0.0039257673163195506,-0.002756704355809908,-0.006494584339060361,-0.0022910078899842923,-0.011681814065645224,-0.22874140360490713,0.5269119113481029,1.0348731458819493,0.6968045053790206
PRT,income,0,ECS,2015,2016,1,single_cross,single_cross,0,1,0.025142275303135238,-0.0033679064738826314,-0.0049108455442430365,-0.027261356142817328,-0.005900116487976698,-0.0011214089691339996,0.0008400853860394963,0.013102776842230102,0.01709722217473275,-0.0047320363322048975,-0.02101824104526301,-0.0023694049682382867,-0.0265391465303218,-0.1628228926951527,0.16912855784601177,1.1147304689074353,0.19776239390541228
PRT,income,0,ECS,2016,2017,0,dominance,dominance,1,1,0.0070204561605461775,-0.013817478550237405,-0.01724635440290978,-0.03203505249061411,-0.01972213828565819,-0.008961765137465605,-0.021025654649896808,-0.03993627346670531,-0.05337431321772157,-0.016021814323819522,-0.026626369272852335,-0.018882162889488602,-0.04040337898412577,-0.5162287607221341,-0.35499607979675574,-1.4989375236414375,-0.4550146506647543
PRT,income,0,ECS,2017,2018,3,multi_cross,dominance,0,1,0.05391457357586381,-0.003112029924047577,-0.0029551191562120493,-0.0033923834655523732,-0.0025965532835520166,-0.001128672004063594,-0.0021173570407868048,-0.0010747053393891925,-0.00149099470962899,-0.002133017702150297,-0.0029516947103855884,-0.0023714399509064954,-0.005115419772643404,-0.07175948880206029,0.48244501384373883,1.200194427314731,0.7586731979618655
PRT,income,0,ECS,2018,2019,0,dominance,dominance,1,1,0.06660065581731554,-0.00729448378880071,-0.009540678773368505,-0.029258100486306005,-0.011597914867824383,-0.004944589483503903,-0.011320516619371085,-0.0202628508840742,-0.02871331008328104,-0.009595370285543192,-0.026600472672546005,-0.010371664962481209,-0.029327007974724095,-0.016014761260052524,0.5034404352943262,0.6234502514330984,0.8195627030962598
PRT,income,0,ECS,2019,2020,0,dominance,dominance,-1,-1,0.03676639855062294,0.0190284545942217,0.026219235696347654,0.08701945202650618,0.031492884336628085,0.012080636082152804,0.024453476170725186,0.035778383331923014,0.04994799228096336,0.025798213688103006,0.0735019873147783,0.02539007376328639,0.0895417027400951,0.5977474019808531,1.128607735743044,2.7401920917106715,1.7963392392261888
PRT,income,1,ECS,2021,2022,0,dominance,dominance,-1,-1,0.010759633363522222,0.016588378380143765,0.01873821410402099,0.03581526718665767,0.02233750275475968,0.010238280312270892,0.023961598977883303,0.04258304092446802,0.05377330951557169,0.018005035984815593,0.029963567564581572,0.021634939417486204,0.04399978471826038,0.32109552147796894,0.749564344158026,2.28912362510032,0.9596203508285939
PRT,income,1,ECS,2022,2023,1,single_cross,dominance,0,-1,0.005192885550435873,-0.02401434591499757,-0.023648324199613824,-0.02407722827476738,-0.025955117971807495,-0.013002765193298599,-0.031257754525094494,-0.05278386876382951,-0.06722578479121166,-0.0209590260916174,-0.0198351307242699,-0.027455582122703215,-0.03795923565504211,-0.46746330526642854,-0.8221294810313005,-2.339088997276864,-0.766423691961073
PRY,income,0,LCN,1990,1995,0,dominance,dominance,-1,-1,-0.060216794784267565,0.17276591940751174,0.13268954278524359,1.0672392751414346,0.37289405823997085,0.15032138087003488,0.3975937323919703,1.0634911171644745,0.828306473703853,0.2344841210759198,0.3155661541794716,0.338265918798319,0.7442424499668734,9.69571591475024,2.1982956679449837,11.545849997419042,2.239537463468322
PRY,income,1,LCN,1997,2001,1,single_cross,single_cross,0,1,-0.07550920422539908,-0.0028323449382723354,-0.009517196154427365,-0.28992462913213424,-0.03669065183919318,-0.0007201740096731135,0.034238384413087464,0.2638448216735425,0.1761300304549478,-0.020666283597341184,-0.05382310212040431,-0.0016635993548836936,-0.2053977163385694,-3.935480766378605,-0.6806875175667564,0.9730009004352382,-0.7933088027094213
PRY,income,3,LCN,2002,2003,0,dominance,dominance,1,1,0.1245962096190157,-0.022883885859840247,-0.015141930146567395,-0.1741922047013198,-0.06392031296935785,-0.0289813480033414,-0.11057061279508695,-0.6797153984341187,-0.356940089953133,-0.035886345333536795,-0.04182346927669234,-0.067788341094567,-0.09509869093004086,-1.7335008696191654,0.6008975726606733,-1.5399318150022836,0.6035000671983113
PRY,income,3,LCN,2003,2004,0,dominance,dominance,1,1,-0.021865647197546745,-0.026744919444294468,-0.020041582911885514,-0.16019892386370627,-0.06271472898667213,-0.02335366194758809,-0.05909325131763299,-0.1628812895063816,-0.09711162473883572,-0.0375107352338091,-0.049196196954578886,-0.05367198308876597,-0.1287457418200938,-1.8923887398308228,-0.5185341518871196,-1.8042220595303213,-0.5277833519020918
PRY,income,3,LCN,2004,2005,1,single_cross,single_cross,0,-1,0.04932681507975685,-0.008692540238935509,-0.001704209336838458,0.02672494518516899,-0.010916499528756451,-0.010676481487778916,-0.048754031184380486,-0.258317811364958,-0.16718402795639387,-0.00677312719699219,0.009101215303244148,-0.024265316357658495,0.035153119110473585,0.5221620456526921,0.2302221014096908,-1.2442821862829234,0.2364408286459856
PRY,income,3,LCN,2005,2006,1,single_cross,dominance,0,1,-0.06895227643513027,0.01597741747825665,0.010051521246283945,0.04968980566291559,0.03288837035014147,0.016214347595854106,0.053779054903850265,0.21880293685642882,0.1427390164429705,0.020183406671090476,0.015907602968907808,0.03691803243161207,0.03501668069856434,0.7375844204189175,-0.27024363091709436,0.5023577873456695,-0.2768756888608035
PRY,income,3,LCN,2006,2007,3,multi_cross,multi_cross,0,1,0.06877339936723309,0.0002987220070840291,0.00017448007130971277,0.015667678732586898,0.004763503512334344,0.004186016532786996,0.025155455821556316,0.20100586782816876,0.12075085959041698,0.0028686888374578334,0.004761793097384448,0.009594539574167005,-0.0018922831011423114,0.09629879335721903,0.49699467935074804,3.185614180317387,0.49906645141443917
PRY,income,3,LCN,2007,2008,0,dominance,dominance,1,1,0.039122085364721615,-0.02304528025515873,-0.016938990863824,-0.13533426580433683,-0.056539371394568605,-0.026333263463163503,-0.09092150502304053,-0.4392342607160513,-0.2768421508726948,-0.034946875303598524,-0.04539236010998016,-0.059924975374879175,-0.08777937531399405,-1.4982301042701778,-0.03975521645192259,-3.0692051263324522,-0.031662486288737135
PRY,income,3,LCN,2008,2009,2,multi_cross,single_cross,0,1,-0.028241099731842884,-0.015502754897198823,-0.006514838212960505,-0.007229102486232097,-0.020359452924641364,-0.012306236556795885,-0.04081089983717473,-0.13690957387132718,-0.09784541809297398,-0.013075897339313414,-0.002725837088254135,-0.027659979948715385,0.001342855721883085,-0.16439031343021604,-0.42506415051192814,-1.973391178138268,-0.4381055112678345
PRY,income,3,LCN,2009,2010,0,dominance,dominance,-1,-1,0.08498643505061415,0.018124179384952643,0.011645287983850672,0.07746586715219461,0.037529578190875656,0.019120780523157993,0.06632042629638885,0.29332236854324323,0.2021002022185463,0.023898388793999137,0.027535389044538672,0.04306985124704932,0.045278312409488874,1.0073292977107382,0.8963399264332654,4.812915747338842,0.9271179744750793
PRY,income,3,LCN,2010,2011,1,single_cross,dominance,0,-1,0.09669848568728388,0.013443412782420894,0.009821667121900246,0.08353046762214733,0.028307072491533802,0.00991612869267211,0.01992003635431261,0.002768935454187327,0.0017826005171137638,0.01744145299857147,0.026039088366426877,0.022544482738255045,0.06436948352413752,0.9610918452039829,1.0254072652628325,2.4607234620283513,1.099929553398745
PRY,income,3,LCN,2011,2012,0,dominance,dominance,1,1,-0.00694020403175161,-0.04665315174601592,-0.03166462723086372,-0.2067385657429217,-0.09263429587804067,-0.041787682016241307,-0.12395080389539886,-0.417036758147987,-0.2966363603036055,-0.058961531861777605,-0.07165117695175549,-0.09404940017484709,-0.1462919092964654,-1.9202079504660663,-0.8483471396747806,-5.186330565421436,-0.8540091166754813
PRY,income,3,LCN,2012,2013,3,multi_cross,single_cross,0,-1,0.11095283844859342,0.003097867808588284,-0.0005343019394598025,-0.012839666688410967,-0.0012629037919114072,0.00040374815936650155,0.0005946120022922163,-0.019351324962267435,-0.015483218802723187,-0.000842173357367082,-0.005346928109060789,0.0008969424037212903,-0.014649807416335814,-0.7008484144366989,1.000374768631925,2.197359144083901,1.1133476596485208
PRY,income,3,LCN,2013,2014,1,single_cross,dominance,0,1,0.06478520690248643,0.0273627649132146,0.01695983838394166,0.06742508884293619,0.052094098631351504,0.029075704927508605,0.10356542865314677,0.44993854220881824,0.3208138475006421,0.033871231173697725,0.026753427401999597,0.0651910180616686,0.03890019253401833,0.6892587573938425,1.154488229824123,8.018136926550316,1.1891449509039393
PRY,income,3,LCN,2014,2015,0,dominance,dominance,1,1,-0.05627132520684387,-0.0306899448346048,-0.018777922160770677,-0.0896421003912995,-0.05805394108664841,-0.03203369589105409,-0.11293722852926441,-0.47879700666035885,-0.3442692170474806,-0.037859964702458726,-0.036309382418937,-0.0717571427504256,-0.04865534005990402,-0.20124592626080506,-1.1405419040204112,-8.263831455427283,-1.1557399075033592
PRY,income,3,LCN,2015,2016,1,single_cross,single_cross,0,1,-0.030742363736610386,0.00292826813258662,-0.00034639228219490725,-0.017214261235976247,0.0019952080714393805,0.004019455136277994,0.020344671684068227,0.10422485497094436,0.08271891418993493,0.0013379773944884876,-0.007682254371156216,0.008925275628230533,-0.02292426638835221,-0.5240130698680971,-0.21976586192465675,0.8234823908771212,-0.2888178726086217
PRY,income,3,LCN,2016,2017,1,single_cross,single_cross,0,1,0.051738341921158414,0.006230044485960096,-0.0010023637313057998,-0.026917583765645237,0.008081441186813643,0.011620028270992483,0.05988638472640817,0.34757625636829603,0.24418080988160096,0.005392155311562119,-0.012530802646555372,0.02592790453985222,-0.048969880539895816,-0.6751256403049277,0.5894011838763724,6.013844846677369,0.5773737528567517
PRY,income,3,LCN,2017,2018,1,single_cross,single_cross,0,-1,-0.009217889223801314,-0.02558720687978161,-0.01311508769866987,-0.021194575410192762,-0.04111564333943274,-0.0276170478083769,-0.106771984514135,-0.4986416117635013,-0.36596286413524837,-0.027892237874624803,-0.010340450372010923,-0.06131959066477505,0.004501829264357049,0.10976256955264496,-0.5785016340465354,-7.314219590361581,-0.5176254509260119
PRY,income,3,LCN,2018,2019,1,single_cross,dominance,0,1,0.011681679215686967,-0.003109896305026283,-0.0027136581842013285,-0.016494741448880357,-0.0062564284315373975,-0.002460253722767397,-0.005190907724121674,0.0010211599460099308,0.0008653910400220344,-0.0043456984197129955,-0.0083553136825541,-0.0054125085440071,-0.014120612986482817,-0.014940836698112747,0.04327240702859925,0.2834259700959265,0.0600394549644685
PRY,income,3,LCN,2019,2020,0,dominance,dominance,1,1,-0.12321422687583834,-0.021529318811309317,-0.018342718121721946,-0.0651721787387749,-0.038041861560924206,-0.018206322729520802,-0.0523384238726079,-0.16124796374639905,-0.14557767049759218,-0.027017153758086332,-0.0359426280579529,-0.039806048722207166,-0.060387364549147504,-0.6206899643228336,-1.3993982361014794,-5.167487454080856,-1.5450103446234111
PRY,income,3,LCN,2020,2021,1,single_cross,dominance,0,1,0.0066354665528509,-0.00580900512921928,-0.006221219441072567,-0.022253466439525027,-0.01036678893345755,-0.0037148594938120894,-0.006531684837007834,-0.0008979377769680053,-0.0008680597812471547,-0.007542401589508196,-0.013467838623744233,-0.008069326141942224,-0.026103474121896397,-0.13513105067392228,-0.050825556688256945,0.1034951925406169,-0.057977031236076115
PRY,income,4,LCN,2022,2023,1,single_cross,single_cross,0,1,0.0508702699082011,-0.004192862617815152,-0.005237838772659487,-0.026359557101028996,-0.008561279457422744,-0.0019992069752914066,-0.0001103042307525337,0.01950011026646159,0.017227739575827128,-0.0060741673413646224,-0.014087284427080626,-0.004371927191252123,-0.030357658975375346,-0.6437572259959747,0.3467023870459851,1.412280280948707,0.38287562335852776
PRY,income,4,LCN,2023,2024,1,single_cross,single_cross,0,1,0.044809356110672896,0.0007153515013564316,-0.0017192190369050842,-0.014010844405486,-0.0007716416130529868,0.0017907642752391928,0.010571436923179633,0.05067372467396236,0.04359726324488378,-0.0005500333485855546,-0.007809314501159903,0.003915854201970603,-0.019098660550780577,-0.23450889137507946,0.40612941055326424,1.8948352140069922,0.4363721645772429
PSE,consumption,0,MEA,2004,2005,2,multi_cross,dominance,0,1,0.041482767831211985,0.006994447496393608,0.006573482487197024,0.006666624130089505,0.006278861310903494,0.002683349415422087,0.004683967616741613,-0.00022526936924399665,-0.000305518054122933,0.005158508616682295,0.006240115123471113,0.005643516698016382,0.012192502882834522,0.19221957430715442,0.27907432614579086,0.39755495410185837,0.25461306600152156
PSE,consumption,0,MEA,2005,2006,1,single_cross,single_cross,0,1,0.0022812099203245086,-0.007829301884257733,-0.012743337758137185,-0.02369180542009469,-0.010590518230090384,-0.00301333785637109,-0.0020412208228688944,0.012233132970307203,0.016411747371253393,-0.008719630115857996,-0.022707453116020182,-0.0063369580017823834,-0.0354179278502636,-0.20716511173824248,-0.0945452946379115,0.24303376944033772,-0.07532571053426818
PSE,consumption,0,MEA,2006,2007,0,dominance,dominance,-1,-1,-0.08310289667500602,0.016410211152551923,0.024017284582229514,0.046822312068916794,0.02414095258442528,0.009519674338110892,0.01874126416492608,0.025473882245483304,0.03307723729373524,0.019742462891640805,0.04350631473828476,0.020055749311596482,0.061548860733350585,0.27687723343610315,-0.16076929343281154,-0.3983700439721254,-0.1533657278967926
PSE,consumption,0,MEA,2007,2009,0,dominance,dominance,1,1,0.13668417825622595,-0.011366420322365012,-0.01885268655754202,-0.0397515697465286,-0.01911110808225508,-0.0073438638547812934,-0.014511180360499504,-0.022381868009586192,-0.028985326345676077,-0.015589659957122803,-0.036572379323063176,-0.015481145584321787,-0.051155493815933706,-0.3258208701390046,0.48325503492650324,1.013588925470204,0.4556349175907539
PSE,consumption,1,MEA,2010,2011,0,dominance,dominance,1,1,-0.0019724946920587,-0.008746740057132496,-0.00948616319407225,-0.012830371797598994,-0.0105410332396553,-0.0052982707325280876,-0.0132454512338262,-0.026193277775093282,-0.03425028192254265,-0.008640914006182804,-0.012226206100100001,-0.011158458563482715,-0.016815189361488014,-0.12495293214995407,-0.13478612260159295,-0.510898269519398,-0.13257597285866618
PSE,consumption,1,MEA,2011,2016,1,single_cross,single_cross,0,-1,-0.031862482222069714,-0.007225183747888386,-0.0007624211555598004,0.012950260313442513,-0.0040171229218494975,-0.005354004987735306,-0.020245645841335008,-0.05515210958290381,-0.07781860850626987,-0.003317043494245303,0.012338425118114726,-0.011242687536553192,0.02143832821454511,0.2959108305436846,-0.253880680234726,-1.4105443991380984,-0.2554315459155232
PSE,consumption,1,MEA,2016,2023,0,dominance,dominance,-1,-1,0.03513027509484934,0.026883823812023977,0.030396706504929427,0.047877216328864575,0.034172547896698685,0.016024600913603693,0.0372314297875283,0.06202929060762333,0.08696127775673124,0.027796241596565213,0.0420525539712473,0.033749186098294304,0.0633919851435617,0.5434297725903505,0.551464148560922,1.576395599751896,0.5492472354836133
ROU,consumption,1,ECS,1998,2000,0,dominance,dominance,1,1,-0.4232345345030247,-0.0175940828910211,-0.02239182723097899,-0.025266748282091994,-0.01798805385741148,-0.00812966441927071,-0.01704243468424499,-0.02153451731902692,-0.03420420300530891,-0.015438449183705488,-0.02760737512306216,-0.016901685610195505,-0.03750321520830957,-0.38381943327675216,-1.0234576356940368,-2.1167088618059853,-0.6185893059337333
ROU,consumption,2,ECS,1999,2001,1,single_cross,single_cross,0,-1,0.06164758024001354,0.00014965511557268885,0.0008947084925177151,0.0022389110284677105,-2.2376197777118634e-05,-0.0006415514948190926,-0.0031937032692762046,-0.01134682274943119,-0.01854235809755067,-1.935901443819721e-05,0.002526581664660882,-0.001331124224043495,0.0046004679251171465,0.11226140401952112,0.11032290067974193,0.11573758032625436,0.047606943627107046
ROU,consumption,2,ECS,2001,2002,0,dominance,dominance,-1,-1,0.03336114843958952,0.008004125327636391,0.011110281730071114,0.013459536311815096,0.009226438964901607,0.004342362840349001,0.009857848938810004,0.016075836598052784,0.026108839886456625,0.00794573301908219,0.014838370629285336,0.009018749970307799,0.018614751917400252,0.08964144176391109,0.11360524604847821,0.2952323668351262,0.06884678746349404
ROU,consumption,2,ECS,2002,2003,0,dominance,dominance,1,1,0.05953378086504542,-0.003181385113724511,-0.006288447236258321,-0.010028105015180505,-0.0052413178693754,-0.0021465074374214105,-0.0044297431931983045,-0.0073182267127379075,-0.011748562074147761,-0.004504783805153595,-0.010998808589232911,-0.004460768303490487,-0.013642039800454364,-0.07959204873280079,0.0975378391022299,0.16794644358133315,0.05378042078608203
ROU,consumption,2,ECS,2003,2004,2,multi_cross,single_cross,0,1,0.10832511400519959,0.0013094854106672216,0.0001297713060842698,-0.0008770093931161904,-0.00022702883178030153,-0.000498181758421895,-0.0026255700332238896,-0.010276451478723081,-0.016885759330717565,-0.00019565971138649219,-0.000977574742096421,-0.0010345588955731067,0.0015034317302921596,0.18348112980026032,0.24356797620816417,0.35359221420024234,0.1341012405925257
ROU,consumption,2,ECS,2004,2005,3,multi_cross,multi_cross,0,-1,0.054801700493255834,-0.0021940990262094284,-0.0023029583661720032,-0.0016135811664751143,-0.0020383156326835017,-0.0010778163096118037,-0.0026238409237705207,-0.004796776004857811,-0.008046652743667004,-0.0017586678200850192,-0.0018053171177785932,-0.0022373182206588127,-0.002862274547165866,-0.09255045894734604,0.11109843144970943,0.1925978388441365,0.07020035434163518
ROU,consumption,2,ECS,2005,2006,0,dominance,dominance,-1,-1,0.021645492654831202,0.006420012670915021,0.008665658541131993,0.009374894578675796,0.007024210767092198,0.0033661182390860994,0.007676703581997013,0.012275549050387802,0.020381523381457378,0.006045442021349601,0.010368644444570918,0.006991660578152814,0.013429494347624304,0.10372837637805432,0.1051792986586162,0.2715922188569868,0.0740891563431535
ROU,consumption,2,ECS,2006,2007,0,dominance,dominance,1,1,0.09008731695007852,-0.0025443037448165118,-0.0043082520975255,-0.005726926163710788,-0.0034403239045451006,-0.0015158033856465941,-0.0033039907235828114,-0.005445586652138901,-0.008956548296643052,-0.002955636010809698,-0.006299569337308131,-0.003149999496018907,-0.007912707191602808,-0.018258922755997276,0.21295738913228668,0.3938113731312667,0.14514293494704333
ROU,consumption,2,ECS,2007,2008,0,dominance,dominance,1,1,0.17079139256219833,-0.006231088323737088,-0.007033077928482845,-0.005852066949355,-0.0058470246888510935,-0.0031018940853760057,-0.0075202504369489,-0.012033344095658205,-0.020279229690232214,-0.005046655627005708,-0.006549225134041686,-0.00643804608500001,-0.0084452712843614,-0.10025456298427127,0.4391291442570928,0.7941901005877661,0.3210289814072542
ROU,consumption,2,ECS,2008,2009,0,dominance,dominance,1,1,0.01688947080370275,-0.013933245971819497,-0.017731193589835215,-0.015385590427185902,-0.013394289436648,-0.006688465000021293,-0.015321117005716395,-0.02272137240087238,-0.04035290133198255,-0.011672644212642386,-0.017780971502214887,-0.013845618505852197,-0.02317358269629788,-0.19925957765064517,-0.0973949308739499,-0.3317071494994588,-0.08495971899947552
ROU,consumption,2,ECS,2009,2010,1,single_cross,single_cross,0,-1,-0.040886293752150527,-0.0003029260291739222,0.00037148767528139004,0.001905265109352905,0.0002215084125934963,-0.00022515267550360374,-0.0012130044235786897,-0.003444302345361916,-0.006381892164463165,0.00019431081849340115,0.0022474197130258056,-0.0004652213616913037,0.003165289086934586,0.020899662937615915,-0.12559582484732612,-0.3023202036985877,-0.10042395956952666
ROU,consumption,2,ECS,2010,2011,0,dominance,dominance,1,1,-0.02089026745982187,-0.00945984687880358,-0.013219776463251343,-0.01221576803919,-0.009052905147808196,-0.004147537247247299,-0.008598593375553507,-0.010294027917412685,-0.019543020834872582,-0.00797652851326991,-0.014641734526930711,-0.008559865752718387,-0.018962880416618616,-0.16050045628625087,-0.15703879860696945,-0.3147286257707602,-0.11625691307581065
ROU,consumption,2,ECS,2011,2012,2,multi_cross,single_cross,0,-1,0.019330445740877895,0.0012171820844030234,0.001652624115204837,0.0012077574572589012,0.00107511684332591,0.0005617147195361022,0.001347410070122304,0.00223247857748729,0.004300542731015211,0.0009510700603743011,0.0014724695633963891,0.0011581852264405945,0.0017435974478791916,0.015326565632657996,0.0667907203347835,0.14758161441869966,0.04976079813781564
ROU,consumption,2,ECS,2012,2013,0,dominance,dominance,-1,-1,0.006457619309608894,0.001165143758992293,0.001978647957993074,0.002010648214599897,0.0013481288615736914,0.000612728737038,0.0012932349610697003,0.001682223134567895,0.0032172601865300132,0.0011911379505930991,0.0024390657765955004,0.001263764158621103,0.002958036235257311,0.006943680429063903,0.030591976379291896,0.0687624537219591,0.024203085140225067
ROU,consumption,2,ECS,2013,2016,0,dominance,dominance,-1,-1,0.13681086491810765,0.008927032741193386,0.012898158780492386,0.011382827184765298,0.009109325270370713,0.004386094773028697,0.009723631256169901,0.014003760505836294,0.02605304276739917,0.008006588835499914,0.013525604893528803,0.009058453471546088,0.017430265924652577,0.16030920202370114,0.5280211858531327,1.117012013761003,0.42384020395966804
ROU,consumption,2,ECS,2016,2018,0,dominance,dominance,-1,-1,0.17880945081476873,0.004348434531273482,0.005834991401966083,0.005149931926697299,0.004501992897736701,0.002367435493291395,0.005840003406598793,0.010419093275751912,0.018610790783545883,0.0039301518199405805,0.005965995261580009,0.004898208797364106,0.007146039537648641,0.060353318451519034,0.7278971944537438,1.5600178782254481,0.6520582510339914
ROU,consumption,2,ECS,2018,2019,0,dominance,dominance,1,1,0.05795060788630139,-0.011952100324570614,-0.017108658451368663,-0.014597048856599487,-0.012511965093181004,-0.006448100834212392,-0.015496175708041696,-0.02613494407938141,-0.0479383942625512,-0.010966596267101086,-0.017157807735302594,-0.013326554682224795,-0.020885828455472932,-0.10402166406348323,0.06455028974335786,-0.24158821544916798,0.056002745573356716
ROU,consumption,2,ECS,2019,2020,4,multi_cross,multi_cross,0,-1,-0.029869962347260325,-0.0004261219199938604,0.00019765963983986445,0.0008318102452628817,0.00016391909725380072,2.0467283292198435e-05,7.897565338796375e-06,0.00017949707443071228,0.00034427260425362594,0.00014456208274489513,0.000998575620152986,4.222811304410712e-05,0.00098215448375083,-0.04812665825997309,-0.1296367498351243,-0.22806976956873992,-0.12074007884278437
ROU,consumption,2,ECS,2020,2021,4,multi_cross,multi_cross,0,-1,0.08727561139321685,0.0008555077468918038,0.0014378129635324033,0.0007643597861110019,0.0010014015210899063,0.0006407244250144009,0.001828472093531,0.0037995185305935986,0.00723483264359559,0.0008826327974550963,0.0009153370239134984,0.0013221757003520906,0.0007656948249297746,0.018701487705947706,0.38420855777487795,0.818193308428925,0.3782715229996563
ROU,income,0,ECS,1989,1992,0,dominance,dominance,-1,-1,-0.4124439274532416,0.021541521272497033,0.03188585110680009,0.021675255771593696,0.017400818586816094,0.008105040594354303,0.01651597417369549,0.0183594287281975,0.0408556472573533,0.0157684392389298,0.0289248841763656,0.016607878244073893,0.03607488757763799,0.38431314707360276,-1.0874850278039547,-1.9883029128318919,-0.9491361334504196
ROU,income,0,ECS,1992,1994,1,single_cross,dominance,0,1,-0.8489633195732387,0.027364743902418776,0.0342065196340261,0.020614908660108913,0.022407724436237092,0.012131492102130902,0.0291485404818492,0.045043894846998195,0.08769409707061121,0.019905636824509895,0.02570241796487452,0.024991543636593505,0.03175265807796421,0.21770716774889998,-1.4951574154816423,-2.5815810572785596,-0.8514427701486817
ROU,income,0,ECS,1994,1995,0,dominance,dominance,-1,-1,0.651182390698456,0.029416844909097017,0.044778567174996176,0.0543968538257604,0.03803667128222221,0.018902320523401392,0.0468901693609316,0.09691935403044571,0.15288474193186086,0.0327848035031293,0.0605334059552477,0.039264668889552407,0.07117369455428907,0.263058715455486,1.5053002814368748,3.8440730563726957,0.9385092972416464
ROU,income,0,ECS,1995,1997,0,dominance,dominance,1,1,-0.08716859267382962,-0.006482068353392989,-0.008570069914048184,-0.010622556471095612,-0.008148646260077608,-0.0042065199862066915,-0.011044779513542408,-0.02659201303757691,-0.03847546823241366,-0.006918954362476193,-0.011068168112315702,-0.008772682797218295,-0.013679630547558608,-0.1094677219465896,-0.29247959499577547,-0.8661531464308965,-0.21566111402893218
ROU,income,3,ECS,2006,2007,0,dominance,dominance,1,1,0.08550326915124948,-0.02092938232887137,-0.020685481057327926,-0.06510913769635501,-0.03180244830374207,-0.0137532129203089,-0.03176115682511138,-0.05476891483718849,-0.06751267945134765,-0.024132054890269095,-0.03688051189297248,-0.029389730929825192,-0.06695264872253515,-0.8444801268464728,0.12183150970741474,0.018306705731536255,0.09913259490157555
ROU,income,3,ECS,2007,2008,0,dominance,dominance,1,1,0.11858809231279055,-0.011178403017350402,-0.010845906563260788,-0.02142955710206007,-0.014101968744057614,-0.006550321698639394,-0.015329436953140013,-0.0250975140072231,-0.03297997030584732,-0.010948807278257922,-0.013324068970784197,-0.013917119350816992,-0.025092258540255874,-0.35971720456107104,0.36590720941300203,0.6412377923248638,0.33861245640791715
ROU,income,3,ECS,2008,2009,0,dominance,dominance,1,1,0.021149042084962388,-0.008634783339240615,-0.010670340837227177,-0.055200084895578094,-0.016524417377124512,-0.0063894522796442005,-0.014141876872937997,-0.024950944551308807,-0.034303870989618734,-0.013027617452375795,-0.037486540095881316,-0.01352603724537979,-0.04764498480317636,-0.08809274341370621,-0.01231055958236471,-0.22724704346674507,-0.01635888894379356
ROU,income,3,ECS,2009,2010,1,single_cross,single_cross,0,-1,-0.04494540706170582,-0.0009135758623528001,0.0026301048948812467,0.06077581210792077,0.008308769875560007,0.0006233831054641009,-0.0034159563916859037,-0.015047780553068102,-0.021513986129535034,0.006577424707148616,0.04101494976846182,0.0013175315758466866,0.0506032834046809,0.3427799515584633,-0.20023730234239068,-0.6284705090578218,-0.18985996152636853
ROU,income,3,ECS,2010,2011,1,single_cross,single_cross,0,-1,-0.06462157480673313,0.003955251967445617,0.005562383118830394,0.041794953765311504,0.009940187936223088,0.0027349124457392016,0.00325404234745319,-0.0015190541606975028,-0.0022092757962697274,0.007797431678401079,0.02510634323262939,0.005785716144541403,0.037943036980169986,0.06368151487266616,-0.21445763750166025,-0.5240983980061946,-0.2035888515133002
ROU,income,3,ECS,2011,2012,0,dominance,dominance,-1,-1,0.0066402775113172385,0.006748988784592402,0.008097457123175333,0.02407119750589981,0.011357833920832894,0.004813506288108102,0.010921866921637213,0.018863580032162514,0.026949879465805404,0.0088151201520143,0.01346500669918832,0.010204562825873287,0.025982687116118064,0.4807076621623283,0.09988403225001319,0.3448440144073226,0.09653980407513219
ROU,income,3,ECS,2012,2013,2,multi_cross,single_cross,0,-1,0.006869284093378455,0.003646753093365873,0.005863944203328475,0.047171393172949105,0.011241766623595884,0.0036459363116376903,0.006554289336149488,0.009624030188740362,0.013364708795233882,0.00862700002074071,0.02451580843550677,0.007747760916557905,0.03781542708225538,0.3436174124941065,0.06777809706212157,0.20119634309488177,0.06866063197937455
ROU,income,3,ECS,2013,2014,2,multi_cross,single_cross,0,1,0.036792795247628234,-0.009005851408481202,-0.006775500693722458,0.014547760262976661,-0.0039694624707984905,-0.003910613044806888,-0.012560296854665087,-0.027390679749704577,-0.038718527275697245,-0.003035119336834813,0.0071029063368586165,-0.008309589536351386,0.014084610172996892,0.26508614928771745,0.04943841180047137,-0.14256748511727135,0.05765050419787432
ROU,income,3,ECS,2014,2015,2,multi_cross,single_cross,0,1,0.07591023284226327,-0.0009249107771368004,-0.0032305778484594816,-0.06735354134504695,-0.010396088515264301,-0.002122885623194709,-0.0015395467173293098,0.0021694183279211965,0.0031457056400893135,-0.008006360670177876,-0.034709448452318825,-0.004503217805818804,-0.05008902107300395,-0.2364978278638148,0.31329209079803366,0.6595323296102,0.3045075077117896
ROU,income,3,ECS,2015,2016,0,dominance,dominance,1,1,0.13008836924563402,-0.015049731124681609,-0.017396812078811608,-0.054526790538696523,-0.02331640806317198,-0.009456399405363594,-0.019891884790087494,-0.028194179922575696,-0.04206940212153276,-0.018262292174220207,-0.03191580044177078,-0.019994654214749608,-0.05722833777843339,-0.8416353886890304,0.40399925623407373,0.5937808445152388,0.4359309692767397
ROU,income,3,ECS,2016,2017,0,dominance,dominance,-1,-1,0.22543681596823156,0.01606038543943772,0.018371900122102103,0.13116173981894763,0.029186737776415506,0.010079665708248892,0.019363460247626002,0.023443834978066097,0.035162459703909854,0.022793449068323784,0.07105188442126598,0.021316214100163516,0.09652302906714882,0.4738532199048171,1.5053073234579424,2.926318081855154,1.7297125668730295
ROU,income,3,ECS,2017,2018,1,single_cross,single_cross,0,1,0.11847680321657643,-0.0025476589156022134,-0.003906202335546949,-0.052005455911202925,-0.008334529482756037,-0.0022026197398683917,-0.002945087842656402,-0.0010377806098285092,-0.001518219242251373,-0.0064411501096729995,-0.02588841625517896,-0.004668314969935611,-0.034778581059476954,-0.2925150095194269,0.746919899689674,1.4855770666915298,0.9518422883769491
ROU,income,3,ECS,2018,2019,0,dominance,dominance,1,1,0.07964193405861769,-0.009574709963795058,-0.010001965532039359,-0.03481050471763869,-0.01309797434355528,-0.005221564805516901,-0.010577061101098795,-0.012513039667371495,-0.018579052296039067,-0.010231571065865697,-0.018926234483168936,-0.011043795007509488,-0.03293562591641386,-0.30631280051295207,0.3819391238428054,0.723254953588464,0.5802378224762865
ROU,income,3,ECS,2019,2020,2,multi_cross,single_cross,0,-1,0.11431658348528752,-0.002294505249272716,-0.00091378973189149,0.029579385122405877,0.0016331073628650938,-0.00014651671423369927,-0.0010381824818304908,-0.0010293569748877074,-0.0015515513036526984,0.001283037750213517,0.016168722824842996,-0.00030942367764952294,0.015073666671693298,0.11912899650534925,0.8492842319768892,1.6895181731790174,1.291768952143669
ROU,income,3,ECS,2020,2021,3,multi_cross,dominance,0,1,0.09368786408986104,-0.007198970061227716,-0.010027338606588665,-0.030919410520762802,-0.013433050819030984,-0.004744725228230898,-0.007823597311230113,-0.00499103042864299,-0.007575091368752673,-0.010616097480629721,-0.016925292984010853,-0.010006598954856588,-0.037936870821877244,-1.0301122925017019,0.6266856909895857,1.3661919510601521,0.9208792983690506
ROU,income,3,ECS,2021,2022,2,multi_cross,single_cross,0,1,0.01786248160733275,-0.015467364284318608,-0.015095413170192806,-0.05018376276906339,-0.015462170822794608,-0.007399387797984103,-0.01848566461807591,-0.032240628102188695,-0.051218089461909755,-0.012397561905396676,-0.029973344204256902,-0.015552869089594495,-0.032476234105482615,0.44024978039292595,-0.25497921105296584,-1.0660885535227465,-0.006852304474076476
ROU,income,3,ECS,2022,2023,0,dominance,dominance,1,1,0.07349203810765664,-0.024744743332226093,-0.034593513968356415,-0.12133273191478011,-0.0414299025158783,-0.014818081346323508,-0.02619270007834279,-0.025020186826269497,-0.042961398621484514,-0.03417908404525291,-0.08863456720299534,-0.030957168785557404,-0.12710076558790995,-1.1596829517278913,-0.053921938259108515,-0.005022412735403492,-0.02662337534308179
RUS,consumption,0,ECS,1993,1996,0,dominance,dominance,-1,-1,0.00667346151432034,0.006979612180356698,0.007072820988539452,0.03921137738850705,0.01761859527304127,0.008863678379129492,0.030107065265753297,0.12534928957261227,0.10733601528576964,0.012208094276255521,0.019559395458561002,0.01949769717009492,0.0286163947005863,0.13223968027071642,0.13699826525489112,1.5725476808720291,0.14024846775251731
RUS,consumption,1,ECS,1997,1998,1,single_cross,single_cross,0,-1,-0.10587158886244193,-0.0026948675133465216,-0.001072658645027702,0.0031440608971046724,-0.0031146521760687107,-0.003276617890867195,-0.01311344032740347,-0.04507817326182545,-0.05364642945641607,-0.0024276561046102096,0.002359544275577885,-0.006981190608174703,0.008362643527248692,0.22024952328323,-0.513054025781055,-1.6942864758422171,-0.493236365151303
RUS,consumption,1,ECS,1998,1999,0,dominance,dominance,1,1,-0.22736650908604328,-0.006928939175035009,-0.005817518283990797,-0.00849984888105948,-0.007986640287711677,-0.004189666057807004,-0.010761293154735119,-0.019300285714766274,-0.02408266223973987,-0.006259697256183,-0.006421152060907986,-0.00890769198131508,-0.00997703639495301,-0.10550832403712995,-0.9350116757022446,-2.078611248745225,-0.8117548807851136
RUS,consumption,1,ECS,1999,2000,0,dominance,dominance,1,1,0.0915614604476401,-0.0035080933177673024,-0.0047637381582998906,-0.013239953415846106,-0.006124569552518416,-0.0022998238561491025,-0.00438963145269991,-0.005398926803819815,-0.006869368216806837,-0.004834243374995689,-0.010275175463232422,-0.004880736447499423,-0.016284683031955682,-0.12773840534615477,0.28739810459565973,0.6113448819052465,0.23652327902424686
RUS,consumption,1,ECS,2000,2001,1,single_cross,single_cross,0,1,0.1183131918590339,-0.0016970568670492958,-0.0034020500359371875,-0.010122408920930914,-0.0037517449284296955,-0.0008618313959740942,1.3221503291610537e-05,0.0058191099340851316,0.007401486055999218,-0.0029759829193641008,-0.008089244199213697,-0.0018273715084053954,-0.014280513306434428,-0.20883459987791753,0.4389439831550481,1.047901485619243,0.3864904811294576
RUS,consumption,1,ECS,2001,2002,1,single_cross,single_cross,0,1,0.10264105062805211,0.003589783090807208,0.0017385815222135115,-0.0031029315798706825,0.00248692924920349,0.0018639181287855994,0.0055984759223149105,0.012463770090242188,0.015624218695739378,0.0019739450953381865,-0.002521575192694192,0.003953245074004713,-0.0025170820928808735,0.030937924531880157,0.48538871301296016,1.1362092587678898,0.4454804492273401
RUS,consumption,1,ECS,2002,2003,1,single_cross,dominance,0,-1,0.09664108240927534,0.02692545377984229,0.02576664523713823,0.052196657487042386,0.035351108564167094,0.015818926978092493,0.03502379509332307,0.04613253734947592,0.055366795182281714,0.027534725561881496,0.03992345072211029,0.03371926833056979,0.0662888928704019,0.7873490928084168,0.8271509525256997,1.7496649321314415,0.810006274635243
RUS,consumption,1,ECS,2003,2004,0,dominance,dominance,-1,-1,0.07542586940358925,0.0034251577051114257,0.004139091741592105,0.01185285861890023,0.006163009954892995,0.0027308684450476906,0.0069187405010071035,0.016807155442752464,0.01930629276886764,0.004701473379248811,0.00838021135069461,0.005851907819170388,0.012833639953879872,0.054291874853812594,0.4726036242883751,1.1918817482837571,0.4821739899382771
RUS,consumption,1,ECS,2004,2005,1,single_cross,dominance,0,1,0.09517180330220168,0.009471254332797663,0.007674447135829654,0.015108936545031093,0.01259781528034093,0.006275657651660604,0.016030976481451797,0.03032944376019353,0.03380793031496743,0.009520607723167901,0.010348202333364032,0.013482859367917044,0.017411920754504928,0.2209507090606868,0.7376374046191385,1.821201004577496,0.7777953542519818
RUS,consumption,1,ECS,2005,2006,0,dominance,dominance,1,1,0.08517044858214075,-0.0031223098439433494,-0.0032821998027251498,-0.009777739352809789,-0.005261447224245486,-0.0023864921633511837,-0.006127286995965375,-0.014505783903406011,-0.01601064028100163,-0.003961678337497415,-0.0066549402355203235,-0.005132984785433337,-0.010182213376639604,-0.019676838569215427,0.5328483607283925,1.0221680717669805,0.5900389869547018
RUS,consumption,1,ECS,2006,2007,1,single_cross,dominance,0,1,0.14810579451743947,0.013192718204153964,0.009543176817387589,0.016984057172050093,0.017182022248149076,0.009122450248954389,0.024753893735086907,0.052109843137982004,0.05626582994051921,0.012860699495777339,0.01146387799458648,0.01965940499029889,0.018346026389477688,0.23655087055737578,1.4064255678890722,3.637829190575177,1.5705877700382072
RUS,consumption,1,ECS,2007,2008,1,single_cross,dominance,0,1,0.10121147257854851,-0.007067110242905794,-0.008103485606714589,-0.024258245418678326,-0.011743958447192393,-0.00412699266270769,-0.006668293355787391,0.0010898156176423757,0.0011413592035549591,-0.008766396556137535,-0.016514762570918995,-0.008906806106974086,-0.03051230059708243,-0.46150943496633445,0.7520308167089045,2.081009489854491,0.8783225585937178
RUS,consumption,1,ECS,2008,2009,0,dominance,dominance,1,1,-0.04704854684901318,-0.01720007479845992,-0.015826723714677304,-0.03410372909326431,-0.02446297975700079,-0.011512850277473008,-0.028387882632942008,-0.05419721039807507,-0.05851873183408174,-0.01859458681585538,-0.024888576279182062,-0.02473459978774928,-0.040479904741301864,-0.38897313471454176,-0.7944959430194256,-2.231861914964,-0.8984189876658917
RUS,consumption,1,ECS,2009,2010,1,single_cross,single_cross,0,-1,0.07291626321526318,-0.0029525404687857915,-0.0012879652198202196,0.0009325269692185278,-0.002874679594214613,-0.0020587231183014087,-0.006505423293493018,-0.016321551336513307,-0.01838635893898466,-0.002215094407025414,0.0007083580689093982,-0.004405791520443625,0.0015213484629247875,-0.11001808222839404,0.5753626352913983,1.026104621298451,0.719510312237321
RUS,consumption,1,ECS,2010,2011,1,single_cross,single_cross,0,1,0.038347434029249436,0.0019946784592659306,0.0003085615996066826,-0.002680801264619004,0.0016069819053746714,0.0015327461641782003,0.005394260284562802,0.0142079683235517,0.016026691613911348,0.0012390503515153084,-0.0020407671726191956,0.0032796751539234115,-0.004138700257385108,0.030540395289161637,0.4024843117653578,1.171041498073091,0.4563026235819603
RUS,consumption,1,ECS,2011,2012,0,dominance,dominance,-1,-1,0.050884252974889604,0.009643590795316292,0.008079924622593326,0.0151117032459408,0.01355065750965373,0.007391222000262598,0.02121875200770751,0.053344453375253065,0.05776855841667028,0.010369317531016803,0.011330322121466174,0.015855854442523576,0.01513757421485662,-0.06040169195102685,0.7370240312966363,2.564587001462648,0.8365470177338317
RUS,consumption,1,ECS,2012,2013,1,single_cross,single_cross,0,1,0.021223262071888797,0.0016916017202784905,0.0004882679615690888,-0.0008472079845636693,0.0016280350970330204,0.0012253054845631217,0.003941378160360609,0.009210180145608038,0.009622881964281627,0.0012363865790935014,-0.0006242074500786843,0.002635092247129711,-0.001493340633881679,-0.05453756299709145,0.2625534625258332,0.7596340098066889,0.29664442704257965
RUS,consumption,1,ECS,2013,2014,1,single_cross,dominance,0,1,-0.018267796224459114,-0.010017681326724592,-0.009307781015585492,-0.019420297369830752,-0.013057277078921736,-0.005534055765035517,-0.0114493631982866,-0.011733708171950907,-0.01227650603825603,-0.00997305018990452,-0.014669241305447833,-0.011886534992553877,-0.02565783215180445,-0.34774225351049637,-0.44196965717002,-0.755687790726995,-0.5244932736875754
RUS,consumption,2,ECS,2015,2016,0,dominance,dominance,1,1,-0.028702021848282456,-0.008621405048971686,-0.007694365731242825,-0.011732579384806818,-0.010861772724781393,-0.0058856286815531095,-0.015951004114949513,-0.034127738482453596,-0.04104677420637115,-0.008640678894155512,-0.01001977716217839,-0.012493295591794712,-0.013104480680190989,-0.08469862397289774,-0.44140001543737384,-1.4832462686533674,-0.48244670830724257
RUS,consumption,2,ECS,2016,2017,2,multi_cross,single_cross,0,-1,0.00206483483860587,0.003863983146386696,0.002719442023517593,0.002597001916884334,0.00509292305369019,0.0036160345222102097,0.012275642237983525,0.037824643429758165,0.04537507994968226,0.004063172812390409,0.002244466778088483,0.007670769890657597,0.0001067201285043784,-0.04436356196045921,0.10435702358335419,1.0618583990094237,0.08257101585920079
RUS,consumption,2,ECS,2017,2018,2,multi_cross,single_cross,0,1,0.013038247763321357,0.0023576139078003155,0.001020569116268577,0.00011520524928010367,0.002456251707321,0.001768480549791493,0.00546357596455066,0.011360439467109018,0.01316587655942325,0.0019522319050404857,9.921210978219852e-05,0.0037572076253166997,-0.0009330802142004102,-0.16362196883847346,0.16415305411448067,0.55468091452801,0.1655589186772577
RUS,consumption,2,ECS,2018,2019,1,single_cross,dominance,0,1,0.04027467852966536,0.0026218183495684833,0.0021248521311711954,0.0025903303076915685,0.0037196125215825937,0.002413397705171294,0.007836308388092517,0.02340477780035033,0.026514677906847472,0.0029472386702225073,0.0022228396150351104,0.005133420064175304,0.0016903521960676127,-0.06707340072896173,0.4143898697569739,1.4482406658357796,0.47414643820427926
RUS,consumption,2,ECS,2019,2020,0,dominance,dominance,1,1,-0.05073773682137007,-0.016672896388165936,-0.017239813661675596,-0.027108723957829678,-0.02101667694720899,-0.010169889096083698,-0.024924343499116486,-0.047793598292698136,-0.055033154415856766,-0.01679752927731329,-0.02403617078249093,-0.021584666503096095,-0.03501861213065538,-0.27559322496769934,-0.8214820563270333,-2.300487338521446,-0.9378061572686969
RUS,income,3,ECS,2014,2015,2,multi_cross,single_cross,0,1,-0.08447910609482817,-0.0036798727412380994,-0.0030809647579164157,-0.006627773474147114,-0.004612275184749409,-0.002954050726035301,-0.009346860652098582,-0.023959007277157274,-0.0319161934393839,-0.003637908134099893,-0.004756622447056602,-0.006260959593677506,-0.0029701122449232176,0.1477501760870057,-1.220922120905703,-3.3572864661131483,-1.7421012388318164
RUS,income,3,ECS,2015,2016,1,single_cross,single_cross,0,1,-0.03679403035560717,0.002020722031874367,0.0005887252561482814,-0.008531179606479589,0.00020455446743461447,0.0010444190601121978,0.00425943707132978,0.011805086636327178,0.01589536928416868,0.0001616970981342114,-0.006235455516011401,0.0022124063394128035,-0.008744423363017395,-0.07677495311510807,-0.3792593780608797,-0.3786342155873932,-0.7127875568023896
RUS,income,3,ECS,2016,2017,0,dominance,dominance,1,1,-0.0316251635510694,-0.012633458973516587,-0.01334194583443482,-0.023837143810054418,-0.01614806219360221,-0.007357939891744297,-0.0166986826020272,-0.026395208305570905,-0.03602911658887553,-0.012867094101136317,-0.018128419360067816,-0.015558926064394407,-0.030811392399065107,-0.28635784196793246,-0.7697469289633609,-1.8953239065350047,-1.0115031187969397
RUS,income,3,ECS,2017,2018,2,multi_cross,single_cross,0,1,0.02158298830046614,-0.0017338684502347657,-0.0044174754150457796,-0.023522504416275014,-0.006270734095876002,-0.0017842849107238962,-0.0025507062062853914,-0.0019743577498851916,-0.0027682737195102725,-0.005052922320046588,-0.018981645636177824,-0.0037633963402061987,-0.023984230623858904,-0.1717228232617769,0.18784508849265968,0.40215079431388645,0.19099332995019935
RUS,income,3,ECS,2018,2019,0,dominance,dominance,-1,-1,0.014462668640151617,0.003897191922423271,0.0043438354693254855,0.009487474604143398,0.0057772973328009125,0.0031275803497256977,0.008862875088020694,0.02102292717577009,0.02894533722272752,0.004656461287077807,0.007792869421643145,0.006599128863343601,0.00847370749960702,-0.08637377540040081,0.29275314602945635,1.2794828020191709,0.34603683311431155
RUS,income,3,ECS,2019,2020,0,dominance,dominance,1,1,-0.0016491973430865273,-0.019555725461900597,-0.024373144277623715,-0.05022584730480337,-0.027247259507945598,-0.011480328036538298,-0.024146775930116188,-0.033692586652629974,-0.04697245096187319,-0.02219877854693722,-0.0435421604314844,-0.024167260996298595,-0.0630460184390747,-0.5245996098689911,-0.6569915992136455,-1.571848508758027,-0.8998595556159632
RUS,income,3,ECS,2020,2021,0,dominance,dominance,-1,-1,0.01595825798451667,0.014287997014141796,0.01676120276494364,0.030633963230863898,0.018320430943858296,0.008088023652208592,0.01765601131044328,0.025912897536357782,0.03639476744354053,0.014992463882255613,0.02723722952186447,0.017010096675862812,0.03899495284147858,0.3096714930194677,0.6503136211817999,1.5700777867561726,0.8553556523165433
RUS,income,3,ECS,2021,2022,2,multi_cross,dominance,0,1,-0.014350936979068746,-0.012399768804712497,-0.017638122252154775,-0.038396895279214915,-0.0184923702005666,-0.006996267534700895,-0.012711842706753684,-0.011759837786859795,-0.016286755345378157,-0.015134474842878609,-0.034503949519905985,-0.01471843448092261,-0.049677602689454314,-0.5188654977684468,-0.5709490344991455,-0.8768157583880658,-0.9109057096845774
RUS,income,3,ECS,2022,2023,0,dominance,dominance,1,1,0.08085305814754143,-0.008962238550941304,-0.010802334868323493,-0.01317070962312819,-0.011741858665571009,-0.006663986180502693,-0.0186514867945253,-0.0421164161785233,-0.06165687895799754,-0.009756031894962991,-0.012690392219406321,-0.013966718146322804,-0.01420498868096709,0.12617005005054782,0.6149410552471277,-0.2198462685113114,1.0871635915227102
RWA,consumption,1,SSF,2000,2005,0,dominance,dominance,-1,-1,0.259035895166323,0.034896423885410977,0.025457324942436466,0.10768786610046438,0.0656456286150619,0.030242072028414196,0.08993176692630678,0.31665788712354437,0.2004949790749424,0.04264384670783311,0.05109889371010368,0.06830714712477531,0.09232672061494529,0.9928231187521348,0.39836532914588196,1.4729847920539219,0.23372917538342086
RWA,consumption,1,SSF,2005,2010,0,dominance,dominance,1,1,0.061132814331085424,-0.047839922166442284,-0.038566873318299444,-0.15702890808991837,-0.09099556796854136,-0.040660275101233406,-0.11640415841334606,-0.3853138501492841,-0.2476634127374706,-0.059875247117549324,-0.07848739329961579,-0.09153832970660991,-0.1420674994594937,-1.5033878261091171,-0.04954969554487332,-0.43089048749805325,-0.05571187453311344
RWA,consumption,1,SSF,2010,2013,0,dominance,dominance,1,1,0.06381228897519983,-0.021093067599811,-0.015532262044807621,-0.04256653787050618,-0.033361942450767845,-0.01646067513938479,-0.046977602608896385,-0.133533369995108,-0.09650366945652,-0.023353534201327297,-0.026089730383964282,-0.0364025378455648,-0.04155168009484478,-0.31207007430410894,0.02503842472914175,-0.024757868804373473,-0.0006365827735294038
RWA,consumption,1,SSF,2013,2016,0,dominance,dominance,1,1,-0.004920478093863346,-0.01391706535322651,-0.007859671782251443,-0.01711594325890825,-0.022796493303435805,-0.014723937770777601,-0.0522501582927653,-0.1990977944120016,-0.15849009690332383,-0.016411687689257992,-0.011214422752133801,-0.03225566957249759,-0.005188397650543797,0.33535935585861143,-0.049821413034068396,-0.5095622808299711,-0.06591376940960902
SEN,consumption,3,SSF,2005,2011,1,single_cross,dominance,0,-1,0.014543204379135586,0.010615046231198688,0.00990769425033311,0.027096273176458685,0.014919631868701488,0.006329407394418909,0.013484133674919963,0.015186142468743002,0.017186356883722276,0.011418379993541394,0.019130428993199222,0.013554587925745876,0.0309927177096172,0.17651993934507626,0.054752811479777064,0.10032700111853332,0.024392077626500586
SEN,consumption,4,SSF,2018,2021,0,dominance,dominance,1,1,-0.03525941084454517,-0.0215022309390836,-0.018652907105365157,-0.026722505693510784,-0.025699289536349285,-0.013680272983335892,-0.03659173583376979,-0.08144909528097871,-0.09419488552967803,-0.020481066556288702,-0.023517282400399686,-0.029054066016668073,-0.0323300018720068,-0.1338177183325282,-0.2035139299704034,-0.7328623939416916,-0.15417818260177685
SLE,consumption,1,SSF,2003,2011,0,dominance,dominance,1,1,0.25636224869696045,-0.061344454979483265,-0.06035627890967776,-0.09299140427088748,-0.0759235149831059,-0.0371196575491089,-0.08989955589138982,-0.1550518895999074,-0.19093856667848874,-0.06057916694542012,-0.08104491049440654,-0.07874470874855088,-0.12084998380226936,-1.2300164287406998,0.09393705543562847,0.04556043184584402,0.014746540613044784
SLE,consumption,1,SSF,2011,2018,1,single_cross,single_cross,0,1,0.19766642557994124,0.01650157278595127,0.010946777892607229,0.006555705756695784,0.01924300970590928,0.013512085820020892,0.04364648906841079,0.12147830088927447,0.15315726794060103,0.015791755113718914,0.006400438409860321,0.028474413538246784,0.0009647646480939742,-0.17598918308443334,0.3012254967778403,1.0946103141027055,0.17536643268156518
SLV,income,0,LCN,1989,1991,1,single_cross,single_cross,0,1,-0.02659078862492675,0.05050792074062105,0.024735163267990634,-0.01454486560867907,0.06848954382862582,0.041997899262179395,0.14513589310409647,0.5000984959575607,0.38892021628893425,0.039788346069521474,-0.002093904653114209,0.09541172133953468,-0.027392633975420244,-1.771541334438833,0.2885464329072853,2.7747424236229357,0.3481227522175092
SLV,income,0,LCN,1991,1995,1,single_cross,dominance,0,-1,0.1410566614481198,-0.03935351558145794,-0.03158832676909118,-0.47359998583293694,-0.11225165883042809,-0.036489222487010003,-0.08397807702731858,-0.20889605591176608,-0.14857062253873266,-0.06667611882683949,-0.0922491122813286,-0.08304283565583548,-0.31056698029377305,-5.167489291217498,0.2786710762360496,0.41042368731968537,0.23396282711713345
SLV,income,0,LCN,1995,1996,1,single_cross,dominance,0,1,-0.0030578230643815473,0.01108258473170487,0.008240040127730941,0.034862383888278226,0.021022020819563392,0.007983129220485385,0.017682306661279734,0.03213901137493669,0.023918071330113033,0.013062980503187827,0.008892171850169772,0.018001610903144838,0.039572789989824386,1.0480156520033699,0.08467798869567744,0.17578288271349685,0.07067708893127245
SLV,income,0,LCN,1996,1998,0,dominance,dominance,-1,-1,0.01587339676158625,0.034134438815754065,0.032748083837717434,0.8154832875762343,0.13871467652775815,0.0349814448869438,0.05793753224665388,0.05861010325187277,0.04256503919782895,0.0796423352404429,0.12879697191481898,0.07998624626272216,0.4931767127676824,11.179796042361911,0.37946347838145655,0.5753548435475082,0.3220793882685089
SLV,income,0,LCN,1998,1999,1,single_cross,dominance,0,-1,0.04299881054082568,-0.02282970579778343,-0.015489543532976158,-0.19512447633288033,-0.061677874153527434,-0.02293331001746779,-0.06251940324664723,-0.1947156572866312,-0.1469835212679822,-0.034052056131876396,-0.02143702485660004,-0.052643486918885485,-0.1286739249103388,-5.2899762346973205,0.0003553108650331538,-0.8282509481362439,-0.013563992122207491
SLV,income,1,LCN,2000,2001,1,single_cross,single_cross,0,-1,-0.043549842862672446,-0.00106058261816111,0.001447950344471205,0.08744409997546088,0.0068125655588103795,-0.0014110130011132094,-0.014061043221631209,-0.08575502591990891,-0.06622428524310586,0.004106786928216033,0.018546726805669045,-0.003194982931666812,0.056645225665100885,0.9655884654940667,-0.24370909437582,-1.275544990638032,-0.239568188525896
SLV,income,1,LCN,2001,2002,2,multi_cross,dominance,0,-1,0.008522603003516576,0.00493359073834343,0.003447016448692497,0.02790084074301724,0.012773847331038146,0.006648007689402324,0.02549400500047544,0.12711273824397318,0.09700961130170205,0.007625392009871168,0.005493127735856529,0.015078565803789523,0.014592047182371726,0.4024720443632237,0.09533218545576538,1.1056126792124008,0.09192196395143659
SLV,income,1,LCN,2002,2003,2,multi_cross,single_cross,0,1,-0.07742049637352691,-0.013938657043836677,-0.0049186966561372,0.22199967696038514,-0.0022061513366639085,-0.010523196616299413,-0.04626617363179042,-0.19278455062967592,-0.15017556860382553,-0.0013100206566927786,0.03773758554324269,-0.023838407726537003,0.11222975123524948,0.42267048002838514,-0.5285345216929613,-2.465596910263203,-0.5134242900621202
SLV,income,1,LCN,2003,2004,1,single_cross,dominance,0,-1,0.028106532119817666,-0.02637237800336778,-0.02407503444941772,-0.4391044373812292,-0.08358248006655367,-0.025031627202757395,-0.05082434821242132,-0.0920122769495404,-0.07869040093656676,-0.05182188212520522,-0.08629724035213937,-0.0560702848216153,-0.2715888095165725,-4.007217256150163,-0.12115908030403766,-0.44153679017061087,-0.11382617740079759
SLV,income,1,LCN,2004,2005,1,single_cross,single_cross,0,1,0.017161767953563736,0.00668527690076659,0.0013497040378432912,-0.09856832121455539,-0.0009438680243993303,0.004825635176652299,0.022552278173819607,0.08830721275227327,0.07562102152818295,-0.0006102917128013585,-0.027433537497039584,0.010741151305835306,-0.06037032739564041,-0.35433513760342805,0.14724004519616507,0.9427096777267252,0.15111899145277796
SLV,income,1,LCN,2005,2006,0,dominance,dominance,1,1,-0.002940638966148658,-0.027816652098109795,-0.028697743637407735,-0.28031062229974024,-0.07053891286529257,-0.022370595296403395,-0.04277348594811059,-0.059402748353339474,-0.05032388288180978,-0.04727888968924354,-0.10723447585771262,-0.04952641488718479,-0.21491872278991675,-2.1599305977078043,-0.2898014329789653,-0.5338954111920788,-0.2540036959785188
SLV,income,1,LCN,2006,2007,1,single_cross,single_cross,0,1,0.06777854995644908,-0.004762269544489495,-0.00841780229701461,-0.05951268623735473,-0.0149495005125036,-0.0031495240524047063,0.00010315370919078415,0.03352046924620744,0.028660337705468386,-0.01045545100387768,-0.030892625414230657,-0.006918715960158028,-0.05913907543744468,-0.9350656529904446,0.26682153510366113,1.1068089326572963,0.25238149761733997
SLV,income,1,LCN,2007,2008,1,single_cross,dominance,0,-1,-0.03603807903818004,0.016659616152058188,0.016540055828924816,0.07043488858604618,0.03074862234152631,0.009939262412522798,0.0141386649251235,-0.019682171894269462,-0.01674315394426773,0.021336544224672294,0.036171737749892796,0.021879011063589415,0.08171782317963183,1.537108051768187,0.0008107931968215354,-0.6156904419473044,-0.013751379795921892
SLV,income,1,LCN,2008,2009,2,multi_cross,dominance,0,1,-0.035047916690922075,-0.010516203929041512,-0.009194138163249765,-0.03622396538217282,-0.018029258941781034,-0.006563047142064904,-0.012704447333448665,-0.017325054982327837,-0.014939329754562802,-0.01243091487657022,-0.0179575362823991,-0.014461803598851797,-0.04145496666046122,-0.8733900022943448,-0.26893158494844016,-0.5587719961992157,-0.232425041496358
SLV,income,1,LCN,2009,2010,0,dominance,dominance,1,1,-0.010197433747146753,-0.023041929226697566,-0.016765204643621967,-0.04960197274968797,-0.0371306639788751,-0.01961490028556309,-0.05885421996292095,-0.16738139698734478,-0.15580163071427977,-0.02631811756692587,-0.02684243748176679,-0.042883147372409613,-0.04120060684156013,-0.20127154787492518,-0.2711781352962257,-1.6387534647343287,-0.28598123022758903
SLV,income,1,LCN,2010,2011,1,single_cross,dominance,0,1,-0.0240061431337082,-0.0119964991860384,-0.013123002396063121,-0.04955284656423792,-0.0214353357143231,-0.007212171291548497,-0.011090506837190872,0.005780076948217694,0.005784039100926286,-0.01564419456915589,-0.02981287473434302,-0.01564254240658558,-0.05819303505422868,-0.7639418620610368,-0.2153780653084585,-0.17587625850391397,-0.1786674107012014
SLV,income,1,LCN,2011,2012,2,multi_cross,dominance,0,-1,0.03421893943921338,-0.004937779313378132,-0.004418504843109128,-0.01008941239812089,-0.006206361665860083,-0.0019739013115478155,-0.0014163359357839966,0.016171160063388923,0.01600770762578474,-0.004592558528260404,-0.00648294265281929,-0.004269687193154625,-0.01583618236517681,-0.39057647290569975,0.09176234818873219,0.4911274472136178,0.08613350363645367
SLV,income,1,LCN,2012,2013,0,dominance,dominance,-1,-1,0.09807442593400263,0.015147878129118109,0.011165685616247756,0.023837166205745275,0.022425309413381,0.012660335250649912,0.039819445685822685,0.13096929734497764,0.12139039256267026,0.016460482721684877,0.015082827511989694,0.027471363303003926,0.020211953889441525,0.2131140175560482,0.5904955191693135,2.358943227450421,0.5489579914140719
SLV,income,1,LCN,2013,2014,0,dominance,dominance,1,1,-0.024357081894066882,-0.017792074038293693,-0.013752878099293708,-0.03250825740062818,-0.028059926561404713,-0.016066865600276314,-0.0517309297076593,-0.17445049397961837,-0.1650288856387897,-0.0206547214486269,-0.020774791673914494,-0.034828363757665015,-0.025426422970243445,-0.08070695665493766,-0.30274553041636665,-2.0535420054134423,-0.30641134777678847
SLV,income,1,LCN,2014,2015,1,single_cross,dominance,0,1,0.028500286663478692,-0.010118470918051625,-0.011176441780317514,-0.032700242516252476,-0.015555183532619699,-0.00527556084563599,-0.007385896438084405,0.010638169779053908,0.01085523279821099,-0.011702239538418896,-0.022528030867578097,-0.011364780508670014,-0.04177494679381044,-0.6404937718313279,0.016983491612603707,0.41835284051861166,0.023313212180441578
SLV,income,1,LCN,2015,2016,1,single_cross,single_cross,0,-1,0.00785041102271998,-0.00572876515438725,-0.0014336420679268436,0.006883484066673884,-0.004917696400870086,-0.004673727738203903,-0.01733172329763838,-0.05467958830621639,-0.05714487449103578,-0.003737638082832395,0.00488750430207352,-0.010039360682948806,0.011828537929708283,0.26558165779406107,-0.02822731024865277,-0.5451523572228734,-0.04576261200848997
SLV,income,1,LCN,2016,2017,0,dominance,dominance,1,1,0.004027585281688283,-0.01959184834383121,-0.018696976904168272,-0.038385820856216724,-0.02705288350989829,-0.012858545521316697,-0.03205605060670619,-0.0657327895512842,-0.07373968535671038,-0.020893164513512308,-0.028322834954672027,-0.027482249796903585,-0.045652249913900766,-0.5511868542782148,-0.19912742815361284,-0.7750804798209732,-0.18954420696633223
SLV,income,1,LCN,2017,2018,1,single_cross,dominance,0,-1,0.07277322822739297,0.005986203567910076,0.00630048435847419,0.01401578245206242,0.0080785517203035,0.003177244298207399,0.005799456770525679,0.0022866034625338982,0.0026716318029355035,0.006298430371884017,0.010649498454442297,0.00677191091987292,0.01866960983060928,0.37116213765147865,0.3887903008089628,0.7459820367884582,0.35357221851421317
SLV,income,1,LCN,2018,2019,3,multi_cross,single_cross,0,1,0.08410494916528963,0.0016885870846490847,0.00010728538926418896,-0.0032126674227380136,0.0008788672523751817,0.0011926425509251048,0.0046709333130350306,0.014158341747260217,0.016360482949754673,0.000682143679633096,-0.0024086991099109833,0.002545131816597712,-0.005166166936617589,-0.14212377521380226,0.42504963381614225,1.1074789881194835,0.40872245915953975
SLV,income,1,LCN,2019,2021,1,single_cross,single_cross,0,-1,0.0051655822516371306,0.0023587090739156102,0.013368416054369336,0.13029790617369552,0.023136580692738384,0.0032267402570051867,-0.005073662705349646,-0.04119453415449942,-0.048502517723366334,0.01774379606284021,0.08455780402782598,0.006894632594675654,0.11899635237196016,0.5998690435204921,0.056706151248931747,-0.5728482537293136,0.061795690745465315
SLV,income,1,LCN,2021,2022,2,multi_cross,dominance,0,-1,0.00644980897738982,-0.0025776896213628997,-0.002282096012316881,-0.0008619993857317265,-0.0030404720886473835,-0.0013387629623249908,-0.0026731373230499678,-0.0016412915762800129,-0.0019916637548117455,-0.002308421170583219,-0.0004827367400210836,-0.002862099650402461,-0.004962482363584764,-0.02024303459101251,-0.0009256319149040237,0.04340772365573997,0.00038814604730630364
SLV,income,1,LCN,2022,2023,1,single_cross,dominance,0,1,0.08204153539072166,0.010456840335299922,0.008165615398110337,0.0027287344812568226,0.011678594778443407,0.006600489583068109,0.018322448503389266,0.04107012263551679,0.048470608905827994,0.00882858643971951,0.0015251337077555882,0.014132262688319575,0.008458726173281583,0.16308228320163298,0.5827196932536074,1.611535092715794,0.5904445011943382
SRB,consumption,1,ECS,2003,2004,0,dominance,dominance,-1,-1,-0.06669094167918353,0.026431607734200113,0.027800946157127027,0.03800970210373242,0.0300885771858328,0.014888867874033998,0.03614521283355551,0.06549972330848397,0.08704306614009916,0.024753084229019395,0.035727732750822194,0.03131348923194019,0.04983870115369082,0.2739594453807488,0.05202913768651918,0.5222449556877731,0.04672338498749973
SRB,consumption,1,ECS,2004,2005,0,dominance,dominance,-1,-1,0.06620035224452793,0.009873939169771195,0.012990722208549244,0.02673881458276156,0.015218173562382309,0.006628737460349102,0.014933231914819989,0.0251087819557696,0.0309415711916875,0.012238826372743095,0.023034588410714818,0.014024796140784002,0.03311326668120301,0.38271200320224175,0.4766473486767868,1.1983969859049548,0.4771599630940062
SRB,consumption,1,ECS,2005,2006,0,dominance,dominance,1,1,-0.0636087280240127,-0.06727981024823859,-0.07622043447613935,-0.10145660274870028,-0.07698123747591581,-0.037414447268558804,-0.08877117792790909,-0.1531559442842152,-0.21250790736913183,-0.0638670487607283,-0.09709234656341442,-0.07849076416353501,-0.13525230627225843,-1.1280349163825867,-1.251965028953145,-3.662175410905803,-1.2051585866438574
SRB,consumption,1,ECS,2006,2007,0,dominance,dominance,1,1,0.00948961314119936,-0.010209860110509839,-0.014002069950094786,-0.016037389736121094,-0.011023376084750292,-0.005148741581460198,-0.011451775429871108,-0.017700312099819898,-0.029515507668948726,-0.009554578024262184,-0.018088696699920997,-0.010676582905262383,-0.022571368989073304,-0.18226478679618552,-0.10257871715608591,-0.3285603206723522,-0.09414067084810052
SRB,consumption,1,ECS,2007,2008,0,dominance,dominance,1,1,0.018337653637610616,-0.011446795142936783,-0.017842934780452735,-0.01886716733276711,-0.01288126086629611,-0.005947328200503095,-0.012926473556433699,-0.018612852250841694,-0.03273628724772715,-0.011299179082562713,-0.022442896892479497,-0.012295947243085706,-0.02730201455664369,-0.168997479430133,-0.08795596608719203,-0.3119970717934706,-0.08901763913789873
SRB,consumption,1,ECS,2008,2009,0,dominance,dominance,-1,-1,-0.01586849524307266,0.004126788838682727,0.00853843814655475,0.0108572079496565,0.005704510113092989,0.002194728279761797,0.0038811947681269,0.003800325702109114,0.006839778350231973,0.005021839966933506,0.013074072582510421,0.004532996880486792,0.015957132042966088,0.08965112055934821,-0.0038919933069312407,-0.027679760091420036,0.000154491511528132
SRB,consumption,1,ECS,2009,2010,1,single_cross,dominance,0,1,-0.0325133042663965,0.010416257042528188,0.013168806785768372,0.010627583593536105,0.00926306081631692,0.004396344310179198,0.009356818701831915,0.011668543101624684,0.02049668052054643,0.008093750765876082,0.012381253636542189,0.009096223304399409,0.017461244597762104,0.28576428316661984,0.015793112693369693,0.02718387611735995,0.007814329628267558
SRB,consumption,1,ECS,2010,2013,4,multi_cross,multi_cross,0,-1,-0.008781245285405904,6.156249978572781e-06,-9.214956228553728e-05,-0.000173796392539588,3.112728603080206e-05,0.00011920471995829907,0.0005524336611295033,0.0017200202453538926,0.002960356590258617,2.7071779744008984e-05,-0.00019926908826850553,0.00024693798754829577,-0.0006720483866791138,-0.037435883348752697,-0.034016881899995965,-0.028671217143432237,-0.029223109179548956
SRB,consumption,1,ECS,2013,2015,1,single_cross,single_cross,0,1,0.12035414228982433,-0.005010013040312289,-0.007905037103430601,-0.009504248301976825,-0.0051018057117026006,-0.0017378391646295926,-0.0021371187159823224,0.0019452897170669226,0.0033300453730684687,-0.004448371216672686,-0.0110593098677296,-0.003598451241478201,-0.015279171530251767,-0.22302787222966147,0.41915742269475986,1.0430274378420563,0.3943465714352863
SRB,consumption,1,ECS,2015,2018,0,dominance,dominance,-1,-1,0.08235185597318133,0.018340626043309494,0.021762982795829,0.0193755685654097,0.016341898369091085,0.007728500597542001,0.016459639290721806,0.020072657733652688,0.033316370159035325,0.014169131080283892,0.022213652572647707,0.0160287807592909,0.03074960551856537,0.40476955762015354,0.6672320494380255,1.2998060413983747,0.6371666812069678
SRB,consumption,1,ECS,2018,2019,1,single_cross,single_cross,0,-1,-0.06536778246555483,-0.013966463350525482,-0.01256775445697944,-0.006445021433995196,-0.010438563733449702,-0.006056888257686299,-0.015335525552096302,-0.025144248324038304,-0.042038429270771616,-0.009023950540141101,-0.007245115465859514,-0.012567523340417885,-0.010038655887621761,-0.1477343406736522,-0.5269433951185025,-1.282318492277497,-0.501508364215304
SRB,income,2,ECS,2012,2013,3,multi_cross,single_cross,0,1,-0.08740661552099982,-0.004418423208368605,-0.002703501077688908,0.01833597009370258,-0.0018638805061578778,-0.0016602603203613175,-0.004449406678005086,-0.00463218446923519,-0.005577465168259743,-0.001343921191633235,0.004729653183007776,-0.0035721016685247853,0.007694636344811379,-0.1736257175810989,-0.5317340988148338,-1.0637078617255167,-0.5558896714536443
SRB,income,2,ECS,2013,2014,0,dominance,dominance,-1,-1,0.007407808940935038,0.009833073845692597,0.011913719410875045,0.21335806881167552,0.03353686091803848,0.0101494691199224,0.02090903260623167,0.044970669070166835,0.05265536011276284,0.023802399214789494,0.04713811394567591,0.021890822529284204,0.12663774637084546,0.47148474737637525,0.16716140179710148,0.7708576231722066,0.17919710896042718
SRB,income,2,ECS,2014,2015,2,multi_cross,single_cross,0,-1,0.02609397113740639,0.00013423212976260146,-0.0009958958606695045,-0.007620458917645179,-0.002056400036036965,0.001332009964114006,0.009497316558274238,0.04415202791628209,0.0487984337134586,-0.0014366459633137763,-0.0014681007519012912,0.002882564207487892,-0.02176725787533995,-0.25180145853737557,0.14195793719247884,0.9623672736363122,0.1514066736413553
SRB,income,2,ECS,2015,2016,1,single_cross,single_cross,0,-1,0.02164128015684425,-0.016665941761593472,-0.013380710565287779,0.05752881806130006,-0.016749655832635324,-0.0121686850036756,-0.03988103215830724,-0.11696772621378931,-0.13580693828682833,-0.0118123613834904,0.010750804101670841,-0.026250928332795187,0.01831305195435362,-0.15001579007104926,-0.1102277245371237,-1.5948804908120504,-0.08774837461784735
SRB,income,2,ECS,2016,2017,1,single_cross,dominance,0,-1,0.0059534370720671515,-0.026685412391142027,-0.02764198560579867,-0.23904350134998698,-0.049992624916096906,-0.0178131598283926,-0.03681435598749347,-0.05453413872212959,-0.07200425232666774,-0.03645606819914121,-0.05035917594666417,-0.038096960742410896,-0.15279961616712368,-1.0671387144567257,-0.33751665461095914,-0.9314497638842685,-0.32797597223698904
SRB,income,2,ECS,2017,2018,2,multi_cross,dominance,0,1,0.129549368826818,-0.01101065050333011,-0.017737176331462656,-0.3500014363924995,-0.045252528998428576,-0.011085802895373004,-0.015040348166126205,-0.009614468827124523,-0.013453489404863794,-0.03460834217191938,-0.11411166576933174,-0.023515513549158013,-0.2062416077910214,-0.8741545266715782,0.5174642029607304,1.1690698401255482,0.5484085389800541
SRB,income,2,ECS,2018,2019,1,single_cross,single_cross,0,1,0.12471374760229056,-0.005296460977317896,-0.008823475439784456,-0.07268791578486833,-0.012327639272863816,-0.0022438465839157984,0.0020682198849842903,0.026084826458837418,0.03593516418873122,-0.009702573193700603,-0.03368578429346547,-0.004741945143369508,-0.05626218931064142,-0.7065729589716412,0.6377123868930692,2.1228816931951293,0.7167829918170954
SRB,income,2,ECS,2019,2020,1,single_cross,single_cross,0,1,0.07452312685677483,0.004630856739748834,0.0010876351289409447,-0.10280992481431361,-0.0018519501646555858,0.004403018389983401,0.020937656573571994,0.0754036196938051,0.09526823474944612,-0.0014679547767486034,-0.0569340023082438,0.009310564459849707,-0.05782723467976747,-0.23863957413260906,0.5649233929208757,2.8591754681709425,0.6061094532050371
SRB,income,2,ECS,2020,2021,1,single_cross,dominance,0,-1,0.042109677807915094,-0.018149087341869707,-0.019772900590213305,-0.0042633751418093,-0.020635770564358613,-0.010492961801618003,-0.026308022087710797,-0.05561631722932292,-0.06912651461957486,-0.016542260722351404,-0.002643131547462263,-0.022150689154376596,-0.028200689498164955,-0.5677261843995609,-0.07517931255976151,-0.6924505267031797,-0.026412197940198112
SRB,income,2,ECS,2021,2022,2,multi_cross,single_cross,0,1,0.003188538808930762,-0.003217522446577803,-0.0009396659936781182,-0.020671627315406504,-0.00430542049815108,-0.0045247434543672915,-0.018294105704947605,-0.060996923278456794,-0.08377457221605711,-0.0034946065418549055,-0.013180731325857009,-0.009512017090103908,0.007445790539580166,0.4943984394411034,-0.04353146206817815,-1.6362692270149513,0.015293463811958397
SRB,income,2,ECS,2022,2023,2,multi_cross,single_cross,0,1,0.09247380419204711,0.00014544664053089962,-0.0026043061996310346,-0.08500338235164834,-0.009528992074808812,-0.0018149974264360103,-0.00196472238057388,-0.003033455957838188,-0.004434856831427192,-0.0077881640216961034,-0.06144806661550972,-0.0038088619345097996,-0.052840915517681,0.06438380937707233,0.6423395816718527,1.239818601317559,0.7813282903298635
SVK,consumption,1,ECS,2004,2005,0,dominance,dominance,-1,-1,0.14135312821744386,0.008906496699087385,0.012744188155495273,0.012977736872614803,0.010412158068972693,0.005386355872459711,0.013873000577179218,0.03175665489893639,0.04703811189124196,0.009013361641873191,0.01511242648311159,0.011189122462000795,0.0176457298650885,0.12345397430808802,0.7401944991509666,2.0922674817492677,0.6880202276838165
SVK,consumption,1,ECS,2005,2006,0,dominance,dominance,1,1,0.10109850986012343,-0.02120215274739279,-0.03175894496235987,-0.030825530963119407,-0.022693079619049178,-0.010776540228408404,-0.024682824966993117,-0.04404086329159149,-0.06617118704232039,-0.0197657640163902,-0.036911357073864004,-0.022353795383125374,-0.0451509576361038,-0.308840733062159,0.1299506940600077,0.017548688444694704,0.12133431537477213
SVK,consumption,1,ECS,2006,2007,3,multi_cross,multi_cross,0,1,0.017217560025475583,0.002889816470437956,0.0033338094789446826,0.0025677896681844115,0.004206764837879379,0.0029595754971959987,0.009588777857550718,0.028162457788476397,0.04306155260806366,0.0036980574873168026,0.003211888494413506,0.006126164092102676,0.0016646602885160011,-0.014834986551136797,0.13493841986789423,0.9541672545342639,0.139876986962431
SVK,consumption,1,ECS,2007,2008,1,single_cross,dominance,0,-1,0.015885250894732205,-0.011239896098029667,-0.013802109558891718,-0.009968613160920403,-0.010784200100721592,-0.0061400468134764005,-0.016464792033284797,-0.037107426848348585,-0.05736614187266875,-0.009511377451629402,-0.0126171103054947,-0.012698772911041795,-0.013763026577265192,-0.08316413599730765,-0.12294795011749482,-0.8409590248623449,-0.11744023326104003
SVK,consumption,1,ECS,2008,2009,0,dominance,dominance,1,1,-0.08344004925347202,-0.008551709079885228,-0.012018855295263142,-0.008716949858880996,-0.0086311230510569,-0.004765282270777202,-0.012246967002973813,-0.024549185487444614,-0.04107752627252714,-0.007686666073363602,-0.01136819894394231,-0.009826887968215695,-0.012354182126820601,-0.13139595334479148,-0.5285850385953852,-1.570968550418396,-0.51614239341921
SVK,income,0,ECS,1992,1996,0,dominance,dominance,-1,-1,0.023213358161471055,0.060872805094068005,0.11050450587293542,0.1664953510576839,0.06956952277682318,0.028154203652972006,0.054178563891493586,0.0641624187343929,0.13459699117298352,0.0627643740775328,0.19730601268649822,0.057722966896429195,0.1966139577910251,0.8418096744601846,1.0285603287499323,2.2610254496856017,0.9825525899924858
SVK,income,2,ECS,2004,2005,2,multi_cross,single_cross,0,-1,0.13658960260844158,0.022000904255295273,0.023247362122602477,0.018868998453394598,0.0245812780205234,0.016174477283656397,0.04999106847025911,0.1393121336307505,0.20362024551645475,0.0213182416407042,0.02144036056733628,0.03356980766407561,0.01625084739906213,-0.17820669015323398,1.058811218263159,5.204634443657717,1.0696356481268143
SVK,income,2,ECS,2005,2006,1,single_cross,dominance,0,-1,0.07567721774178492,-0.034774311137031166,-0.0408135042437211,-0.0260504016547915,-0.034753520084293985,-0.02129198164968269,-0.061379551462339796,-0.15655874454791152,-0.23402887111869453,-0.030294620567654806,-0.029929056843763485,-0.0441306311489251,-0.0325075993823529,-0.19469313802979693,-0.2715861802290247,-3.569411074302476,-0.19554428373568022
SVK,income,2,ECS,2006,2007,1,single_cross,dominance,0,-1,0.03623195387785065,-0.011320890675083906,-0.01350603914997539,0.0027168354590754173,-0.007147768384072106,-0.004754157681610104,-0.012779462986206608,-0.02370120927677441,-0.044754717715354886,-0.006362312650506893,0.003233478645698701,-0.009785318111573002,-0.0014676166229420085,-0.029639822055107512,-0.044945989636836714,-0.5259078303034954,0.02281869226930855
SVK,income,2,ECS,2007,2008,2,multi_cross,dominance,0,1,0.0393262138209824,0.013636741138921105,0.01850642463421459,0.015224940122016584,0.010621999477893398,0.0045565468757589045,0.008374696636116799,0.005724958824715909,0.011164442981464684,0.009438381095401904,0.017631096868137103,0.009378091350012302,0.02459953401611148,0.20388823184993488,0.5040670942431147,0.6691804774694887,0.5527642138368316
SVK,income,2,ECS,2008,2009,0,dominance,dominance,-1,-1,0.061568559587118696,0.0119948147155714,0.018557179217049913,0.023017877268530412,0.013537144741669893,0.006167597885379697,0.013574512411373002,0.021779969914156788,0.040439110477743956,0.01188429677900689,0.02517345393946882,0.012730091032465488,0.0303850682859525,0.2219254908660302,0.637666130575453,1.6536968776136085,0.7912624479672798
SVK,income,2,ECS,2009,2010,2,multi_cross,multi_cross,0,-1,0.02227136816832268,0.000834800883710074,0.0019482543339057745,0.008103000553410483,0.0023827806562718157,0.0010012502940072027,0.0024180022586424987,0.005411922123235324,0.009602289547897214,0.002075249417762104,0.008465505836838971,0.002070561384417413,0.00707856677495311,0.024865206496694547,0.161742806337557,0.5189500653684131,0.22588015407221107
SVK,income,2,ECS,2010,2011,0,dominance,dominance,1,1,0.03712409301795586,-0.007681563272739389,-0.011727969749458778,-0.015790319154577487,-0.010119699460252707,-0.005569571389462603,-0.014982438646683194,-0.0322094865977213,-0.05981311713824555,-0.008847807204136096,-0.016683206450435417,-0.011503713322331702,-0.016019986842950196,0.0037801986522247866,0.05571756652793969,-0.9610861291874837,0.14152833435502998
SVK,income,2,ECS,2011,2012,2,multi_cross,single_cross,0,1,-0.08597327413521312,-0.004216644145266013,-0.0038251995394301685,-0.00273564456294359,-0.001965030542828511,-0.0012338005241347982,-0.0032637481059717005,-0.005143310276412419,-0.010215361923023192,-0.001728461551823296,-0.002969389553595103,-0.0025437497758753064,-0.0015710440461806918,-0.05174792557333019,-0.6323443173900909,-1.2603428192908286,-0.7789287938615663
SVK,income,2,ECS,2012,2013,0,dominance,dominance,-1,-1,0.025782711229782308,0.019636674024341216,0.025928522775533813,0.021010597578279777,0.01892900299046471,0.0102720816747894,0.026068372260208986,0.04930597141443589,0.09068242667658144,0.01650976502844219,0.022209030736433932,0.021229259338926193,0.02777017355369099,0.1321575439687206,0.6083048798199231,2.3924818450293923,0.6383257712460493
SVK,income,2,ECS,2013,2014,1,single_cross,single_cross,0,-1,-0.025261706959833232,-0.01978056527089167,-0.021339196865125754,0.027143693359942517,-0.009764086126270999,-0.0080355411006841,-0.023433206203609086,-0.04722253043384239,-0.08651938849283403,-0.008477149826765007,0.026787539040431962,-0.01661691207785139,0.015120527578601495,-0.10762257490925897,-0.6084832422538593,-2.292672108412251,-0.522100919721054
SVK,income,2,ECS,2014,2015,1,single_cross,single_cross,0,1,0.020695520619544754,0.0038324959813724746,0.0027091591870745946,-0.024470453975679513,-0.0013435307334035973,0.001363794036380199,0.006434390784667093,0.017178606579576705,0.033093694471513335,-0.0011729409769514754,-0.02405728558958986,0.002815204671596086,-0.02249242535648227,-0.04961008764831076,0.21144143020462902,0.999636372625961,0.16625875168965454
SVK,income,2,ECS,2015,2016,1,single_cross,single_cross,0,-1,0.011507663429718103,-0.013301591694844572,-0.013559330930497548,0.4110292964705124,0.012740233504434706,-0.0024549513798846,-0.012826241046324502,-0.028236182180690003,-0.05560094215947964,0.01105946409765668,0.26362439786744535,-0.005066149241323092,0.14362022692129067,-0.2618468120349533,-0.23940955264229125,-1.1530299240142554,-0.0457756587669671
SVK,income,2,ECS,2016,2017,0,dominance,dominance,1,1,0.030881617098014985,-0.01915208637411933,-0.03537050264804853,-0.4574553273774823,-0.04320853749926201,-0.0125073116452969,-0.021427395610159092,-0.024831584286828592,-0.054863817605862286,-0.03808668872873999,-0.31420985520328587,-0.02570861252260359,-0.2030978415377853,-0.10440264056733728,-0.2765539134582724,-0.9678973404485536,-0.39480817044338323
SVK,income,2,ECS,2017,2018,1,single_cross,dominance,0,1,0.05496531982223401,0.017316424941513392,0.026870454570195546,0.02140489119870881,0.015419240543279505,0.007185821298510697,0.015153694877715895,0.019197423868747496,0.04297975738415,0.013780707705210699,0.024185859849514435,0.01474959429093349,0.032470768567191804,0.18354463102381802,0.7552961054617109,1.6689784301191501,0.9500263921454977
SVK,income,2,ECS,2018,2019,0,dominance,dominance,1,1,0.02519196045041482,-0.017367433256010395,-0.028839977909064785,-0.042108917109305116,-0.0197606784975025,-0.007978413928026798,-0.0150788562399147,-0.016417575194054,-0.03649109723853977,-0.017699291624644495,-0.04913383463194493,-0.016373057427921694,-0.05470020313982499,-0.20161479857798437,-0.290576793772817,-0.6470476310183049,-0.37359789531586696
SVK,income,2,ECS,2019,2020,2,multi_cross,dominance,0,1,-0.04117064457135601,0.009873483350391399,0.012828362032767271,0.003687074325521622,0.005805143825713399,0.002854102272984299,0.005718882860351396,0.005290851596463503,0.012087721341379976,0.0052358954551710996,0.004561437034322713,0.005849206297907597,0.009599206180146286,0.2599460172640451,0.0027864890368789474,-0.15133221274892605,-0.10255011771966682
SVK,income,2,ECS,2020,2021,4,multi_cross,multi_cross,0,-1,-0.005973050003770246,-0.0010927140032779004,0.0005801922883880151,0.008704256361470486,0.0018334685252896082,0.0004300352261151011,0.0005498993498592036,0.0008785605835145982,0.0019754644178929803,0.0016473739291356926,0.010561942293088794,0.0008820760845945075,0.0089391795957591,-0.0012547862109357766,-0.0631874857929251,-0.016968662087373687,-0.03951664304112157
SVK,income,2,ECS,2021,2022,1,single_cross,single_cross,0,-1,-0.09877953425573728,-0.00031308230477677945,0.0069852761137318975,0.0482713447656718,0.013320210767357288,0.003134795804318101,0.0018537000797959058,-0.0051101335813934085,-0.011616160899779404,0.011877974722440107,0.05376865420329277,0.006436042531363595,0.058605682270572,0.10513700251297964,-0.5703174669789792,-1.303018227280484,-0.5105520364224096
SVK,income,2,ECS,2022,2023,1,single_cross,single_cross,0,1,0.005656882683821492,-0.002624182307777112,-0.009004527598478806,-0.043309007432196706,-0.0128822783788647,-0.003476848096075902,-0.003443869687796905,0.0018950103629696013,0.004343568794582198,-0.011484938560882008,-0.04787360251802697,-0.007137666742273105,-0.05243794462912549,-0.06208896367502703,-0.028661655839388622,0.15374596883948932,-0.2271901932800482
SVN,consumption,2,ECS,1998,2002,0,dominance,dominance,-1,-1,0.04781999294215076,0.0071229169128330105,0.017054488778991184,0.020290577669817594,0.010810658530484407,0.0042613903995485924,0.00798947685345841,0.009772947051156583,0.017036887511111987,0.009451244807921602,0.02409658045886809,0.00881874825597248,0.029416815303251687,0.11494393633184075,0.5622842017225649,1.197837952462823,0.838982753770547
SVN,consumption,2,ECS,2002,2003,1,single_cross,dominance,0,1,-0.012833188546898874,0.017430277883885903,0.020952119558256488,0.01994948069843311,0.016418383587530005,0.007667092118228802,0.016260193843833592,0.02031762415839361,0.033913039595866334,0.014159806299013894,0.022287537234828098,0.015917615949698705,0.03159592055689869,0.3469290319126981,0.3722718353964716,0.7187744525058477,0.41747214782636366
SVN,income,0,ECS,1987,1993,0,dominance,dominance,-1,-1,-0.5024657535502031,0.055101484212006,0.07065704148364937,0.045946997182274615,0.0482812423335813,0.026317173304075694,0.0651704607444177,0.1161302606634133,0.20543592591239646,0.04307714486758449,0.060217092272294215,0.05423021364742159,0.06934449307962051,0.48520713891071443,-2.3153046078836654,-2.259488628076598,-3.5214776001664916
SVN,income,1,ECS,1997,1999,2,multi_cross,single_cross,0,-1,0.00537378138347279,-0.0007914432846085895,-0.0006514717546920457,0.0007512119220071944,1.7070813718808586e-05,3.694197060499782e-05,0.00031850775691300015,0.0015115138528451894,0.0032334794474878636,1.5462724529999305e-05,0.0009933012391123985,7.571707513019665e-05,0.00020013374909308435,-0.0784913207248148,0.013422182136017646,0.1535181491547437,0.025891575745107254
SVN,income,3,ECS,2004,2005,3,multi_cross,dominance,0,-1,0.0346473750438528,-0.0015530126872994876,-0.0024573398841497562,-0.0010098645141700946,-0.0012250662403192891,-0.0005942033720944956,-0.0012351044408360906,-0.0014747945034426918,-0.0030388177272295813,-0.00110438869188971,-0.0013133748345532936,-0.001219471252536894,-0.00219764865760691,-0.020869543010908043,0.23774699584944514,0.4674670853348317,0.3739147030135159
SVN,income,3,ECS,2005,2006,0,dominance,dominance,1,1,0.03472538992917868,-0.0027037242479250045,-0.005097084232633775,-0.005697200826835502,-0.0033833401597810064,-0.001588758181789801,-0.003584847567088309,-0.005789164488669812,-0.012117808971901345,-0.003057094936048499,-0.007490428034263502,-0.0032587036416274057,-0.007586775855839889,0.015272603416115693,0.20378870278479688,0.15706156472329624,0.31515292077214596
SVN,income,3,ECS,2006,2007,5,multi_cross,multi_cross,0,1,0.05084779633046276,-9.459367892300508e-05,0.0003834940227599448,0.00043666432910159647,0.0003341482281194047,0.0001986248911760996,0.0005823925843268102,0.0014309881171581107,0.003024108677537829,0.00030238785401121016,0.0005790234934354155,0.00040725086527440557,0.00048318290357018956,-0.020073148759674808,0.45057771470563246,0.993209677027572,0.7403566003650077
SVN,income,3,ECS,2007,2008,0,dominance,dominance,1,1,0.029334815368940368,-0.006367124593977286,-0.010074632063697186,-0.007863070665234104,-0.005449335808780403,-0.0024334431293306993,-0.004826143408436401,-0.00527169306496901,-0.011238215869148915,-0.004944017919477503,-0.0105542381775931,-0.004986487888664709,-0.012420439567617486,-0.14496558822133876,0.025995975329536236,0.0962383692113633,0.07374926416174077
SVN,income,3,ECS,2008,2009,0,dominance,dominance,-1,-1,0.006535337114247867,0.010686672448393691,0.016256012932980513,0.011454896325465203,0.008846610601659893,0.004136179999561097,0.00860246108557089,0.010516641285582301,0.022161391147032417,0.008012656887322292,0.01528599986038659,0.00847944294832051,0.0184499493170647,0.21099540343423584,0.47680722549997334,0.981608949071596,0.6787459588752061
SVN,income,3,ECS,2009,2010,3,multi_cross,multi_cross,0,1,0.0013960137577075991,0.001452587487795698,0.002755451837028966,0.0014265457771226037,0.0015586369689867124,0.000778612498978204,0.0017306119313343082,0.002561441535577802,0.00524615023531011,0.0014043771818695039,0.0018640594316524095,0.0015982709577717913,0.002730745026634701,0.08632991496787801,0.07019955997218119,0.2312431899386631,0.13411316009470298
SVN,income,3,ECS,2010,2011,2,multi_cross,single_cross,0,-1,-0.00857596199781848,-0.0006537068846378946,-0.000774172509466653,-1.8923360987105342e-05,-0.0002739235921882105,-8.864566033520149e-05,-1.2784393097708957e-05,0.0005764915686923,0.00117301533506331,-0.00024665459771909537,-2.4670845790414342e-05,-0.00018199750530809022,-0.0006700865364868136,-0.038929996061623395,-0.10838595920748162,-0.11823374766866479,-0.18357840604152287
SVN,income,3,ECS,2011,2012,0,dominance,dominance,-1,-1,-0.04215123821919179,0.007168646934286899,0.011661325236804299,0.010374097953227801,0.007098642609775399,0.0031970094008154024,0.0065684859449594984,0.008302561376774098,0.016593686750295822,0.006370214116715497,0.013302533883106205,0.006569131506544992,0.0159434803884074,0.13197139767459154,-0.13111806691753003,-0.17032147009471998,-0.22449960793937684
SVN,income,3,ECS,2012,2013,0,dominance,dominance,-1,-1,-0.005371160123731937,0.0065558003444396995,0.00962134529484493,0.00829497205770699,0.0059686597701249094,0.0027182030039047955,0.005583583840975903,0.006657414017720714,0.012924416549555118,0.005321300029367398,0.010325235281393008,0.005594030681908904,0.012887259418144809,0.11436788104590567,0.19112358459286405,0.37590884466198204,0.2518863006418339
SVN,income,3,ECS,2013,2014,0,dominance,dominance,1,1,0.024308779733581917,-0.0058217386747657085,-0.009773129180656648,-0.009736287108871894,-0.006381647088194206,-0.0028767062410385985,-0.006055040623843891,-0.008450105369025213,-0.016461182517921613,-0.005690670994187297,-0.012147129737202111,-0.0059199803350069025,-0.014430587818879709,-0.11301777930574364,0.01807006887610818,-0.1488215900504457,0.018849462349198376
SVN,income,3,ECS,2014,2015,2,multi_cross,dominance,0,-1,0.003751824058243015,-0.002521019449956974,-0.0037129773006333577,-0.003594003844076696,-0.0019376327233801005,-0.0005801521099840987,-0.0002734899660899043,0.0032553225332457025,0.006404247584584688,-0.0017350340173623996,-0.004579624174932406,-0.0011928051262657946,-0.00632977007067928,-0.03264823410252227,-0.05923445348955525,0.3148917188328575,-0.11327461084997914
SVN,income,3,ECS,2015,2016,0,dominance,dominance,1,1,0.029670971393464838,-0.006472058533686126,-0.01022913312585283,-0.007695162160961402,-0.006419055921231501,-0.003296946251593602,-0.0078374702150725,-0.013380345761213497,-0.026864015566511745,-0.005771955875586307,-0.009984917470174187,-0.00677166147354491,-0.011331727012914211,-0.08451785844093562,0.03725289861270298,-0.46569608140852736,0.14336813942646742
SVN,income,3,ECS,2016,2017,0,dominance,dominance,1,1,0.0231644903764262,-0.005389480507485389,-0.008832157525290874,-0.007208428740421602,-0.0048544149368882905,-0.0021080976842060006,-0.0040487937174487065,-0.004077643890796109,-0.008488002236905101,-0.004389715988182996,-0.00958198252591061,-0.004323704177195992,-0.0114882438439384,-0.08943278852059633,0.011114806735347926,0.10442673331345631,0.011591383646365472
SVN,income,3,ECS,2017,2018,2,multi_cross,single_cross,0,-1,0.061060032944811785,0.0041308655680810935,0.00461229818806308,0.0019470106399808035,0.0031265709283282983,0.0019937362914581036,0.005437813309501507,0.010285633830995303,0.021132413419736706,0.0028297154079651027,0.0026103747379400966,0.004089026177876404,0.002366202918489102,-0.10262407913250282,0.7857317404023973,2.098647738360281,1.066504297880778
SVN,income,3,ECS,2018,2019,1,single_cross,dominance,0,1,0.021226185613917033,-0.002527457160239499,-0.0033646994364430194,-0.002626515295637996,-0.0015347396852976036,-0.0004937973146717997,-0.0002754587792598989,0.003095358354598593,0.006185986866239779,-0.001387916699954403,-0.0035253216155436973,-0.0010131463090702064,-0.004670798172546897,-0.030299813017619304,0.11488750725704655,0.7225830778159796,0.22943221978671957
SVN,income,3,ECS,2019,2020,0,dominance,dominance,1,1,0.048194423492096954,-0.0035094740473300967,-0.005403972588188255,-0.0036725828825907025,-0.003304064309307797,-0.0017779665323442023,-0.004410549846637399,-0.008172554624924888,-0.016502746006174795,-0.002995215384214503,-0.004980651192169699,-0.003645756354060406,-0.005301640529479401,0.0032477262095751414,0.36282073617949884,0.32767034438568743,0.696388017422521
SVN,income,3,ECS,2020,2021,0,dominance,dominance,-1,-1,0.05134449536677785,0.002515804530747595,0.004330670148945837,0.004168407590683196,0.0025650570988502985,0.001138488956973098,0.002324314271102898,0.002868699838334099,0.005855679837641403,0.0023261461517172094,0.005648475866921521,0.002334102286406306,0.006095849332074188,0.027346959558540274,0.6977615081262059,1.4508621058881452,1.2663079103847252
SVN,income,3,ECS,2021,2022,3,multi_cross,single_cross,0,-1,0.0005750213226089405,0.00023881616725909827,-0.00022715966261577236,-0.00016625236956509248,-0.00028144965270830713,-0.00022562887174809587,-0.0008074114205074978,-0.002514060330439105,-0.005127969976487012,-0.0002549439329808112,-0.00022380366273180852,-0.0004626897595088053,-1.0729599495801212e-05,-0.0008507752349085074,0.018169894147504806,-0.2326645784539565,-0.004787108205800195
SVN,income,3,ECS,2022,2023,2,multi_cross,single_cross,0,1,0.016074298166598777,0.003765160242761495,0.005523224453805486,0.0034167406074308015,0.002515986229048209,0.000982960334041598,0.0014504713914688938,-0.00021342207726379736,-0.0004378056185718737,0.002276497163926805,0.004575109677723094,0.002016126067315105,0.006454866356516403,0.06029271999755137,0.372820347565316,0.3581642537940297,0.6586683951802392
SWE,income,1,ECS,1975,1981,2,multi_cross,single_cross,0,1,0.04606388735529091,-0.013603672670774974,-0.016604988493790218,-0.008898973474409322,-0.0082712320648171,-0.0045678157065286995,-0.010894371222133409,-0.01563911159171011,-0.03606217797381478,-0.007495381664106807,-0.011185370536252487,-0.009352617562771795,-0.01165415550375759,-0.058620475468876165,-0.0784852729658354,-0.46154641636444715,0.1961078520740145
SWE,income,1,ECS,1981,1987,1,single_cross,single_cross,0,1,0.0719029931873757,0.0013205535699921944,3.410240705192802e-05,-0.013242316595404091,-0.0019023388362827132,0.0004025616427717968,0.0031882145702765985,0.008980773259190306,0.021072915554284366,-0.0017326841814886002,-0.017245804688522715,0.0008233476081441066,-0.016117781517681118,-0.1687744200646053,0.5430351145798822,1.5739109052294005,0.610924939105626
SWE,income,1,ECS,1987,1992,0,dominance,dominance,-1,-1,0.1693505861075118,0.018520127175802592,0.02922568373999257,0.029986694613178405,0.017162395369107603,0.007539450359484001,0.015120719214795797,0.017407684509300997,0.03819082826906911,0.015513186881994406,0.038035500136621214,0.015452367210719797,0.04145430095670341,0.23422713514464144,2.033109017675092,3.968000284771769,3.1824464303574374
SWE,income,1,ECS,1992,1995,2,multi_cross,single_cross,0,-1,-0.05807591375953895,0.0032660081451971745,0.008319889378605061,0.023111442623273887,0.007295055499356301,0.0024799994647072,0.00417506687864061,0.004601579702869396,0.009592625513711317,0.006513831005253795,0.026978125045291984,0.00509625999641769,0.02562717301026618,0.040318241577525615,-0.4096954994429609,-0.6628009278998235,-0.5215736880157529
SWE,income,1,ECS,1995,2000,1,single_cross,single_cross,0,1,0.15160868721686246,0.017170926228403327,0.015161614914631416,-0.0238199599266683,0.006962977311884208,0.007143289363707603,0.022646306515516704,0.04900175608171821,0.09234009585386244,0.006173147992463698,-0.027835852676387496,0.014716507661163308,-0.02203329658748107,0.05597658831432195,2.1599519933919797,6.583124750709455,2.474389767883869
SWE,income,1,ECS,2000,2001,1,single_cross,dominance,0,-1,0.03273776749322274,-0.004120585152056877,-0.005789552569453016,-0.0025645394926389897,-0.004086725399912908,-0.002467346558877502,-0.006802100253278209,-0.015242777255296491,-0.027059479084392324,-0.0036179454995707017,-0.003120502899688682,-0.0050895027382056035,-0.004013699606676219,-0.010048911346141942,0.19316171367996837,-0.3594400997427236,0.4418389693879554
SWE,income,1,ECS,2001,2002,2,multi_cross,single_cross,0,1,0.023675439681270356,-0.0032693100866152403,-0.003423330040646988,-0.003985764901018013,-0.003386194127067893,-0.0020788258296497997,-0.005847853283189,-0.012269055192184825,-0.022788742979272136,-0.003008992079845091,-0.0048998022636367045,-0.004282909122055298,-0.003640019144833695,0.05567613037925101,0.1275274682572256,-0.4307389547524423,0.43574113267850123
SWE,income,2,ECS,2003,2004,2,multi_cross,single_cross,0,-1,0.026268023276623684,0.00868190457298823,0.01099071295224785,0.011509440998919596,0.007556407258464404,0.0041617962840041,0.010590925400973603,0.018785686414141495,0.03788419929228287,0.006706162544539193,0.012794642331850709,0.008564463079857393,0.011545648763250926,-0.005386311180979764,0.6241165755034057,2.0590539011511133,0.7147177846629162
SWE,income,2,ECS,2004,2005,2,multi_cross,single_cross,0,-1,0.009894425157694049,0.006802730224408304,0.01722907172213184,0.3141761802158922,0.028141784830683303,0.006527132542633297,0.008361532293435697,0.0053722461101108065,0.010331655627329961,0.024534199422278316,0.2344317754125823,0.013470208260776093,0.14916392682118967,0.15293467606419409,0.38798937250280474,0.6373331571095306,1.49360421714373
SWE,income,2,ECS,2005,2006,1,single_cross,single_cross,0,1,0.05779511663254079,-0.004704735992655418,-0.01270412051209735,-0.3095467733875203,-0.02501809596110141,-0.005137319851580301,-0.0053779953517564955,-0.0005144168305727947,-0.00098048628887204,-0.021776756832336208,-0.22940737695331548,-0.010605934991251093,-0.1419500580993564,-0.08343785626075828,0.4538232924259571,1.2500658376470106,0.1771076044304749
SWE,income,2,ECS,2006,2007,2,multi_cross,dominance,0,-1,0.058216542559007586,0.00760424983419139,0.011321063597910963,0.012859006678813012,0.008264337584711706,0.004122800494453509,0.009857096401161294,0.017587361745856483,0.032542912677969604,0.007253956367941683,0.013604439062085583,0.008509169863722299,0.015637128544886247,0.10937959347289627,1.0456774039995107,2.890131064323146,1.8364042949578057
SWE,income,2,ECS,2007,2008,0,dominance,dominance,-1,-1,0.03252035657914176,0.010022586412040513,0.015078134081171202,0.06554518177568447,0.015547529237520091,0.006061362189781788,0.012927662534710394,0.02133880155668222,0.037094526332035915,0.0134853036252926,0.062185939638075394,0.012544292515113992,0.049752226718365766,0.1426818371154983,0.8974971049822749,2.636186500211508,1.6897093747325318
SWE,income,2,ECS,2008,2009,0,dominance,dominance,1,1,0.006263590310418881,-0.007752782344783993,-0.01028888480205492,-0.032299656534333476,-0.010248002519367694,-0.005272912773361699,-0.014120531718343099,-0.030838696030217605,-0.054428825016158644,-0.00886513429828839,-0.02924323996083522,-0.010914857414891593,-0.02131692881148589,0.06182154761529368,-0.28978826091227994,-2.450487116271148,-0.12651014879215694
SWE,income,2,ECS,2009,2010,0,dominance,dominance,-1,-1,0.015401272482612978,0.003963281860108303,0.005950157141129342,0.03019000230504887,0.006614017536601402,0.0025889407949761106,0.005646057387840797,0.009502400454800997,0.017338800098786633,0.005731911003303614,0.02740935380624082,0.005355220214658313,0.021516723757936507,-9.780840938367064e-05,0.3993494645752733,1.2551338452815806,0.7694152339754332
SWE,income,2,ECS,2010,2011,1,single_cross,single_cross,0,-1,0.01034759576824735,-0.001286826112758599,-0.0002345379233584799,0.008733662850733737,0.00038925614216869797,-0.0005715028596762067,-0.0027158059613894836,-0.007684925646402302,-0.013979654701596234,0.0003361615521577932,0.007526378460161909,-0.0011827908389347996,0.007889404679432499,0.058358873548132184,0.07767886610857211,-0.4089150501016654,0.5153758039798753
SWE,income,2,ECS,2011,2012,4,multi_cross,multi_cross,0,1,0.023173740091462107,0.0003836337537376777,-1.959010846208642e-05,-0.03504004320921772,-0.0027221882861211966,-0.0003237802993801969,1.7311164299260717e-07,0.0004116036035690107,0.0007578624288709923,-0.002353625973976814,-0.03128293306216823,-0.0006699399820813134,-0.01870081797857792,0.04865195418482182,0.3401570453131093,0.6692186805830893,0.5882571259736658
SWE,income,2,ECS,2012,2013,0,dominance,dominance,-1,-1,0.025797337222231157,0.011756612966882685,0.016922768253034404,0.08107023773084798,0.01743284241326859,0.006738305878713102,0.014208996705967897,0.022334742717392192,0.03964879304158542,0.014962304155922507,0.0682753242361322,0.013966372078209499,0.056173819954640214,0.13582533463684543,0.9784233936972822,2.7847576763323936,1.7660091979513552
SWE,income,2,ECS,2013,2014,0,dominance,dominance,1,1,0.023410514980736742,-0.004319126116090477,-0.0085739511026095,-0.06439871116648177,-0.010838016575348886,-0.003359110185808506,-0.005801956977522504,-0.007505025756936401,-0.013015293354430857,-0.009271386017773386,-0.053025735487633674,-0.006968687701836507,-0.04375065638980957,-0.13360659972930788,0.12505622021861917,0.025460547997358418,-0.027103444930947518
SWE,income,2,ECS,2014,2015,0,dominance,dominance,-1,-1,0.03398680085993174,0.008128289359042806,0.011725176124340653,0.03347563611187382,0.011938809381191906,0.005770561136023797,0.014748241334168216,0.0319860595916705,0.05358549152507597,0.010207450683738684,0.028654843078343983,0.011979178462742601,0.02653213196053089,0.051965011374533354,0.9709689558215047,4.004948074044346,1.784174317794836
SWE,income,2,ECS,2015,2016,1,single_cross,single_cross,0,1,0.015565117639115025,0.003445484321776604,0.003226378472497071,-0.04836012804128412,-0.0004515377386708208,0.0020947072174257036,0.0084409615726882,0.025392063491464306,0.03946294665968786,-0.0003838427313123949,-0.04223661556041597,0.004357664916016607,-0.026892210469492694,0.09038312150576289,0.4454103188314491,2.749453602559683,0.34415687064687006
SWE,income,2,ECS,2016,2017,0,dominance,dominance,1,1,-0.000658375423430895,-0.0077624671880746066,-0.011130073086751624,-0.029121486162145493,-0.0127183031413583,-0.0064870750144432054,-0.01770805309047399,-0.04366864317088351,-0.06948872550372798,-0.010883063356289385,-0.028234408857589544,-0.013479216883719197,-0.025669673213202404,-0.0067606347106305975,-0.4453105460419806,-3.9133691949912404,-0.674245355114504
SWE,income,2,ECS,2017,2018,0,dominance,dominance,-1,-1,0.011069082719834361,0.011888272244652887,0.020471686159566516,0.2148536178762834,0.030290535597321006,0.009482730421615904,0.018027501030015797,0.02964193702405729,0.04798930087625908,0.02569371200361298,0.1661894342229544,0.019719743192843503,0.1260061609811547,0.1702011239179413,0.8518620787098499,3.085425183178174,2.4570930234360624
SWE,income,2,ECS,2018,2019,0,dominance,dominance,1,1,0.019492688222979483,-0.006642144020492791,-0.012501035316313747,-0.19406083295606522,-0.022107067096842403,-0.005864270617660303,-0.009502152197561509,-0.012602099235481584,-0.019949566412208464,-0.0186752425843775,-0.1457982781861596,-0.012206920856346698,-0.1053637321912348,-0.06282474001242244,-0.04970907986740869,-0.4363835878287432,-0.7807530538206038
SWE,income,2,ECS,2019,2020,1,single_cross,dominance,0,-1,0.01899547719592327,-0.004296577056549122,-0.005974062390695423,0.004566053458787495,-0.004485038559578491,-0.00276944513429829,-0.007525801636674406,-0.01667430577306811,-0.027424351454478524,-0.0038394341759776796,0.004322106749462817,-0.0057513713856227056,-0.0020871732049534963,-0.12655770889998585,0.07133714475114772,-0.9248107369642469,0.44169342822211277
SWE,income,2,ECS,2020,2021,0,dominance,dominance,-1,-1,0.0005179428758841404,0.008958142614108322,0.014416842885946468,0.1156625425805925,0.0189375639177895,0.0057131759810337,0.009345092133316107,0.008698315251782718,0.014460343790302033,0.01609507321019238,0.09390077070138592,0.011874122389970293,0.07771684149471586,0.21759823262482847,0.5358753053961784,0.8689337304077966,1.5273314838978322
SWE,income,2,ECS,2021,2022,0,dominance,dominance,-1,-1,0.003802934761348841,0.018200648136728392,0.02396318702746625,0.509465410658446,0.0403100512455542,0.016535101450983802,0.0449130879089725,0.12109314202066998,0.17403967505368823,0.03326133316433841,0.22267910714113315,0.03457475373010602,0.1454570789023339,0.057545464064958196,1.1416713830107277,10.41575197840912,1.5966280389817342
SWE,income,2,ECS,2022,2023,0,dominance,dominance,1,1,-0.03318376769312672,-0.023044851044367376,-0.028827273442383006,-0.48607750780238806,-0.043180368356146304,-0.018780080669620905,-0.051250664908386395,-0.13396197273049398,-0.1955594874848927,-0.035681266631837905,-0.20673290050451648,-0.039245032813724406,-0.14039871933436376,-0.10487321487116974,-1.9252166346963975,-12.68235769762201,-2.7959532234872846
SWZ,consumption,1,SSF,2000,2009,1,single_cross,single_cross,0,-1,0.05610384469078599,-0.01663865275635068,0.0019943746605877166,0.058338422132858225,-0.01608399419570572,-0.018322186466827206,-0.0780803025223123,-0.29902944519503616,-0.2148462468292074,-0.01005968591415729,0.023047839711325513,-0.0415690180210353,0.0812960503884137,1.9787177845701027,0.04595108930978653,-0.496247689817757,-0.051949722134621235
SWZ,consumption,1,SSF,2009,2016,1,single_cross,dominance,0,1,0.4121583393021601,0.031385744205750354,0.018002153516674224,0.08950850590680193,0.05996089485025674,0.026272184348288985,0.06928661668132358,0.15076233904375202,0.11245593326477499,0.03669367815269431,0.031159656491926535,0.05975996569285075,0.07883952648841974,1.456235700371776,1.1549106848213695,3.0769535546568614,0.8347949388004926
SYC,income,2,SSF,2013,2018,0,dominance,dominance,1,1,-0.08063034192748071,-0.14600536396363878,-0.11969276002526774,-0.2641870990533003,-0.20964292836873943,-0.1198688178967048,-0.38908678957830656,-1.496847104280174,-1.2160679986063117,-0.157368047311165,-0.1730383204046726,-0.25936423053518487,-0.20341750904069633,-0.9229030058460923,-4.122630592818848,-30.501901669626278,-3.971741671858288
SYR,consumption,0,MEA,1996,2003,1,single_cross,dominance,0,-1,0.23019224948609043,0.0234924216035009,0.024321420478013334,0.0355941710030136,0.026742716925235388,0.011912699892342296,0.025009269472482498,0.026288853285381886,0.0305325475516397,0.021550981338084807,0.032852929674084874,0.0252363325525575,0.05105968214635198,0.5863148294285567,0.8960350278335345,1.9129793300599554,0.6694021820495006
SYR,consumption,1,MEA,2006,2009,1,single_cross,single_cross,0,1,-0.007790111304008542,0.002430173842548955,-8.904008636412275e-05,-0.00433123458699608,0.002698581159370883,0.003238078986713494,0.013699681721210222,0.05055047825888431,0.054857191324837795,0.0020655614627232977,-0.003279251711961806,0.006945442457764184,-0.010481341629141716,-0.2583963252226589,-0.006841141015611285,0.4621921313182291,0.01635414064462104
TCD,consumption,0,SSF,2003,2011,0,dominance,dominance,-1,-1,0.41769235585106373,0.035017314148706014,0.03989970070337434,0.13483367249208777,0.06395627794195768,0.0246391036746626,0.051534412442936495,0.08196831521537268,0.08570190397841304,0.047512863907634095,0.08527432676235164,0.05316780057837711,0.15484115531415898,2.4618212276676177,0.6512387916017589,1.5155028245878528,0.2963248048121484
TCD,consumption,1,SSF,2018,2022,1,single_cross,single_cross,0,-1,0.01852392391809932,-0.0014056034829305064,0.0023891242157735304,0.011128978369801201,0.0014185160389438012,-0.0005862038726280883,-0.003931580614390501,-0.014202190109314894,-0.01683980620560066,0.0011261482942973022,0.009466195263981514,-0.0012452649726060194,0.014034120752108303,0.11114054199244539,0.021261354503138152,-0.004686642528572094,0.004589915481536533
TGO,consumption,0,SSF,2006,2011,0,dominance,dominance,-1,-1,0.047235967068622285,0.037958324660910314,0.03871131676971895,0.12723230713318867,0.0677622318163989,0.027126776439748812,0.05968148659670186,0.10076478943321732,0.09987032817891761,0.04885853889654057,0.07651049265678139,0.059050700654202704,0.14642703532164825,1.9641324282400205,0.1528896033853291,0.38369591346209075,0.06665920798521438
TGO,consumption,0,SSF,2011,2015,1,single_cross,single_cross,0,-1,0.024925974220216918,-0.02984715724294884,-0.019598849532511453,-0.03832943513596587,-0.04053766450152235,-0.0206579342518656,-0.055204136221655875,-0.11550391967587953,-0.1153644234847524,-0.0288301171824209,-0.020867769275362436,-0.045054846828496586,-0.042968600270224644,-0.4088088159854779,-0.05056648228898819,-0.24374277741767747,-0.03830957869380808
TGO,consumption,1,SSF,2018,2021,0,dominance,dominance,1,1,-0.08385510925281865,-0.04671678578427241,-0.04495020698243413,-0.0977483160842389,-0.0661916022762094,-0.030158095879571592,-0.07166963778350388,-0.12879209689871324,-0.1380889849078113,-0.05057134519076251,-0.0725744376573701,-0.06471582069034063,-0.11862793409977357,-1.2467512846537776,-0.35088171146177527,-0.9439361006519102,-0.21321522067566218
THA,consumption,0,EAS,1981,1988,1,single_cross,dominance,0,1,0.04425032378834645,-0.013830293320586606,-0.018654263135986726,-0.054563332746564,-0.025147145881685207,-0.0078102650543316054,-0.009412526088089512,0.024402708198602907,0.02152504445931025,-0.018138391912754237,-0.035464989306515815,-0.01706093014795318,-0.0708722288305943,-1.0509280515821446,0.03389940138969472,0.41476576402792986,0.04990116119476529
THA,consumption,1,EAS,1990,1992,0,dominance,dominance,-1,-1,0.18541000117239204,0.025894173650710006,0.02044578758487703,0.060066240136716464,0.04231829927641939,0.019290573761410995,0.04957000909090803,0.1090162730169375,0.08927849049001457,0.029576781787573392,0.03565795983961362,0.04253648109323299,0.06483875097253955,0.6908469533015422,0.8155348672636267,2.2956151056655756,0.6697109463373467
THA,consumption,1,EAS,1992,1994,0,dominance,dominance,1,1,0.05010457429076182,-0.04384643836317553,-0.03379642602778732,-0.0930998596404361,-0.06823710251126691,-0.03141058371891178,-0.07958425350349713,-0.16411443808077242,-0.13708439737445044,-0.04831960053337059,-0.05740307555189689,-0.06900980745549701,-0.10278454255125491,-1.1711456099990691,-0.171364811486455,-0.6296281379530715,-0.17993944305930554
THA,consumption,1,EAS,1994,1996,0,dominance,dominance,1,1,0.08235736186664612,-0.0056173120394787945,-0.0041998136288212695,-0.009023597730461519,-0.008511315534222075,-0.004732923131292421,-0.014758598281314095,-0.04835804153527312,-0.0436921633864884,-0.006261555172502098,-0.006235227834414492,-0.01028634332647771,-0.008136975998100926,0.02864829653312828,0.2610494665991361,0.4138190484396169,0.2051865901050418
THA,consumption,1,EAS,1996,1998,0,dominance,dominance,1,1,-0.00020614844514660948,-0.014406524004098309,-0.011306749110893022,-0.022780472679680974,-0.022235666410245603,-0.013034775471414878,-0.041406269045504096,-0.12712649800570563,-0.1242929596013923,-0.016611923739930895,-0.016349139811860702,-0.02818199212658762,-0.017574857564657764,0.0029899645693536314,-0.13170279308864963,-1.1313745992227116,-0.15494194576358922
THA,consumption,1,EAS,1998,1999,1,single_cross,dominance,0,1,-0.04528976941386602,0.016312260460765005,0.013528096249059596,0.028693279495464574,0.02390209135958521,0.012241026366796387,0.033754106463048106,0.08237763843019308,0.08223233838841681,0.017842068916663706,0.02044975460557269,0.026459699381521207,0.03070096735421851,0.3237562571291681,-0.02506058468153416,0.3275913784499451,0.005860305993692361
THA,consumption,2,EAS,2000,2002,2,multi_cross,dominance,0,-1,0.12266103573774607,-0.00889658693001727,-0.007175161364452509,-0.01573377255493641,-0.0117134418227271,-0.0049897137294726,-0.010204798646746005,-0.007770515818335655,-0.007490519111711835,-0.008721245032301927,-0.011154676583399303,-0.010798296317773737,-0.02122899453662619,-0.3545807082228878,0.3924251380548829,1.091384177380597,0.3296777001830422
THA,consumption,2,EAS,2002,2004,1,single_cross,dominance,0,1,0.12096334095206894,0.005953799375148006,0.005769672205678922,0.013295163694397427,0.009390940887664123,0.004469747552671405,0.01163904571037011,0.025770082833441288,0.024637878056873452,0.007000136493826914,0.009452984761801675,0.009671557653712526,0.014992262325841499,0.13069360104213867,0.5870854175312168,1.5564449091162285,0.5245415428470035
THA,consumption,2,EAS,2004,2006,1,single_cross,single_cross,0,-1,0.11412857125335399,-0.0071696034241809925,-0.002728065868647378,-0.00020219062910481478,-0.00908026026033254,-0.006876181657944208,-0.024649188837961467,-0.08125752181282858,-0.07979118539875951,-0.006767497916007115,-0.0001415320637895845,-0.014868106823355376,0.006088947145608703,0.277533720780645,0.4739435118145616,0.4208367081300395,0.41892240849392115
THA,consumption,2,EAS,2006,2007,0,dominance,dominance,1,1,-0.0036322457638438125,-0.020563727625002304,-0.019818452073823156,-0.043507104699338106,-0.03013654893986567,-0.014071756931437501,-0.03487293203358982,-0.06996160045382177,-0.07432285415087558,-0.02290625634246371,-0.03211539966659832,-0.03024245912059431,-0.0513649028646731,-0.49049398048564186,-0.26958274405542326,-0.950704845679482,-0.26624963604054086
THA,consumption,2,EAS,2007,2008,1,single_cross,dominance,0,1,0.055258223646965664,0.005247846109813992,0.00420539045006596,0.007165913208780017,0.006798628669387963,0.003502664513864606,0.009385726875469791,0.022198438076956095,0.024226903978704195,0.005227982038241208,0.005527321884311931,0.007504865822529572,0.008780953195157815,0.12480195712729181,0.34330954481621845,0.9395761075786293,0.32911218092153494
THA,consumption,2,EAS,2008,2009,1,single_cross,dominance,0,-1,0.0336923142506179,-0.006871191900922113,-0.005496907836475939,-0.009646725162180125,-0.00858904711871028,-0.004229067855287205,-0.010475784151014689,-0.01922407738464843,-0.020943222337373446,-0.006610693679824503,-0.00746396083150741,-0.009059383508412289,-0.01227971101635833,-0.21569754821320775,0.08631748931271055,0.13095715989252632,0.08206603212555885
THA,consumption,2,EAS,2009,2010,3,multi_cross,single_cross,0,-1,0.031386277588134726,-0.0019594771586177173,-0.002335965595012368,-0.004850530463770708,-0.0030300645443659957,-0.0012698030801488042,-0.002935076111099111,-0.007305374314758306,-0.00808654116910179,-0.002345718091194604,-0.0038215063423421847,-0.0027158527935555177,-0.0065864617443474605,-0.05844695841785352,0.14139494698845834,0.27469899256272967,0.1420633182834452
THA,consumption,2,EAS,2010,2011,1,single_cross,dominance,0,1,0.014894243029432128,-0.019452522112928583,-0.021634478968264093,-0.04064660147758947,-0.025640821086354293,-0.010423684959974394,-0.02016194006594979,-0.016573108331556008,-0.01862051581423041,-0.020136936496846086,-0.033956989557212824,-0.022220094226119286,-0.05638589062738403,-0.6734325618574655,-0.1904722865329127,-0.07440704941871346,-0.18219261693646693
THA,consumption,2,EAS,2011,2012,0,dominance,dominance,-1,-1,0.0751437336438731,0.017954789590666598,0.02017166018761396,0.03766479954950147,0.023816002564066185,0.009755853872313494,0.019414564343892493,0.021358856126013515,0.023926171761218473,0.018720824060681096,0.0315845125358542,0.020792528852789288,0.05215783939903251,0.6090302308711033,0.6787639101808836,1.3209251125342085,0.6727684472906281
THA,consumption,2,EAS,2012,2013,0,dominance,dominance,1,1,0.01576130039560142,-0.014043482387570805,-0.013594970280124685,-0.023649033739957803,-0.01885763649754249,-0.009428417365782205,-0.02441863033147712,-0.05285479986751479,-0.060444210097886364,-0.01478641288582469,-0.019469223490781618,-0.020096530702656185,-0.02850832910231932,-0.2611098496266928,-0.1210295238949346,-0.7085435665282507,-0.12173049446753836
THA,consumption,3,EAS,2014,2015,2,multi_cross,dominance,0,1,0.04565393995447522,-0.010450171842917688,-0.01247827931850276,-0.020708497253653785,-0.013220718844499296,-0.005436645319087996,-0.01061686872040779,-0.010879427206125503,-0.013292172083519738,-0.010641391989534205,-0.01871203882325162,-0.011509068841172504,-0.029556122600250534,-0.3842780729832036,0.09702548144407253,0.3762970031380064,0.1009528372895403
THA,consumption,3,EAS,2015,2016,0,dominance,dominance,-1,-1,-0.0036696037000893867,0.007045262625245796,0.0075075322634577946,0.011397163933957816,0.008306884436001916,0.003683041118437591,0.007804435937484089,0.0096512599809086,0.011802373895143159,0.006702651696332607,0.010427105498425626,0.007792956912816812,0.016235226805790814,0.26305269148386845,0.09118308460829372,0.14049163255395491,0.0926053992845679
THA,consumption,3,EAS,2016,2017,2,multi_cross,single_cross,0,1,0.01657498487655798,-0.0030612352749843086,-0.0021297852001803674,-0.0021390539725241187,-0.0035071447484117946,-0.0022737757168574957,-0.007004706522788395,-0.018127977698265907,-0.022311791910722745,-0.00282305212775949,-0.00193260055744221,-0.004812985059180708,-0.001415874344140311,-0.059178384415393914,0.04806217954741854,-0.14210600775534132,0.05226188480549876
THA,consumption,3,EAS,2017,2018,3,multi_cross,single_cross,0,-1,-0.012862447876558464,0.0003164225637832252,0.000444861906120142,0.001356303054903113,-7.572875999242723e-05,-0.0005618744697388073,-0.003062723582129695,-0.013160718297619278,-0.016595474845929492,-6.106661414220782e-05,0.0012266866704839785,-0.0011883969085917934,0.003444420449523533,0.13163029363521694,-0.07022539721931054,-0.43129050827074167,-0.07208757633869967
THA,consumption,3,EAS,2018,2019,0,dominance,dominance,1,1,0.0032030826512825924,-0.01557110647930332,-0.017379775810528852,-0.025520119324343393,-0.0187801308614855,-0.008522844381811293,-0.0186613314651477,-0.025896024426360298,-0.03372446556707864,-0.01528771189352049,-0.023857309339558985,-0.01798074438142941,-0.03600505490253714,-0.4239749373775137,-0.23113864060195244,-0.5007915064976398,-0.23669748370770805
THA,consumption,3,EAS,2019,2020,1,single_cross,single_cross,0,-1,0.02129055547042949,0.0013165824787679248,0.003113865919986636,0.005855373002495501,0.002174877121780716,0.0003521095792724943,-0.0008887020433195059,-0.007066621859069699,-0.009469208947330054,0.0017851638705757844,0.0056224213603743856,0.0007411649081782989,0.009320816023894896,0.13154028981382293,0.141856197181645,0.10408652394763784,0.15052763239813594
THA,consumption,3,EAS,2020,2021,1,single_cross,single_cross,0,1,0.010395160201774408,-0.0006372932801628206,-0.0012703345840199276,-0.002589924857946624,-0.000793351488542815,2.7789677642900412e-05,0.0012419611147896081,0.006931508317217672,0.009289277881767588,-0.0006507421474150066,-0.0024756382152441025,5.8501393161797255e-05,-0.004431033112858196,-0.04330901880424509,0.049335579057715684,0.2808176112183407,0.05016444178453483
THA,consumption,3,EAS,2021,2022,0,dominance,dominance,1,1,0.09417870621473351,-0.006247593765293491,-0.006837423040360502,-0.008878295129692182,-0.007449873481302993,-0.003797292369993391,-0.00954775388967219,-0.018671867244746454,-0.025294422979725173,-0.006135969313712575,-0.00862300633795049,-0.007985534943613981,-0.011550661567739151,-0.056189322419843535,0.45720163559992333,0.7676548258931124,0.49657995291539603
THA,consumption,3,EAS,2022,2023,1,single_cross,dominance,0,1,-0.03430058306377869,-0.008048192436907076,-0.009570638742824933,-0.012793047273492814,-0.008969446465525804,-0.003838178247373203,-0.007446913628302215,-0.005835189970689825,-0.008087692001893854,-0.007448447916743817,-0.0128097116596107,-0.008054535357960219,-0.01920484826852925,-0.27825669878382797,-0.3518359795399082,-0.5873275856402866,-0.378992607476893
THA,consumption,3,EAS,2023,2024,2,multi_cross,single_cross,0,1,-0.041993882746279174,-0.0017310116884347027,-0.0016160951617157915,-0.0015532727346493913,-0.002007925058688992,-0.0012262245987835069,-0.003645361197839203,-0.00968106014560599,-0.01362311715273501,-0.0016766019463627102,-0.001587229566308579,-0.0025696893732174986,-0.0016975830278798676,0.03682410717158646,-0.271242567727664,-0.7484062102389579,-0.2842660882057597
TJK,consumption,0,ECS,1999,2003,1,single_cross,dominance,0,1,0.38905155979331785,0.03184584089909309,0.03115078878505617,0.020927925373403905,0.027261157210589082,0.014748851432027699,0.03601905570635902,0.0585848076647833,0.09104124244471345,0.023181062876316993,0.021979514136407974,0.030733797795988504,0.03389505059037734,0.405895723498773,0.399083258128863,0.8917253298352372,0.12359476250489049
TJK,consumption,0,ECS,2003,2007,2,multi_cross,single_cross,0,-1,0.4078594404671087,-0.005481818926435067,0.009235875830842732,0.09558417256443869,0.0186198834757966,0.0048038710581841115,0.009401122186321276,0.03455963453051547,0.04845407822157988,0.0154737615734436,0.08569529683420452,0.010063825676239091,0.08571876129447759,-0.1816386931707834,0.49169926756277516,1.3193229220662843,0.2293308458364699
TJK,consumption,0,ECS,2007,2009,0,dominance,dominance,1,1,0.1639389895635139,-0.01397058124773215,-0.031248512726679167,-0.12031985055230979,-0.0384205775043914,-0.01432167542696601,-0.030745271560425086,-0.06439000047143167,-0.09320111106745554,-0.0322480110635702,-0.11182027255756499,-0.029925241260504,-0.12137280287312951,-0.11816007951533658,0.19291960424488175,0.10192122789822333,0.06726431415622453
TJK,consumption,0,ECS,2009,2015,0,dominance,dominance,-1,-1,0.15784974286085662,0.032204389948109535,0.03959853084241394,0.05306651049406891,0.036640015518039915,0.0166434633184738,0.03593984899114969,0.048190568294048386,0.07089768786999251,0.030780730344556306,0.053868473566407116,0.0347987812384587,0.07444752840751973,0.5105826329947045,0.5027327272538304,1.0753914351978895,0.293958981870236
TJK,consumption,2,ECS,2021,2022,0,dominance,dominance,-1,-1,0.1984761073666078,0.07078504197491703,0.07030888665553636,0.1061427231711633,0.09179265818712132,0.050071049909755486,0.1421484820869455,0.3824284155915044,0.439174292403019,0.07363088389311151,0.09177714185968161,0.10609724085423891,0.11711253152606199,0.7418474912158626,1.1531744432766553,4.97184669629648,0.9791659028969661
TJK,consumption,2,ECS,2022,2023,0,dominance,dominance,1,1,0.024802637818044468,-0.014551831779485325,-0.01351778006116433,-0.028336786893191412,-0.02011172674314382,-0.010120616242778685,-0.027643841699173388,-0.07320962643049955,-0.06934677666341726,-0.015559332758839,-0.022079361637572792,-0.021687352083028022,-0.030541815066005507,-0.05047640273993448,-0.04477960558997918,-0.39054146119968003,-0.055659123230284324
TJK,consumption,2,ECS,2023,2024,0,dominance,dominance,1,1,-0.023777217554142447,-0.019164512681891677,-0.020466052540814017,-0.03812723210572369,-0.028534126210076588,-0.0152529133379522,-0.04472734340720902,-0.1375381895101901,-0.1450015306525706,-0.022619182978203506,-0.032344408491432886,-0.03245000895666239,-0.040219183954277926,-0.3268454920484576,-0.253191570964336,-1.5167742625867202,-0.23609203300624348
TLS,consumption,0,EAS,2001,2007,0,dominance,dominance,1,1,-0.12879185846304986,-0.08108478849277984,-0.09796886479789635,-0.10559721496140143,-0.0865030949564164,-0.041923409367326,-0.0965023406710922,-0.1537032366495267,-0.2226775345646027,-0.0731865958898478,-0.11365202047255832,-0.0875811101598534,-0.1535758626028735,-1.3859311816787248,-0.365014276045309,-0.9313295137574304,-0.1416073331674572
TLS,consumption,0,EAS,2007,2014,0,dominance,dominance,-1,-1,0.20148875476459832,0.008283813013298835,0.010599902765493496,0.0078783416549017,0.008789238946227101,0.0050925808322137,0.013571814138947813,0.02717817923084001,0.04518374888649934,0.007728452159670496,0.009776570294230291,0.010532819006176697,0.010333762921586304,-0.05782570877987103,0.2020481185147417,0.5162144208431687,0.0729811350670056
TON,consumption,1,EAS,2009,2015,0,dominance,dominance,1,1,-0.22632032786869152,-0.03971337687653531,-0.04291303067946295,-0.06654196497715908,-0.04697611519427078,-0.021144592664048792,-0.046296629526625804,-0.06630566780952979,-0.08488176493542077,-0.03808391361195851,-0.06001766534692632,-0.04464429982301518,-0.09168505113545955,-0.9905362566358518,-1.1399486389258855,-2.484845937739137,-0.9082794110560803
TUN,consumption,0,MEA,1985,1990,1,single_cross,dominance,0,-1,0.07290228920508228,-0.03316866929806778,-0.024470855462290775,-0.04673324226940323,-0.046106069076014555,-0.02564356097539089,-0.07640074861675422,-0.21373785791638705,-0.21476747738294577,-0.034391747694416386,-0.03191557574792919,-0.0553778828613245,-0.04388100936095207,-0.2863297516641845,-0.01993307834591418,-1.0317919564184868,-0.0852573650647781
TUN,consumption,1,MEA,1995,2000,1,single_cross,dominance,0,1,0.16813414672105345,-0.008503352999041702,-0.009563627952666076,-0.026236171044173084,-0.013309390573008173,-0.00448839015110622,-0.006132287956437166,0.008280878178109519,0.008864039517491373,-0.010024843065963684,-0.01845196245962427,-0.0096612495785533,-0.03555596716773246,-0.5410944224662266,0.5069613631412411,1.3842907852068675,0.4180484495432939
TUN,consumption,2,MEA,2005,2010,2,multi_cross,dominance,0,-1,0.2526249523934579,0.007315334024653453,0.008049394780446528,0.0191449409507245,0.010403174748041505,0.004189937329555998,0.008418617059409828,0.01012631298526323,0.012179703476454584,0.008146070234749003,0.0148391120448646,0.008919189463231475,0.0241648069700936,0.3358012817907854,1.1759340295725096,2.523971634942642,1.0690343418308657
TUN,consumption,2,MEA,2010,2015,0,dominance,dominance,1,1,0.06960242166624651,-0.05645979165553666,-0.06324505190958651,-0.10831122379538169,-0.0722898717102882,-0.032745151309892404,-0.0737091637809609,-0.1153423255345368,-0.15140875319205316,-0.05839704049276129,-0.09457688708506701,-0.0691510060112211,-0.1420345816099226,-1.5266587542282988,-0.42165840678194577,-1.3100664399035544,-0.4068109839361891
TUN,consumption,2,MEA,2015,2021,0,dominance,dominance,-1,-1,0.05931990471473507,0.008812197304082892,0.010143504676943915,0.0123501697319236,0.014065301733779206,0.00930323767357591,0.030505034447881996,0.09432237366663218,0.1259224716326618,0.011695391425802892,0.012227749668041799,0.019518655806626095,0.008642738744998713,-0.10641465791667581,0.4049808569853379,2.418316746223221,0.41299419955443817
TUR,consumption,0,ECS,1987,1994,1,single_cross,single_cross,0,-1,0.022168357677238484,0.0028672533588247062,0.007229200648276368,0.0240401475724365,0.006896517131452895,0.0003672028649046033,-0.006887951788338897,-0.04676336554122518,-0.047062775805199686,0.005198154533988003,0.0172522480283685,0.0007912574402983985,0.03456065650241097,0.519477878169619,0.1249781672383321,-0.26097428263724787,0.0911508715451248
TUR,consumption,1,ECS,2002,2003,1,single_cross,dominance,0,-1,-0.05062328422361204,0.007903291153611602,0.009155632219351006,0.03137441947249908,0.014217969091207816,0.0052983571689776965,0.010171475179183265,0.008385178737266297,0.008739513240759389,0.01058517956374938,0.020703615676463172,0.01143590734379446,0.0357786817516168,0.3709878487043703,-0.14729177450052333,-0.44306882210620024,-0.1336309479769402
TUR,consumption,1,ECS,2003,2004,2,multi_cross,single_cross,0,1,0.20613377807171332,-0.008947606416713438,-0.0041739138201123405,0.0004449003930684925,-0.008977087284906204,-0.0066712244819336075,-0.022359453774081106,-0.060073465784498126,-0.0644853526031205,-0.006665855101767204,0.000283049717519801,-0.014393344540822695,0.006384449183271967,0.2040471301633353,0.9275606106921357,1.5333634514839325,0.8827843125655619
TUR,consumption,1,ECS,2004,2005,0,dominance,dominance,-1,-1,0.061150763889018786,0.013227126937969347,0.011612352137009285,0.03602406269974673,0.02195878453862371,0.01128490198846352,0.032581678752047816,0.08447550666548992,0.08947917965250873,0.016200075775158918,0.02201304955624922,0.024380309545357248,0.031062074196383405,0.18753592216348647,0.5342543671903002,2.0235681028783024,0.5514120378955369
TUR,consumption,1,ECS,2005,2006,0,dominance,dominance,1,1,0.0049182784015351505,-0.029612700933351443,-0.02497671293220416,-0.060094021489391025,-0.04317619647162069,-0.021701979619944717,-0.0587020800317799,-0.1336356500078233,-0.14591218676119366,-0.03219477837905391,-0.03774595663780672,-0.04674458138452314,-0.06100083812898849,-0.49481406829220287,-0.3918675571598067,-2.0084017514962245,-0.39484474340341746
TUR,consumption,1,ECS,2006,2007,0,dominance,dominance,1,1,0.052979913605800684,-0.012014933992962606,-0.011093882826194723,-0.022150081940436384,-0.01648084250013332,-0.008349550189327093,-0.022053919804229494,-0.046568110328367496,-0.057186922877368374,-0.012660358716945597,-0.015274160955220772,-0.017829370072170975,-0.02386619634952425,-0.10150024920204359,0.12664283812603827,-0.20555278389607068,0.14579305622193983
TUR,consumption,1,ECS,2007,2008,0,dominance,dominance,-1,-1,0.10102168417323394,0.005745286463874233,0.005835135112588152,0.012822632135022494,0.009608133312539013,0.005705467548270893,0.01795292224886419,0.049651821639902005,0.060837440182469726,0.0074061886056951964,0.00893882691917497,0.012174089668344185,0.009132858011919431,-0.14097568078810507,0.7087169194280962,2.264291604476501,0.7663689782246754
TUR,consumption,1,ECS,2008,2009,2,multi_cross,multi_cross,0,1,-0.010539788213232664,-0.0005260779389880121,-0.002967961426361465,-0.014614625825751792,-0.005271929369536743,-0.0023504911923570987,-0.007133284381976912,-0.0244978515517435,-0.029450454218341138,-0.00405492259390719,-0.01020981700027579,-0.005020169947953901,-0.013276467668878356,-0.11565144139280825,-0.07656572950358331,-0.6314053087093665,-0.09178814989389039
TUR,consumption,1,ECS,2009,2010,2,multi_cross,single_cross,0,-1,0.016792093050818798,-0.001819424407208614,-0.0014013262223279144,-0.0018600990218848312,-0.0015329782924375923,-0.0002598193374614005,0.0011703881594163357,0.010473481020111808,0.012718764153401119,-0.001183112918967999,-0.001325051927886678,-0.000554508493872119,-0.005151216189890784,-0.1642701630487302,0.07799693505460592,0.4399591676498211,0.0861745990152496
TUR,consumption,1,ECS,2010,2011,1,single_cross,dominance,0,1,0.08977055119475069,0.012515663930122323,0.010034549030444206,0.016224645545684424,0.015055623176826405,0.007588373136687393,0.01906610941174941,0.03436124666082746,0.0404231956350366,0.011541349218273406,0.011363104606449015,0.01622909805843653,0.02007032576903489,0.32558117603981973,0.8373997385529783,2.041597100851341,0.9189543074986428
TUR,consumption,1,ECS,2011,2012,5,multi_cross,single_cross,0,-1,0.037875146620775305,0.0013098997920121813,0.000741008301382573,-7.616003935007054e-06,0.0009732186007889165,0.0005028590684747203,0.0010405054550392534,0.00024418949214383145,0.0002805518987937239,0.0007400883079628773,-5.232551847811351e-06,0.001077948093966885,0.0006664385382220139,-0.023746245243564168,0.30732013611738473,0.6194805559007523,0.3520211182994526
TUR,consumption,1,ECS,2012,2013,2,multi_cross,single_cross,0,-1,0.03984836986921926,6.684889575520048e-05,-0.00010592542654097592,-0.0011027592089922766,0.00044184498427279895,0.0009781701506642038,0.005060479422044406,0.022418888239363166,0.025383085600211186,0.0003357652763485153,-0.0007586347247636183,0.002097735785474397,-0.00443264338074445,-0.12631162799826878,0.31127249262635015,1.1735408929579805,0.35273839560923204
TUR,consumption,1,ECS,2013,2014,1,single_cross,dominance,0,1,0.043448718871306184,0.010567977038973497,0.007688831242324334,0.011927407637252696,0.012637983852553603,0.006544381862451182,0.016921173350769703,0.03203423922476151,0.03506958599279664,0.009541272194961786,0.008102555929150712,0.014065231575866033,0.014488470597170067,0.15507878828861976,0.5704862121629697,1.5098727049733576,0.6323013378899303
TUR,consumption,1,ECS,2014,2015,0,dominance,dominance,-1,-1,0.001840079232271301,0.016123669689239506,0.012275427250094784,0.026326757155532288,0.023770685312874573,0.013370612545552496,0.04080758509384824,0.11737890283747376,0.11853461672476173,0.017622660910074694,0.0171158483457019,0.02890303517541376,0.022306438367027948,0.04217219238447534,0.3490280882093817,2.486125401994041,0.32342848602629815
TUR,consumption,1,ECS,2015,2016,0,dominance,dominance,1,1,0.04752115056817802,-0.009741662323521194,-0.007697251290099794,-0.018069604106368986,-0.016081927210958802,-0.009653111346064502,-0.03194928884777154,-0.10429429031923743,-0.10458450784757278,-0.01187661659851369,-0.011636394866403721,-0.020889589724020163,-0.011836372792461858,0.11984142741105597,0.21974987047499717,-1.2114935201201824,0.33513447389714734
TUR,consumption,1,ECS,2016,2017,1,single_cross,dominance,0,1,0.018129732196564243,-0.004708957392134394,-0.004130732368458845,-0.010965686984868439,-0.005996812427471188,-0.0019506726530488794,-0.0017866650005337603,0.011722872253686456,0.012325650626744067,-0.004477807482064888,-0.007299725063816764,-0.004207027346859515,-0.015537453246260213,-0.2120406276692357,0.06205999262762418,0.6469503487048733,0.07263279365348474
TUR,consumption,1,ECS,2017,2018,1,single_cross,single_cross,0,1,0.020963402196476376,0.0047270124855373075,0.0029199172658597172,0.004054705800554836,0.005753691903994107,0.003338240002468601,0.009637348369073484,0.02186334031925563,0.022573383125859547,0.004296791664155586,0.00272072750999669,0.00720251030916641,0.0036188820187283977,0.17550715144249818,0.30013767724067186,0.9566663898980678,0.3262156316421807
TUR,consumption,1,ECS,2018,2019,1,single_cross,single_cross,0,-1,-0.015331330245793345,0.00033614392518549474,0.005323295682467921,0.030696150699795366,0.005859149345707415,-0.0006181343603355038,-0.009181065930848498,-0.04165954281162759,-0.04348182662476796,0.004350213660152202,0.019798367361794966,-0.0013347286838731875,0.03922466660888668,0.4956721488059408,-0.13611590868955048,-1.3015273879561526,-0.06882655102375423
TUR,income,2,ECS,2017,2018,1,single_cross,dominance,0,-1,0.018872828101427434,-0.010862889898724304,-0.007214427877116791,-0.013646354079217715,-0.014942187868220713,-0.008520304623871905,-0.026107886687691872,-0.07595952056459399,-0.06960182963911299,-0.01087308300406331,-0.008210234810534012,-0.01852056004707542,-0.011239777101087922,-0.054079774435654926,-0.06724842214739901,-1.1955953309603693,0.026668634699582583
TUR,income,2,ECS,2018,2019,0,dominance,dominance,-1,-1,0.021423740777412537,0.013922181295390135,0.011729820066380459,0.03779656973458262,0.021690504610002492,0.009671752428436903,0.023595864162765268,0.04367541677938691,0.04055952901771498,0.015730671486980874,0.02215744002424891,0.021030630229022407,0.03890742148375459,0.34142606766518657,0.5764699079064393,1.5839564404610549,0.6469679083887243
TUR,income,2,ECS,2019,2020,1,single_cross,dominance,0,-1,0.004444644061963433,-0.007904487474429733,-0.005442053147945658,-0.01112083377868961,-0.010835541758077882,-0.005704824673000597,-0.015937941177881,-0.03674007667454138,-0.034015611855441996,-0.007815643148612272,-0.006332656721270702,-0.012419324342620719,-0.01105761305868136,-0.024103754293688162,-0.1506730210342795,-0.7367031969596844,-0.11157694395472006
TUR,income,2,ECS,2020,2021,2,multi_cross,single_cross,0,-1,0.09239689938596443,0.013096670121405807,0.007899345251081491,0.01549927160438902,0.019581961282470695,0.012684076248305198,0.044918827466744915,0.1703966168907618,0.1497391551782441,0.0140629305697485,0.008785111515785315,0.02767047732916511,0.004670194839537678,-0.28229677230952,1.4152966265962998,6.751358069704999,1.6170632720275595
TUR,income,2,ECS,2021,2022,2,multi_cross,single_cross,0,1,0.06324352849381841,0.0010848905108626905,-0.0024911122262893937,-0.027066354367217715,-0.004595502964763909,-0.001149352094147904,-0.004133280669608996,-0.03623332598323814,-0.030252430334925418,-0.0032756076066882134,-0.015534327038068008,-0.0025159554719915156,-0.021735648341673963,-0.010870517737950891,0.8341317437912359,1.3015022238423484,0.9892707814099033
TUR,income,2,ECS,2022,2023,1,single_cross,dominance,0,1,0.30937363336302454,-0.007960268499407785,-0.00584950364283543,-0.015730600477856016,-0.011014235391889393,-0.004868563368469386,-0.010629658352619975,-0.004967806729073043,-0.004208332020692707,-0.007912333766730673,-0.009455662782460628,-0.010638240385900666,-0.01784927541891468,-0.1714574751145772,4.436645188274699,12.491630728291781,6.164062945129865
TWN,income,0,EAS,1981,1986,2,multi_cross,single_cross,0,-1,0.28670611483562275,-0.002656085973097133,-0.0030359583818269087,-0.002881407201100805,-0.001382110994626401,-7.301956732810866e-05,0.0018061141864539887,0.011186629043603818,0.017743176096612467,-0.0011959692251095055,-0.0033402168671508026,-0.00015161286104489746,-0.006372001375708314,-0.14866021051715217,1.5907060527738857,3.814038112695279,1.718555546569526
TWN,income,0,EAS,1986,1991,2,multi_cross,single_cross,0,1,0.511714556120344,0.002598516057146394,0.0036733416534942,0.003536257862371106,0.002129743026613895,0.0006760818382553074,0.0005428176245806937,-0.002383097014598212,-0.0037383237380770318,0.0018422221038497943,0.004095265650904206,0.0014039985076119976,0.006424827167680225,0.09047147349219697,4.477588210710175,9.297019249105633,5.924402141004453
TWN,income,0,EAS,1991,1995,1,single_cross,dominance,0,-1,0.15196875355581405,0.013577471749658898,0.02632804558582058,0.07295630432585962,0.0243735531595842,0.008168648063722805,0.013072500008412896,0.008633553235252805,0.013441018862792253,0.020806028027476803,0.07565783326273506,0.01700420903730221,0.0817939752814913,0.30974771722882544,2.393571544414483,4.419895241917132,4.335305908860125
TWN,income,0,EAS,1995,1997,2,multi_cross,dominance,0,1,0.055069909254708574,-0.005008577177594786,-0.013657912991467014,-0.057896360235728306,-0.014998637551934507,-0.0043358099780888,-0.006100948222981906,-0.0038622532212785055,-0.005978162994032754,-0.012743236062703306,-0.05869849635413277,-0.009034976108933501,-0.05898066274718211,-0.1016605212843471,0.5333169150860737,1.3050950043369198,0.24355235256334495
TWN,income,0,EAS,1997,2000,2,multi_cross,dominance,0,-1,0.058071104743310425,0.002891498416344618,0.002705346518806162,0.0021343213119436044,0.00262781585320801,0.0014882028790392937,0.0038280529524572227,0.006821109398761793,0.010521018921687664,0.002246493623773299,0.0023423763575681766,0.0030987267040956112,0.0029278279853973133,0.005866800763469016,0.9737049155225712,2.2477544379082275,1.4404819757540093
TWN,income,0,EAS,2000,2005,0,dominance,dominance,-1,-1,-0.0031521097190396175,0.01066647113235919,0.013248202369505524,0.01575990065769778,0.012010200176696906,0.0058749237409504995,0.013895944849253689,0.024145003773169915,0.03595313965860725,0.010192586089692007,0.01684880066184613,0.012257223958290597,0.021627508815309393,0.1515836135033748,0.46366633063097673,1.6225199887949948,0.5744980346250692
TWN,income,0,EAS,2005,2007,2,multi_cross,single_cross,0,1,-0.05231048954758044,-0.0005261851887075064,-0.0004228248454219985,0.00010611944553359787,-0.0011784326037056203,-0.0011369566864278952,-0.004357862189873302,-0.014025284280930916,-0.020649081194698438,-0.0009946819074252988,0.00011085002389460419,-0.002375165079996605,0.0018070300513787219,0.12381051402786714,-0.8087841878600113,-2.620756775991598,-1.2240981471383812
TWN,income,0,EAS,2007,2010,0,dominance,dominance,-1,-1,-0.07218754565192548,0.010894159541627702,0.017135525966155307,0.03139633674299691,0.016335069332003904,0.006874775622439891,0.014704720045447206,0.023657850992056306,0.03447982188360532,0.013684030469382907,0.03136753901963507,0.014384339052418316,0.039864655428514195,0.23200728513400204,-0.5556691404687228,-0.6590927318987561,-0.7356642074301529
TWN,income,0,EAS,2010,2013,1,single_cross,dominance,0,1,0.015752838348975784,-0.007418955007090777,-0.010259991712582184,-0.017091674964464787,-0.009252013758751204,-0.0036094428872816,-0.006501957460053193,-0.005156638300515992,-0.007369878518446837,-0.007723034498785919,-0.01673011540103808,-0.007558913360485003,-0.0237707587639574,-0.23601045983115387,-0.09574303237021731,0.1556037965792889,-0.20249403509412822
TWN,income,0,EAS,2013,2016,0,dominance,dominance,1,1,0.06539425117031977,-0.010258239036433525,-0.013717821695150123,-0.0208643131877832,-0.012616955824584691,-0.005591949712399694,-0.012075132189792503,-0.01753371704073392,-0.02566509757744362,-0.01064771468689718,-0.021554012331680028,-0.011681272061418502,-0.02771878997194932,-0.219675309032616,0.47175998904260297,0.8432526656033232,0.8168479484641811
TWN,income,0,EAS,2016,2017,0,dominance,dominance,-1,-1,0.027437377403305832,0.0030400411690222895,0.004196439962760534,0.005758198657881491,0.0046856857116950035,0.002676455897112101,0.007646344425321888,0.018701792807939405,0.027341334043422094,0.003970038773720791,0.0060785666080090395,0.0055865222367494916,0.0061000860343009,-0.018202478803869493,0.5441399515108163,2.1432215598111846,0.8298571158606851
TWN,income,0,EAS,2017,2018,4,multi_cross,multi_cross,0,-1,0.005081284674374123,-0.0012203847257746814,-0.0014080263548719163,-0.0014487108775801116,-0.0014736503813533863,-0.0008134852566608064,-0.0020955723732928866,-0.0036547882256979802,-0.005258285286759978,-0.0012465744212440122,-0.0015197562899105233,-0.001698835951878197,-0.0018535294134504054,0.0025021807366738535,0.018389550854047698,-0.08156240315144458,0.07689226493797108
TWN,income,0,EAS,2018,2019,1,single_cross,dominance,0,-1,0.023263074190378475,-0.004388487120295603,-0.0039959895232905,-0.0008282301541205905,-0.00403409185354181,-0.00266901000151909,-0.007889002236770498,-0.019069949564401,-0.0281114966373206,-0.0034218879090471,-0.0008717189166935757,-0.005568525399756413,-0.0013377115278204732,-0.02504779930022183,0.1396943515810971,-0.590890309850856,0.5131758805935291
TWN,income,0,EAS,2019,2020,1,single_cross,single_cross,0,1,0.05112893343696294,0.0003698591588439104,-0.0008588794204629213,-0.0032943329256504006,0.0001864936738215084,0.0008650697710460009,0.004017849552621883,0.013919559485296301,0.020632908385438187,0.0001584963635718195,-0.00348816316389694,0.0018039645606933996,-0.005686693945397725,-0.08417390882703746,0.8117197172026156,2.741968746859037,1.183204175874824
TWN,income,0,EAS,2020,2021,2,multi_cross,dominance,0,1,-0.005479793297334741,0.003365908621275504,0.003154951078163659,0.0013419425630352144,0.0027644948102786004,0.0015269383544819909,0.003637330716182996,0.004726163925745375,0.006865648866481444,0.0023460124674629934,0.001424937867558429,0.0031862578894559235,0.00286069391385102,0.0028914474836509996,0.08375446802617859,0.1573932419108246,-0.05842796772104819
TZA,consumption,1,SSF,2000,2007,0,dominance,dominance,-1,-1,0.624609284495309,0.030027660880258877,0.028239107068456337,0.05300587643210847,0.04197936385191642,0.021900753203291087,0.0602990172176652,0.1465239273513581,0.16302235429376333,0.03268388891407012,0.04189241953172651,0.04676517149919901,0.05748796500088571,0.14005492102716133,0.5399743629527961,1.4430727113127524,0.19178260791129098
TZA,consumption,1,SSF,2007,2011,1,single_cross,dominance,0,1,0.1580084516460979,-0.024965013101818423,-0.032314095000817056,-0.07026167933457039,-0.037802269531616806,-0.014722387198877585,-0.028811888218575277,-0.0320476992201279,-0.033255542448873854,-0.029369913821216898,-0.05680439893622613,-0.031501215787479914,-0.09086325457227912,-0.8208559345426609,0.10547117591079025,0.3426546041088523,0.05387188810015758
TZA,consumption,1,SSF,2011,2018,0,dominance,dominance,-1,-1,0.05630327987159024,0.027033998130611636,0.024430119384985294,0.04117336435950131,0.0351739032959808,0.017869247150772094,0.04750461486363866,0.11233876308280549,0.11199709168774075,0.027363562289430293,0.03450804452415529,0.03826912938990959,0.049276785606460816,0.3511066547621562,0.15717310241925841,0.5398313011379776,0.08960633548450142
UGA,consumption,1,SSF,1992,1996,0,dominance,dominance,1,1,-0.0005870018812028982,-0.02370971852683529,-0.02321241541370289,-0.0487913028872059,-0.0382680532508638,-0.020807102619531698,-0.0639072970286067,-0.21009358461982508,-0.20195862741583126,-0.02920025590182368,-0.03716239253059611,-0.044761091788039165,-0.04732541449869887,-0.32121528615446415,-0.05532514488284057,-0.46802379716616116,-0.051843531792615
UGA,consumption,1,SSF,1996,1999,0,dominance,dominance,-1,-1,-0.023923255785594157,0.03946920435185791,0.03643813895600967,0.08044231221176751,0.05910940154564298,0.029605689280005093,0.08188044529868477,0.21842513332253866,0.20923573626513126,0.0446393571828439,0.05903203419845893,0.06385287844333165,0.08635789264736726,0.6475854911534338,0.06770290902491927,0.4205728096311603,0.05144125029243468
UGA,consumption,2,SSF,2002,2005,0,dominance,dominance,1,1,0.10707961788098508,-0.022050867659685336,-0.014487803043797376,-0.03374865389412779,-0.03543937201466324,-0.02143367599586718,-0.07297904462816818,-0.27143189965876835,-0.22415093181398227,-0.025648683224959667,-0.02219739900695089,-0.04684674765796043,-0.020378130476609857,0.051111070026687244,0.065540057706027,-0.24764610243355678,-0.011868119267185728
UGA,consumption,2,SSF,2005,2009,0,dominance,dominance,-1,-1,0.21585904332499084,0.012489144100222727,0.009725338769986824,0.02860107101765802,0.020789662336135606,0.010996735953623493,0.03217085194647329,0.08203985800916169,0.0722818710943367,0.015156283843209273,0.01892126377719361,0.02396022693348332,0.024092773725250316,0.04198719923863603,0.3278594589062571,0.9774094670151348,0.18504768007349792
UGA,consumption,2,SSF,2009,2012,0,dominance,dominance,1,1,0.07397566648158528,-0.0317660344253079,-0.024898071388877674,-0.058185654349245886,-0.047868243869941374,-0.02527459096626941,-0.07313800234256501,-0.19581227041651716,-0.1812186048905191,-0.035375816334358184,-0.03987255171801707,-0.054838919108390005,-0.0556302907038263,-0.2464651898537733,-0.0010111486208719267,-0.36003340785846305,-0.04396898431239754
UGA,consumption,2,SSF,2012,2016,1,single_cross,single_cross,0,1,-0.04102001386813879,0.017403413588205185,0.012471236486642723,0.021641206844116356,0.02258065271175047,0.011895418149615311,0.0329440942613885,0.08139806100284097,0.07906901001885558,0.01689874145010642,0.015469616932192454,0.025708233048528817,0.02479161147556408,0.25789170834447184,0.0008512030700766893,0.13304151465983072,0.014182441702170201
UGA,consumption,2,SSF,2016,2019,2,multi_cross,multi_cross,0,-1,-0.0029837861352103113,-0.0007836951926781799,0.001000336643618649,0.006591436261299322,0.00465912820259512,0.0047594299559919895,0.025009066352253695,0.14910235003724281,0.1314033549673559,0.00343952645103357,0.0045559084595025445,0.010336346654051809,-0.005462751642667851,-0.3070038259310275,-0.007265568477389683,0.45207776888504814,0.030059612181973006
UGA,consumption,2,SSF,2019,2023,0,dominance,dominance,1,1,0.010758496339375017,-0.0451284217848828,-0.034965835613547824,-0.06123530623427381,-0.0635791326490465,-0.037139425717494595,-0.11642047880117379,-0.36925611178366036,-0.362281014005979,-0.048347682435932876,-0.045243006019373144,-0.07990346974633103,-0.05285131476528204,-0.1913630852453334,-0.14458189941275945,-1.2454736807942561,-0.1574875566069972
UKR,consumption,0,ECS,1992,1993,1,single_cross,single_cross,0,1,0.005584059522080732,-0.007828743556394402,-0.017585991406146917,-0.030505235227835686,-0.013448321122992213,-0.004302583024864207,-0.005414270044828001,0.0015261638695100999,0.002589222068377972,-0.01163491810927439,-0.03387993662208902,-0.00892262639468741,-0.04438405256052741,-0.48354626595143557,-0.04453959284722542,0.04229786057976792,-0.012999893784335637
UKR,consumption,4,ECS,2002,2003,1,single_cross,single_cross,0,1,0.11296898483111956,-0.003807052421731516,-0.007554018164084297,-0.009527179194867896,-0.004768864913806098,-0.0015849507288767939,-0.001988112182287005,0.0010192009637439159,0.0017374032870973721,-0.0041610688990176,-0.0112125248948996,-0.0032818997268240224,-0.014909816521920582,-0.09443346379563478,0.20762252577592588,0.4907209288085017,0.1309464051745901
UKR,consumption,4,ECS,2003,2004,2,multi_cross,single_cross,0,-1,0.11289132782501365,0.0026751235717827337,0.00632326933970917,0.007883374623634393,0.004031828694255807,0.001429966599680088,0.002250350464874623,0.0018750287964796886,0.003182960273651947,0.00351926431481131,0.009301219727682192,0.002960856718894317,0.012108741423480063,0.11582083253790287,0.28416670635809993,0.5629533542952103,0.17759076498496296
UKR,consumption,4,ECS,2004,2005,3,multi_cross,single_cross,0,-1,0.17106404005390324,0.0008836087095974721,1.4277451779842742e-05,-0.00040599725130499587,-0.00014923051793011566,-0.00016400235172189803,-0.0008330925883042184,-0.0035992746338731063,-0.00612525543211806,-0.00013000620214309588,-0.0004735446114252917,-0.0003396948123746135,3.221713139411886e-05,0.04307054744957428,0.4699084051094595,0.8793154377881987,0.32613991754978244
UKR,consumption,4,ECS,2005,2006,1,single_cross,single_cross,0,1,0.07930205829388294,0.007699261178780226,0.007947844687547612,0.004438009696847212,0.0077295310726906985,0.004999875794057709,0.014538537804565904,0.03317962827395832,0.05424418340124271,0.0067083329879135956,0.005144706378272301,0.010369607515078094,0.004722699459656476,-0.008487770953269358,0.32717679421229384,1.0842405333414185,0.277313198655883
UKR,consumption,4,ECS,2006,2007,0,dominance,dominance,1,1,-0.05062785651187961,-0.0277718157549805,-0.036235041126619905,-0.029972627154431414,-0.027063143395860287,-0.013966146908386705,-0.033487690709865195,-0.05731083925836161,-0.09709662823864718,-0.023716473698089297,-0.036155900362519894,-0.028896019435125084,-0.04423989782141549,-0.34939321680813107,-0.4510193090435539,-1.3588860885682186,-0.37068610976124594
UKR,consumption,4,ECS,2007,2008,0,dominance,dominance,1,1,0.13538748390449634,-0.0037430252289876176,-0.005796499570486002,-0.0047977158958039945,-0.0035429231926999982,-0.0016091810718762006,-0.0033078978377284046,-0.004093583056660605,-0.007610419778274813,-0.003152583595760497,-0.006109856115420809,-0.0033155920444803005,-0.0076233764057973,-0.0912943614669488,0.3636714386790638,0.7283307358165461,0.2764277378266544
UKR,consumption,4,ECS,2008,2009,1,single_cross,dominance,0,-1,-0.07643120545789536,-0.013201344940680704,-0.018304099729763212,-0.012302543085791706,-0.011180805371310706,-0.005606724511540498,-0.012598142225336798,-0.018036180167274693,-0.03491113850309435,-0.010022526511276497,-0.016105038256521986,-0.011530175193901607,-0.019777568865694595,-0.15655225647510473,-0.38009777815734047,-0.8556676642920493,-0.2933896203441064
UKR,consumption,4,ECS,2009,2010,0,dominance,dominance,1,1,0.06455461163815111,-0.004974393918966397,-0.008629501592034017,-0.006421923595216997,-0.004596423338353292,-0.0020546806414785054,-0.0041013466451712,-0.004679265119420906,-0.009463696695962698,-0.004152869165711004,-0.008666807593433717,-0.004216896117450894,-0.010360930222454184,-0.07898200926229615,0.12802694018102523,0.25661624425299223,0.09471108858326693
UKR,consumption,4,ECS,2010,2011,2,multi_cross,single_cross,0,-1,0.038246686151617006,-0.002678351983359001,-0.002645866535281538,-0.0011551048345984916,-0.0016067878287769066,-0.0008830050073914963,-0.002029133904802402,-0.0025521924518484007,-0.00523965157814571,-0.0014562416089020092,-0.0015784353212040803,-0.0018108233283800068,-0.0020865976955246057,-0.06469349892986864,0.08132594292823203,0.16109059746710663,0.0625328101952749
UKR,consumption,4,ECS,2011,2012,3,multi_cross,single_cross,0,-1,0.04074504761448015,0.00189633429006561,0.0019333434293380414,0.0012252042324272933,0.000976598911573201,0.000395703256224296,0.0005693608786963011,-0.00042432504873959886,-0.0008766433013217001,0.0008853764229813099,0.0016740313995092793,0.000811384877084903,0.0023261899898739946,0.05554412695769706,0.1493843154295833,0.23586732923930764,0.11082029953101924
UKR,consumption,4,ECS,2012,2013,3,multi_cross,multi_cross,0,1,0.05475837341647577,-0.0018610014596396884,-0.001747076399337244,-0.0013428603563850061,-0.000508296575925396,4.2174758739806084e-05,0.0009130787185851058,0.003928621200063501,0.008056662875194187,-0.000460709532064299,-0.0018351455961256036,8.648879925890474e-05,-0.0029676751790422007,-0.08026900523185576,0.152702158276933,0.45636358243458197,0.13760195089961513
UKR,consumption,4,ECS,2013,2014,0,dominance,dominance,1,1,-0.03852733852335563,-0.005305747234036706,-0.008196095699671169,-0.00504465614745489,-0.0044342265068696984,-0.0021895639933807998,-0.004760824891338805,-0.006053436362802589,-0.012470592161721306,-0.004029039209742402,-0.006967495035997501,-0.004487660428206003,-0.00824660959168691,-0.05749556335489059,-0.19404552394306274,-0.4125895133518682,-0.15987657633775187
UKR,consumption,4,ECS,2014,2015,0,dominance,dominance,-1,-1,-0.10385070648876729,0.014308389602808808,0.02219250779016324,0.014616586402930093,0.01247071694480549,0.006172245843593799,0.013704471488742598,0.019302271974465685,0.03871756812107113,0.011285801273086093,0.019873062195944008,0.012663701076123704,0.023277245535477303,0.15265489967951806,-0.14010862253866962,-0.16055938049788843,-0.09755451473501542
UKR,consumption,4,ECS,2015,2016,1,single_cross,dominance,0,1,0.013325371548961571,-0.004564658058769017,-0.0062149859951122766,-0.0040996650727914,-0.0036295323313270955,-0.0017906447851365054,-0.003877026781616902,-0.004689112007314394,-0.009134660069356704,-0.003270161728018195,-0.005477851452499988,-0.00367813425147831,-0.006633632698373498,-0.07315982343182359,-0.014185020462469833,-0.027027651506214667,-0.012253360550600334
UKR,consumption,4,ECS,2016,2017,0,dominance,dominance,-1,-1,0.09185058816248526,0.010491455880585504,0.014238953586778735,0.0094671134588213,0.008140752229089096,0.0038865227220259008,0.008138671272420905,0.009459491895290606,0.018265194896197046,0.007318203144852695,0.012540015434476581,0.007987662181783206,0.01577975190431921,0.15598545011951925,0.4214647140853409,0.8178123073213959,0.3282762700193209
UKR,consumption,4,ECS,2017,2018,2,multi_cross,single_cross,0,-1,0.0444008043466341,0.0002136055617392718,0.00014629049971037755,0.00016069235215750155,0.0004825769166353078,0.0004122322937593001,0.0013688675622477997,0.0031937437000658098,0.0060254489581959,0.00043194926673760514,0.00020954197954139997,0.0008481910451672015,-0.00033942068119419133,-0.0006048607936470773,0.15658200732818406,0.39291759428331385,0.1373263903547739
UKR,consumption,4,ECS,2018,2019,2,multi_cross,dominance,0,1,0.09352204319910822,0.005482014647408218,0.007495412853526395,0.005272241918263407,0.0045004473017664914,0.002121655612327203,0.004356019669453495,0.00446145950897639,0.008304907291176167,0.004018279945382494,0.006815172976127215,0.004368355755883305,0.008799533319581387,0.12054871337447137,0.42898867367966176,0.8340609664792957,0.3750334513405438
UKR,consumption,4,ECS,2019,2020,1,single_cross,dominance,0,1,-0.04141796663859178,-0.009924941411917187,-0.014617878826773012,-0.0108608753106358,-0.008648033663531701,-0.004054293329092698,-0.0084759918364362,-0.010146690589144802,-0.019079164276479155,-0.007737550641789395,-0.014167175462544507,-0.008343267896225609,-0.017514227170334906,-0.16405525927508124,-0.30317529208251637,-0.6008695300994891,-0.26744461067618186
URY,income,3,LCN,2006,2007,1,single_cross,dominance,0,1,0.08685982436291127,0.004593548854133378,0.0038033451921369865,0.01331477292049249,0.008356346506566803,0.003962226166542404,0.011241013752440465,0.03218480036141402,0.029391344090162308,0.005807235723201021,0.006934579657736306,0.008707495439917778,0.01272405482966621,0.20854051997888767,0.8823166802613525,2.459047231158273,1.0186737503344538
URY,income,3,LCN,2007,2008,0,dominance,dominance,1,1,0.09345668293827182,-0.013225399219162381,-0.01010872116337469,-0.03249425183203103,-0.021469957323061895,-0.009684262919954112,-0.02426740276863909,-0.048540274074386325,-0.04463801159016745,-0.015018925326256816,-0.017263844923391003,-0.02124580959050132,-0.03445465035615214,-0.48806197778290983,0.6373175448116442,1.2309136750129248,0.8147524857840054
URY,income,3,LCN,2008,2009,0,dominance,dominance,-1,-1,0.07028862789119965,0.004572111186053884,0.005305668544038578,0.02443520574022673,0.010337770324274798,0.0039206418606838045,0.009052393621387989,0.02124243131546244,0.019760740689052314,0.007271859382384616,0.013089091034514,0.008586391562530216,0.025209033281178406,0.32451057717372667,0.853713795293972,2.235603151261941,1.065468580057411
URY,income,3,LCN,2009,2010,0,dominance,dominance,1,1,0.0039629053688589305,-0.010616528983123263,-0.0093797886012853,-0.03441242928226074,-0.019129880110345,-0.00852843563853839,-0.02223057354260588,-0.05423294850093141,-0.051198780123316245,-0.013515891972475824,-0.01862836518675559,-0.018651980500748788,-0.03437937820161119,-0.3686934585919328,-0.2149640992722297,-1.1437134681952266,-0.2203318374109582
URY,income,3,LCN,2010,2011,1,single_cross,dominance,0,-1,0.07311425619254257,-0.022959808646146718,-0.017483362844337713,-0.041783973223342596,-0.033046985820584907,-0.015977924626441597,-0.041407572913713386,-0.08772913222174683,-0.08867572233641952,-0.02396666029880057,-0.02452900204144809,-0.034691316860843424,-0.046421703992915675,-0.6290231062594875,0.21982037766006002,-0.4143763338895674,0.4572663593368915
URY,income,3,LCN,2011,2012,1,single_cross,dominance,0,-1,-0.000781819445195179,-0.022681087843290926,-0.01780131117078665,-0.032080191889318876,-0.029997468540748584,-0.01590733613958112,-0.04389895843654562,-0.10009026046223152,-0.11262890428330263,-0.0224515703747602,-0.020431079942434593,-0.034218081041219595,-0.03380909251140085,-0.3008807246085716,-0.6031351075278195,-2.9714855903753232,-0.5320495336693796
URY,income,3,LCN,2012,2013,0,dominance,dominance,-1,-1,0.03968267969565936,0.00547401035679812,0.004568486272771732,0.007840649343081485,0.00762948835561178,0.004481504251244106,0.013681630963748082,0.03620051846178041,0.042411018073094664,0.005774301367061779,0.005131375616221789,0.00960832015740598,0.00615892353481573,0.012084331547812077,0.5724935203930919,2.0397948701103985,0.6847193681914288
URY,income,3,LCN,2013,2014,0,dominance,dominance,1,1,0.05398295113762012,-0.0034017118299611293,-0.003034862151087614,-0.007751079849163789,-0.004763558909357424,-0.0021441750284063033,-0.005006544382158362,-0.008153308286544925,-0.00937071225604802,-0.0036000837240098837,-0.0050722340338041905,-0.004600186450827992,-0.008748583305318691,-0.07101858273120687,0.5137158372980721,1.0535182752749392,0.741798688377239
URY,income,3,LCN,2014,2015,4,multi_cross,multi_cross,0,-1,0.014373750659793497,0.00015966081345875072,0.00024385554077288596,0.0007447568456931952,0.0003734367933337368,0.00015100398442960405,0.0003563217443108835,0.0009769264567024982,0.0011281389637046724,0.000282846663741787,0.0004912822922741866,0.0003237834491893188,0.0008755740074055662,-0.025230975621616913,0.1717443382056345,0.3935824853216623,0.24469962585618887
URY,income,3,LCN,2015,2016,0,dominance,dominance,1,1,-0.018718598428481146,-0.0043185415376891245,-0.005247387066222742,-0.01798511272417591,-0.007919757463080102,-0.002910678585542087,-0.005529844464504496,-0.0062619908278211955,-0.007256926495812666,-0.006021235761868693,-0.012103749421477406,-0.006236149522185208,-0.020919505575248132,-0.25634927562973964,-0.34097153771573296,-0.6772293286114532,-0.4856514291953822
URY,income,3,LCN,2016,2017,1,single_cross,single_cross,0,1,0.037713616271262004,-0.0023209117147636182,-0.003363258331971153,-0.011782233831898858,-0.004732760626135701,-0.0014902289242938183,-0.0020597754207201113,0.0007262046466470218,0.0008447261664913386,-0.0036210541508623073,-0.008209876652868209,-0.0031888015724023666,-0.014589001070472896,-0.20699759164782972,0.36797784786957166,0.9716337409155038,0.4812286608307481
URY,income,3,LCN,2017,2018,2,multi_cross,dominance,0,1,-0.016463960889303703,0.0022344404723249056,0.001625298131469055,0.001409728405746491,0.0022309487733364053,0.0010112206745001018,0.0019785284509624135,0.0008545201373331701,0.000992922396643614,0.0017090431373593118,0.0009943924748825883,0.0021635199353692847,0.0032472199303440474,0.10691346406512015,-0.12628236880001076,-0.38892956506392196,-0.19571924402609753
URY,income,3,LCN,2018,2019,5,multi_cross,multi_cross,0,-1,-0.017090663572957444,-9.484341736049062e-05,0.00014026080843465571,0.0012189869185685875,0.00011418916718758387,-0.00013782631000139323,-0.0008556355999247978,-0.0037934261328168017,-0.004416613079424536,8.73733529372922e-05,0.0008571689311577257,-0.0002949549018356201,0.0017480993680651924,0.03320045367018842,-0.19952097445592898,-0.5542900064745666,-0.26305676618934015
URY,income,6,LCN,2022,2023,0,dominance,dominance,-1,-1,0.01240509910853114,0.0031186996241768794,0.0031666597829407284,0.008801263482601407,0.0054531277598836025,0.0027982729520102945,0.008247919575314733,0.024388624354828914,0.027004829653989648,0.0041052067309496065,0.005794031070794403,0.006014168155074273,0.008253579606307793,0.09075700458191527,0.2283092713268342,1.068221279019074,0.2796139600371905
URY,income,6,LCN,2023,2024,0,dominance,dominance,1,1,0.026932820271316705,-0.008796385023640108,-0.007610271368678867,-0.017053483615715515,-0.012428437524786895,-0.006234742579859898,-0.01674592463984992,-0.039107736419531525,-0.04370703996379688,-0.00938907524170951,-0.01133448642620477,-0.013386718586736457,-0.01799911114656072,-0.2945015456093856,0.05945953559820616,-0.559182902253486,0.186710326037673
USA,income,0,NAC,1963,1964,0,dominance,dominance,-1,-1,0.05745118365169986,0.006461885976914827,0.006036108918582084,0.11292318405168,0.010260997327700305,0.004296507402679103,0.010964792347377295,0.02312980160882272,0.03028112737540478,0.007817714350835087,0.034215653246004396,0.009142003214926281,0.03073136554260636,0.0071688330074888285,1.04220357588658,2.786586232623481,1.5484097802270842
USA,income,0,NAC,1964,1965,0,dominance,dominance,1,1,0.04789211223277986,-0.00546859858144122,-0.0057084525592169255,-0.17836446270773032,-0.012601683292148003,-0.004390808874827304,-0.010614444774194376,-0.02286073039034331,-0.029921826625992187,-0.009612315695967794,-0.05708293918793217,-0.0093424065946274,-0.050199737524781685,-0.051605315002115404,0.4867257994588954,0.26383902359524214,1.0144910214506169
USA,income,0,NAC,1965,1966,2,multi_cross,dominance,0,1,0.008637383073354602,0.0027258885544850786,0.0032198978986568427,-0.08054181676438432,0.0017435663721065975,0.0013362241263304986,0.0024699251979146963,0.0009062057026509862,0.0012088243657415454,0.0013371894484049962,-0.031936213079850284,0.0028406531134632096,-0.01035241126527997,0.27297772646831575,0.24101357712657467,0.3129702712402498,0.4119142422075619
USA,income,0,NAC,1966,1967,0,dominance,dominance,1,1,0.041821056432167276,-0.0022259581266250716,-0.0038934576459066506,-0.04753040047482826,-0.007594023938660599,-0.0022170925377790057,-0.003712299105018607,-0.0044791455407401926,-0.0059940436183832935,-0.005841142721045578,-0.021176801879172147,-0.004712102602575791,-0.029591597104187017,-0.30032754375806103,0.5529360775713634,1.055069933874421,0.8767152409810741
USA,income,0,NAC,1967,1968,0,dominance,dominance,1,1,0.04124969643637767,-0.005515358537291015,-0.006065041827005846,-0.04009249013976568,-0.009115197607437175,-0.0033750214885044927,-0.006741359709343614,-0.008534191845101513,-0.011556258021651611,-0.007070022003205917,-0.019434759686905834,-0.0071618134136386125,-0.02686613195267684,-0.24591602741775276,0.4169741590355862,0.8232150654826711,0.870819477440584
USA,income,0,NAC,1968,1969,0,dominance,dominance,1,1,0.026182323443093184,-0.003152612742642613,-0.004440850061673163,-0.0835580368867721,-0.009711755145967005,-0.0026324360042856987,-0.004401125760491481,-0.004968861422242676,-0.006813134354563877,-0.00760397754588929,-0.0459950610315501,-0.0055766217332333945,-0.04340579572463432,-0.09385270239348831,0.2843118404864917,0.5531177326199668,0.48053346809408737
USA,income,0,NAC,1969,1970,0,dominance,dominance,-1,-1,0.00545989329231765,0.005853052829369598,0.008211506543766123,0.20142552978545614,0.018902157502580397,0.004855220387607592,0.007773466974002385,0.007846077901692727,0.010729467744973964,0.014732062990195194,0.09914076982586895,0.010291851934860902,0.08944922128548771,0.301715534335945,0.35845215420903287,0.6735950982074286,0.7294369246535801
USA,income,0,NAC,1970,1971,1,single_cross,single_cross,0,1,0.02384713364288259,0.0031894552604755932,0.002152523771801418,-0.09820655414816915,-0.0014150557180874768,0.0012467065710276004,0.004608914679258502,0.009939582414724868,0.013371963078628424,-0.0010932563915654059,-0.04342333797703701,0.002647243852384601,-0.030033722362134974,0.03351232452645547,0.5548909547729224,1.443916709330928,0.7344738145780028
USA,income,0,NAC,1971,1972,2,multi_cross,single_cross,0,1,0.06573491890310029,-0.002547012294828399,-0.001083030187408518,0.0032378506284755915,-0.0008042521452353291,-0.0011956252800183892,-0.004432704095391787,-0.010977170481991594,-0.014781874702538222,-0.0006220461471599936,0.0015651310055001533,-0.0025388148998652937,0.005969603575631144,0.1459403463683131,1.0501756637853141,1.652577778893253,2.3088295977004485
USA,income,0,NAC,1972,1973,0,dominance,dominance,1,1,0.019607983874824087,-0.005476842486796252,-0.005663522451800684,-0.016153980016129665,-0.007266006695821475,-0.0030994715419461055,-0.0066746893948402,-0.009191173548067921,-0.012609398122514826,-0.005642603687219611,-0.007909209300158149,-0.006573530963104118,-0.015771090198249516,-0.11950249222667786,0.0838437541986572,0.0852709308820252,0.41339112529184874
USA,income,0,NAC,1973,1974,2,multi_cross,dominance,0,1,-0.037649839862569284,-0.006327391398688043,-0.006689239787303181,-0.018956922113758323,-0.008351291994559723,-0.0038271283911272963,-0.009007490841601407,-0.015264993132881988,-0.02144295946916064,-0.006536254942390102,-0.009612902937428613,-0.008101028097391383,-0.01643301194685387,-0.2811013519035015,-0.9943485324478658,-2.423055916078752,-1.6034744522639137
USA,income,0,NAC,1974,1975,1,single_cross,single_cross,0,1,0.008360325174495227,0.0017387769410054932,0.0015765956244609969,-0.04478325240700848,-0.0005329607488051835,0.0007576547755164947,0.0026314226235666927,0.005832946625401125,0.008270141127121322,-0.0004189849990667849,-0.024251134670459806,0.0016023790153218975,-0.015484449480060114,0.06087757285300732,0.2331372388028008,0.7010836454180449,0.3068830613174036
USA,income,0,NAC,1975,1976,4,multi_cross,multi_cross,0,1,0.030798425294706697,-0.0008842235472994453,-0.00171393130846198,-0.013802951258639229,-0.0031823916412279107,-0.0009779293324200938,-0.0017244544022848862,-0.0024240713712382067,-0.0034251627510496485,-0.0025064776152231016,-0.007948041247327176,-0.002068114699036505,-0.011758151978766729,-0.015545376492809737,0.508624240620172,0.9271721008754739,0.9020279243121792
USA,income,0,NAC,1976,1977,3,multi_cross,single_cross,0,1,0.013109784925685933,-0.0006596491034970287,-0.0007052666548097442,-0.020091190039277784,-0.001407987072857192,0.00026849929864510014,0.0026361332167095797,0.011574375509210783,0.016207980284272727,-0.0011114898814783003,-0.012002289211600126,0.0005677069166432069,-0.011906844903734282,-0.19916190895030272,0.20616775762884032,1.3190830948089243,0.3559709044053925
USA,income,0,NAC,1977,1978,1,single_cross,single_cross,0,-1,0.00430094615729227,-0.007140499662204924,-0.006744983718142472,0.0002958159116095982,-0.007096915796219905,-0.0042980912393722065,-0.012072350902080087,-0.02600282780004959,-0.036949206449751304,-0.005626316902051287,0.00018058235093648678,-0.009077547803528319,-0.0037009744895497576,-0.05380997089174677,-0.29295756554495966,-1.7652454854313078,0.016660461838728935
USA,income,0,NAC,1978,1979,2,multi_cross,single_cross,0,-1,0.01728033723062332,-0.00022575304486516234,-0.0023468804507976726,-0.005244063898847295,-0.00383534440104491,-0.0007843522273731918,9.839522752638774e-05,0.0038682946101777083,0.0056218548299833415,-0.003057258568447324,-0.003218868111433071,-0.0016542047645433933,-0.01570611889410045,-0.09245936478113403,0.3040766519403775,0.9211944780480579,0.2169941077002875
USA,income,0,NAC,1979,1980,2,multi_cross,multi_cross,0,1,-0.04877379369840055,-0.00041690662308890847,-0.0012159229989424647,-0.043974751437384385,-0.004168545986346195,-0.0008736895564242092,-0.00126213058030189,-0.001703182104647899,-0.0024696050747454734,-0.003336187651111988,-0.02854432753656133,-0.0018417691511402878,-0.022925977053647406,0.003400751436163141,-0.8987017010218779,-1.869833191393056,-1.843493196860674
USA,income,0,NAC,1980,1981,0,dominance,dominance,-1,-1,-0.018092652313022903,0.007709502162984994,0.008177658507709018,0.01896127224300831,0.009679943309514522,0.004156489136374106,0.008777802968751913,0.011046856103764602,0.01586383293557103,0.007725796844930299,0.012659778159174406,0.008770034688413697,0.021138682661656194,0.1804313574252303,0.06814818524900801,0.1635241151410085,-0.19445636282899414
USA,income,0,NAC,1981,1982,0,dominance,dominance,-1,-1,0.015456152787451636,0.011718093868368695,0.013935316028424904,0.08373788034536939,0.02068847745278607,0.0076018809918075025,0.015197296299210988,0.020432888704695285,0.028438031843019074,0.016263373319164,0.04991938578869021,0.016092443018032893,0.06234701605615345,0.5197530255368417,0.8648209467088606,1.9776817905349944,1.3826364791453614
USA,income,0,NAC,1982,1983,2,multi_cross,dominance,0,1,0.032921974733955,0.006323086784933429,0.007360080918808132,0.00910517357809687,0.009678983422861609,0.0037537609846315934,0.006852799216969491,0.005686966365733126,0.007720718704193663,0.007493963726165398,0.004907206580770096,0.007971727811197898,0.022269369062701827,0.41599562901763587,0.9475582167637775,1.6381613438273064,1.6835909840825316
USA,income,0,NAC,1983,1984,1,single_cross,single_cross,0,1,0.03917588349046791,0.0005193805496936932,-0.0001174726765362788,-0.02167148419416709,-0.0014910319438646846,9.84678067300071e-05,0.001331224338548903,0.004740041452263477,0.006374171595174394,-0.0011497122066407017,-0.011834919265390209,0.0002093398706626004,-0.01210223190786941,-0.00609683384344617,0.8039555609737903,1.8861685868049918,1.3688041321605233
USA,income,0,NAC,1984,1985,2,multi_cross,single_cross,0,-1,0.019547199163566707,0.0029564669797039755,0.0025145771041895637,0.009397465757903123,0.003509642163411708,0.0017402091520232893,0.0044957755246434195,0.008431864275535994,0.011206285297790775,0.002703503152652803,0.005197934261697623,0.0037015607117086013,0.006003784081587971,-0.05894677345995181,0.5624809180644981,1.4175320698658354,0.823215550558583
USA,income,0,NAC,1985,1986,1,single_cross,single_cross,0,-1,0.028559110715670667,-0.0008426626829596828,0.00021065390014229912,0.01432680907883388,0.001370435054089958,-8.380850759388825e-05,-0.0012107383779929037,-0.0034609417588991054,-0.004579563682657661,0.001053083034283392,0.007730601598009423,-0.00017835077460048865,0.010427042297980416,0.10785687746202566,0.5542530932118517,0.9527486974125949,1.304521847738311
USA,income,0,NAC,1986,1987,1,single_cross,dominance,0,1,0.030147279586980373,-0.003605060757046419,-0.0039963427039105826,-0.028753490797740977,-0.006590140527266475,-0.0023236640803921127,-0.004478459557275105,-0.005069710739329603,-0.0067590118882299155,-0.00507730238780818,-0.015752945540404517,-0.004941565944201309,-0.02063072796034371,-0.11383107347086696,0.44193132655779266,0.9147564342645182,0.9749923837002896
USA,income,0,NAC,1987,1988,1,single_cross,single_cross,0,1,0.016248255524281958,0.0050762374031163016,0.003822185782237031,-0.01598947743605683,0.003516347174702783,0.0026943285195582117,0.00788280107865899,0.016199225832314812,0.02138846049996146,0.0027132949377506876,-0.009183727812996312,0.005730431660320612,-0.005913571637895965,-0.05338474934278725,0.6590111830310548,1.9898694453318555,0.6957817869220335
USA,income,0,NAC,1988,1989,2,multi_cross,dominance,0,-1,0.01609114628262803,0.005320496259143936,0.004440794381682878,0.0047456039314308085,0.005989127289766305,0.0034804798426213007,0.009964782689103002,0.022853658963669088,0.029199404902280568,0.004599441915107,0.0027586493643197985,0.007415415410436582,0.00462447366290164,0.07820731137905401,0.6859040300350294,2.508398217928665,0.7972062327249567
USA,income,0,NAC,1989,1990,3,multi_cross,multi_cross,0,-1,-0.02735263915805491,0.0002421183856051723,0.00011123197987239486,0.002770088659611203,0.00011845875219301805,-0.00013142897040881174,-0.0008592259135549174,-0.0038016526416919105,-0.0047826515691848925,9.069468871300557e-05,0.0015972926977450008,-0.0002802852837112957,0.0017868243301882858,-0.032057349369098986,-0.609723372334372,-1.5830750387096373,-1.1734739865168038
USA,income,0,NAC,1990,1991,3,multi_cross,single_cross,0,-1,-0.010712176493563826,-0.002158928442035024,-0.001510773436230295,0.010574010091682684,-0.0012609285865561315,-0.0011370608686829958,-0.0034764530858365783,-0.007944498678662204,-0.010088917239235662,-0.0009659470141148985,0.006010936018347013,-0.0024240210710667065,0.00434790256790607,-0.04359032085257386,-0.36564907104470024,-1.0846976830345199,-0.4459349289854835
USA,income,0,NAC,1991,1992,0,dominance,dominance,-1,-1,0.00026623691437306483,0.003275025578493629,0.00371230769034836,0.02396732446073291,0.006257750077987012,0.0022793141843201054,0.00465714894760319,0.00673953215835682,0.008566979070891212,0.004781857850389509,0.013137933335558571,0.004860689631899895,0.018588387467222134,0.2042876614550222,0.1966939558519627,0.5112275051422586,0.2906342180829
USA,income,0,NAC,1992,1993,0,dominance,dominance,-1,-1,0.02045626443802428,0.019778871638383377,0.017118677671186355,0.040789864046353375,0.027451994248368194,0.014827745970827408,0.04304434328031759,0.11398738106204531,0.1329391616139577,0.02062743831571076,0.020922812664632195,0.03177566775956692,0.03301591074874766,0.24174409587100953,1.63793303518759,8.85714625741334,1.5484145496000075
USA,income,0,NAC,1993,1994,1,single_cross,dominance,0,-1,0.017402757691839514,-0.003770807871811277,-0.0039810662521788664,0.01096823129216351,-0.005089571895172507,-0.00232235884107021,-0.0049571954340179025,-0.007701830963149914,-0.008374079093639075,-0.0037816692735094803,0.005340261837269988,-0.004994700709730626,-0.005945677894432899,-0.31003699340612734,0.19290238849714214,0.4577499868010122,0.4632813706088683
USA,income,0,NAC,1994,1995,1,single_cross,single_cross,0,1,0.015059860451154919,-0.0013208426881399227,-0.0021569392284170874,-0.012140510041717345,-0.0034178910455456846,-0.000851380279416003,-0.0005216190923277852,0.003869890947413801,0.004217201529191028,-0.0025503960104478196,-0.005917909187745707,-0.0018293867976311717,-0.012654774467087071,-0.23029597474950947,0.2857397882969934,1.099593126887747,0.4164838438325802
USA,income,0,NAC,1995,1996,2,multi_cross,single_cross,0,-1,0.015842379086032872,0.004492669996379928,0.003499441588826313,0.011302239854254381,0.006226097370767791,0.003633971679257192,0.011605810751108392,0.037894189198877604,0.040316772134500245,0.004639337956887313,0.005513829610804599,0.007814707368263285,0.0056712570882895275,0.09256902900362984,0.6710116308312486,3.418092731743208,0.8311870382863162
USA,income,0,NAC,1996,1997,0,dominance,dominance,-1,-1,0.028707172965706445,0.002212212057225993,0.0024333496346810035,0.048472776968098374,0.006027906111726322,0.0019824859635182157,0.004472923245067095,0.008963997200052587,0.009291854711210412,0.0044642202607406145,0.022322201161089628,0.004270190805593099,0.022704308562282338,-0.0819121255016988,0.8740734768603602,2.3415952178886528,1.5765250609278638
USA,income,0,NAC,1997,1998,1,single_cross,single_cross,0,-1,0.02713656728935596,-0.005738438406404089,-0.00386891940610945,0.06938813482074546,-0.003927080492398816,-0.0037661278844051127,-0.012395263777388976,-0.036423174117855894,-0.03833229981169883,-0.0029053092774906086,0.028638398211261795,-0.008107891101719389,0.017788953979528288,0.030649479641662758,0.33677815223733987,-0.816997346502319,1.312133296659475
USA,income,0,NAC,1998,1999,1,single_cross,single_cross,0,1,0.023283938396054832,0.00033526771852726567,-0.0006262151449780706,-0.0822244578859852,-0.0038944498910661873,-0.0003118568712199843,0.0005355854036676044,0.002490043643067097,0.0026706759705954486,-0.002892458305223111,-0.034349729106564086,-0.0006705875541150874,-0.02834792328435176,-0.04503348809295993,0.6432687673516817,1.627675144734802,0.9627242429914205
USA,income,0,NAC,1999,2000,2,multi_cross,multi_cross,0,-1,0.011421989113498699,0.0015083192763064024,0.0008710364239357116,0.03206206527940303,0.0038445496855036843,0.002348016760767485,0.009141814312488672,0.03717603774376893,0.039001276319246325,0.002855467974524739,0.014012931350469437,0.005051928128579297,0.006980110879454937,-0.1700362703711047,0.41307942976469647,3.3889912894626306,0.5859327370540584
USA,income,0,NAC,2000,2001,0,dominance,dominance,-1,-1,-0.0002608378913401773,0.004541755277797543,0.004812254238815483,0.17027873830345008,0.012937626360703391,0.0041540604633963085,0.010127449104805397,0.02754157918503397,0.027914002729802823,0.009528948471977605,0.062432336879188366,0.008954628076488669,0.05397034415115898,0.08059702396690849,0.3030613020997279,1.8892312799238056,0.44691870316177784
USA,income,1,NAC,2002,2003,1,single_cross,dominance,0,-1,0.015064598251636387,0.004195488873133091,0.004687082130033993,0.2558937493818194,0.012442230878051297,0.0026727366248359974,0.0029401246770012213,-0.0062984251332178776,-0.006675058814043733,0.009088293470468911,0.07281257694901411,0.005762466045099279,0.06627946668302998,0.25237192093315475,0.7107131965303672,0.5201253573150524,1.2974712747831418
USA,income,1,NAC,2003,2004,2,multi_cross,single_cross,0,-1,-0.011114744321748722,-0.002271666125195082,-0.002573041025869083,0.07856438774974306,-0.0019335211677284914,-0.0005137038167134789,0.0014916442431174848,0.017211376119089794,0.018130526559412607,-0.001404909491300732,0.017494374911245836,-0.0011082492978173875,0.0005291740610440243,-0.3056910496732881,-0.46919580542251893,0.5239188571478053,-0.8340666683188687
USA,income,1,NAC,2004,2005,1,single_cross,dominance,0,1,0.021226488191530238,0.007148978980795084,0.0054356197637630554,-0.016552657000673543,0.008366493250885787,0.004551857555109978,0.01240943181891363,0.027976467946916606,0.028760210193488955,0.006059644935528685,-0.0035356697344197663,0.009831605898270313,0.005628903230305404,0.04166857818239045,1.0994863488556206,3.432711407195413,1.3343081129851058
USA,income,1,NAC,2005,2006,0,dominance,dominance,-1,-1,0.017152138707962825,0.0043153544900823015,0.0037284454544544987,0.0633673211729775,0.007619212029887523,0.0034940004467603203,0.009965115603315478,0.029291061376436667,0.029239916629311358,0.005474472819642806,0.013135585069890099,0.007564493273710726,0.016963364046494123,0.13345377587459772,0.8091089408861976,3.287686035280089,1.1742000901795677
USA,income,1,NAC,2006,2007,0,dominance,dominance,1,1,-0.006624801339720533,-0.006014193272398716,-0.004347236299550694,-0.0767120733307547,-0.009957889042777501,-0.005633263564945312,-0.018926645467414183,-0.06534628890875416,-0.06646722634558477,-0.007163217010124401,-0.016042540887026058,-0.012188361252170543,-0.014033200101102206,0.12837193436919137,-0.6232621485755345,-5.19574486196295,-0.5011666081968045
USA,income,1,NAC,2007,2008,2,multi_cross,single_cross,0,-1,-0.02716042966808783,4.509905088473376e-05,0.0003833778633566265,0.16798147321310775,0.0032603059084236885,0.0003882279121638077,0.0005440927548934771,0.002628095129081298,0.0027626842211297964,0.002353162594415814,0.03321677910042775,0.0008386986893605397,0.025847555971154956,-0.03329612223517753,-0.7776201529879927,-1.6152785818222952,-1.3974495807328822
USA,income,1,NAC,2008,2009,1,single_cross,single_cross,0,1,0.01344315794386609,-0.002437860080047205,-0.004095420715992115,-0.3208318852743015,-0.011613851406272635,-0.002135219097078811,-0.001790378532778969,0.0051599626562043865,0.005401037555312627,-0.008417556655864411,-0.07059528413959859,-0.004610420534393533,-0.06792867745672337,-0.3603491072794105,0.21319049789576994,1.2683934168907172,0.1426671334911518
USA,income,1,NAC,2009,2010,1,single_cross,single_cross,0,-1,-0.02503430556295298,-0.006015837942267621,-0.002943506100914872,0.2983374170911044,-0.0008126424314132685,-0.0051119447049916,-0.021070177083182817,-0.07429478955509639,-0.08096804898399157,-0.000592659469520973,0.06653850061734579,-0.011014618092516582,0.05808713985035929,0.2589671728038283,-1.1170721258595862,-7.18481694551722,-1.035374893979487
USA,income,1,NAC,2010,2011,1,single_cross,dominance,0,1,0.012239569241724552,0.009197418279929925,0.007179579070462294,-0.10537848057876942,0.010170290255148873,0.006143677816502907,0.017326885714689377,0.04077161030521487,0.045314143973583576,0.0073825934506666635,-0.02057396015095303,0.013241646717736977,-0.002817445682839148,0.0712109171167814,0.9736688729545193,3.868577787864311,0.8913137685034016
USA,income,1,NAC,2011,2012,4,multi_cross,multi_cross,0,-1,0.0038977901186274524,-7.758881838482168e-05,-9.000419659344061e-06,0.07752692242720527,0.0009416047405877981,0.00020436938612239386,0.0009312873412840039,0.004823807340828212,0.005214819177841612,0.0006797190922473995,0.015395523457181315,0.0004412966556230913,0.008331264244706094,-0.014373174872686079,0.10564639950138854,0.6106890341635207,0.20230560873666548
USA,income,1,NAC,2012,2013,0,dominance,dominance,1,1,-0.006108052785954307,-0.002816998795915515,-0.00303846352875603,-0.08528796365825042,-0.006471597131140705,-0.002626950649124604,-0.007210514879503471,-0.02107359638976869,-0.02300296993422124,-0.004684614632990469,-0.017022048922542554,-0.00566839951319148,-0.019561733631766387,-0.13686277850040796,-0.3679925537537869,-1.9778892956242586,-0.5782543166966931
USA,income,1,NAC,2013,2014,1,single_cross,dominance,0,-1,0.006346207547619666,0.008664108411556515,0.007385254055622625,0.4921486546566818,0.018681343052648347,0.0055480782595217215,0.010810059671416572,0.010206687390356572,0.011213303503248007,0.013440788188576913,0.07856582841153947,0.01198177186280791,0.08331378223369479,0.3052905115824789,0.7805076448630643,1.1751567123645188,0.863230696466573
USA,income,1,NAC,2014,2015,1,single_cross,dominance,0,1,0.037405111991396026,-0.002815520619879608,-0.00256101079993154,-0.20208334926939253,-0.0062327091801054335,-0.0016003954742471183,-0.0022928775148826075,0.0023246475722131232,0.0025347692254140686,-0.004456405543989628,-0.02714902183097745,-0.0034602350331289222,-0.03043958261328472,-0.18875672510192043,0.9004910526805965,2.6046203989110666,1.8807829409167738
USA,income,1,NAC,2015,2016,5,multi_cross,single_cross,0,-1,0.0453418399047918,-0.0012630074727985052,-0.00045547100134690766,0.027584283174343804,-0.0008744789866594882,-0.0005926618061818933,-0.0015903720231832952,-0.0023171770281547044,-0.0025266121930250796,-0.0006274799279331056,0.00405380267610389,-0.0012805811030403014,0.0014914666383815112,0.05686912100397379,1.289328169987325,2.878080302814425,2.697591465191124
USA,income,1,NAC,2016,2017,1,single_cross,single_cross,0,-1,0.012617255970536655,0.0005529954204518406,0.0014605821975568478,0.30795905164795045,0.006037241089197787,0.0007276885182949111,-7.132400179610254e-05,-0.0032056377982468964,-0.003506911116539002,0.004320843587127199,0.03824784061777209,0.0015723990996567294,0.043237055935758106,0.15400266918264194,0.4375702764774836,0.6088102010888861,1.0681454043850849
USA,income,1,NAC,2017,2018,1,single_cross,single_cross,0,1,0.04507564353691399,0.0039520651680677865,0.0022273273421778983,-0.3839617977969696,-0.0005156657119155805,0.002735392350487781,0.01042967818895335,0.031387582475737474,0.03377815840777165,-0.0003680430587648109,-0.04972066950411602,0.0059166565644108715,-0.04619831622353043,-0.05312525520127931,1.771407961478637,5.908058030280046,2.6849195168165636
USA,income,1,NAC,2018,2019,2,multi_cross,single_cross,0,1,0.06423187139911023,0.0012086026367786884,0.0008190264919767376,-0.18355342660008622,-0.0017406474305657893,4.385350627342244e-05,-0.0005347237236110192,-0.007094369595536554,-0.007528364248165054,-0.0012437445539011938,-0.03220609478421044,9.493233147939151e-05,-0.02227852853682144,0.10402098604684618,2.315107253785307,4.370774538241548,4.276286883706092
USA,income,1,NAC,2019,2020,0,dominance,dominance,1,1,0.02521285159603318,-0.0189949938124509,-0.019001292258603364,-0.6093114639758658,-0.04508258789135772,-0.014141269306619325,-0.029734502483019398,-0.0497830789305197,-0.05463027301928769,-0.03297869573806239,-0.19257305807193725,-0.030487096589821794,-0.18203709639186705,-0.6818993305598999,-0.7481083274665963,-2.729812129031515,-0.24287053276859893
USA,income,1,NAC,2020,2021,1,single_cross,single_cross,0,1,0.004185566598946126,-0.0029055558680803895,-0.006730840462469745,-0.05071377699273982,-0.010691229364326371,-0.0020839681596117876,0.00036666200028567797,0.01513839697564745,0.01696294711485613,-0.008041345199459676,-0.027296846167322697,-0.0044717531551636824,-0.046979895630875235,-0.47844719848460127,-0.10834239861811312,1.811197329449044,-1.116469169777865
USA,income,1,NAC,2021,2022,0,dominance,dominance,-1,-1,-0.07479430380822427,0.019877873482055275,0.025375099275432245,1.4330571896461015,0.06539472465301516,0.016203224946748196,0.026882195435143308,0.02813895906808095,0.030710146745547395,0.047867459197975165,0.3217955999635351,0.03491119761083489,0.3251635493306231,1.109316913466496,-0.890828318629012,-3.194327515020163,-1.263368619353173
USA,income,1,NAC,2022,2023,3,multi_cross,single_cross,0,1,0.03283544769498402,0.0011952241979885092,0.0009735205954632953,-0.2544304067144434,-0.0015811428100918068,0.0003689092029235952,0.0011304267391848977,0.0017843705329752546,0.0019133547901916126,-0.0011208164006445975,-0.025330689021361152,0.0007986862803895378,-0.024742224372819144,0.09612795857327239,1.2325783228274787,2.69130324777403,2.195859721769132
USA,income,1,NAC,2023,2024,5,multi_cross,multi_cross,0,1,0.028039279534301464,-0.000581311283597008,-0.0010737673607181808,-0.34723128592238584,-0.006402836597005801,-0.0009542590843839849,-0.0011877060589908783,-0.00046950265488926446,-0.0005030605524781739,-0.0045569073010464645,-0.0463196142687432,-0.002065611263542433,-0.04633139506832007,-0.010384968814697082,0.9491725462393603,2.1886351649444435,1.669969343213893
UZB,consumption,0,ECS,1998,2000,0,dominance,dominance,1,1,-0.4357124203253855,-0.08255474956218761,-0.09114916841921528,-0.3079201349767673,-0.14266514827768517,-0.0547416650723139,-0.11139113094642061,-0.1520690068081561,-0.16677566357811568,-0.10698160289261269,-0.19188312881900715,-0.11769019974160161,-0.3509563394995536,-4.405097117276763,-0.5148678953010728,-1.1280145386659235,-0.1619760707369855
UZB,consumption,0,ECS,2000,2002,0,dominance,dominance,1,1,0.05938533997327887,-0.02973518449674112,-0.037524015981006964,-0.05820414513223321,-0.03702587682321179,-0.01608937081138559,-0.03463850830479481,-0.0530649447014922,-0.06674347539192527,-0.03035096713619781,-0.05533046766649646,-0.03390033643294199,-0.0797690802264216,-0.6236657799039893,-0.015141534843229998,-0.0319881192850191,-0.003198695203040197
UZB,consumption,0,ECS,2002,2003,0,dominance,dominance,-1,-1,-0.05074575513595479,0.022242066377216596,0.028052792896080203,0.04146619967425791,0.026759097017085592,0.01150312873472989,0.02386051076168011,0.030561316589760412,0.03911869702500137,0.02204733948905091,0.04031271763728267,0.024206213662287784,0.05829714239648576,0.5503974745602838,0.008097381093729816,-0.0008509687476740968,0.00038439437630850837
UZB,income,1,ECS,2021,2022,2,multi_cross,single_cross,0,1,0.04146499890764952,-0.017050876355462097,-0.01643858946916843,-0.00552635134010071,-0.013247905137639293,-0.0077188469289189016,-0.01972548426755119,-0.03257523465352041,-0.05266578767922092,-0.011000060604285378,-0.0046594023630915915,-0.016136592267701894,-0.010315086852827282,-0.054620946763154876,-0.05036827222776097,-0.360927831190601,-0.02614193754033023
UZB,income,1,ECS,2022,2023,0,dominance,dominance,-1,-1,0.21992821382574454,0.03353503543953951,0.03836187495126098,0.08223865348650111,0.041066561300689,0.017649509889337806,0.03727802116600759,0.048221542210803714,0.07648883589189737,0.033629685342913884,0.0630765446541246,0.03699793024272849,0.0939242254901253,0.8975971269417728,1.6153061033771818,3.285372207288562,1.6942287051654525
UZB,income,1,ECS,2023,2024,1,single_cross,single_cross,0,1,0.10177589907114185,0.00024262794582552427,-0.002958465434842905,-0.03588721162054159,-0.006701299553225515,-0.0011858109284199059,-9.636085600939204e-05,0.0033069167133127075,0.004927261340696876,-0.005393882361354907,-0.02595728765119598,-0.0024970530184265094,-0.03366224049082839,-0.20206330397178984,0.6330280593125321,1.3096295674916885,0.7158245168395316
UZB,income,1,ECS,2024,2025,1,single_cross,dominance,0,-1,0.15758144101265587,-0.01905616865147214,-0.019496103227654715,-0.009757980471636118,-0.01795992914912589,-0.009164513873110597,-0.0211169229058516,-0.029367903742682222,-0.04510806495223396,-0.014635487726625596,-0.007458704207211009,-0.019243359133822996,-0.02330164184157013,-0.7090213198691613,0.6896806437684422,1.1690992648203302,0.9785059944921066
VEN,income,0,LCN,1981,1987,0,dominance,dominance,1,1,-0.1194602950616699,-0.021427211778928812,-0.013019173895180591,-0.09529623477344273,-0.04845652272866108,-0.02347065732652648,-0.08040528264550395,-0.3241801125332553,-0.22885825969553797,-0.028424691711345207,-0.027921576513320723,-0.053903286026603825,-0.05560273232631985,-0.5366036783937371,-1.3540903553735708,-6.231772918812684,-1.4239430632086734
VEN,income,1,LCN,1989,1992,0,dominance,dominance,1,1,-0.08398447362938971,-0.01708455113654661,-0.018111725121331856,-0.2701396763996431,-0.04440087787820651,-0.014511969298208693,-0.030976630198028265,-0.062295301346283305,-0.06408464115650658,-0.031063305130859864,-0.07324040276748245,-0.03157742773652039,-0.14974414667699065,-1.052799534517133,-0.6766505252636348,-1.8566847479260336,-0.6816593645548839
VEN,income,1,LCN,1992,1995,1,single_cross,dominance,0,1,-0.22110557513767976,0.05094922905568772,0.040704747122288776,0.07691132669740308,0.08060134490942611,0.03740410640621078,0.0973662973934859,0.22536906932048734,0.21512881339717405,0.05538847935125618,0.0239361056560643,0.0819511664735102,0.11569520548316048,2.189835491499079,-0.5196374646841129,-0.17117639480701996,-0.47919006423552535
VEN,income,1,LCN,1995,1998,1,single_cross,dominance,0,-1,0.054479031285147854,0.008348781079725587,0.010403522889341321,0.23776172268795226,0.034504585320368986,0.007497784126901996,0.006491921014134594,-0.028051575127710615,-0.02454436237108837,0.022380151468877174,0.05891800290007854,0.01665224192206466,0.14621280264108294,1.0212101299337935,0.34463255513383384,0.3793871617913229,0.31367297199052224
VEN,income,1,LCN,1998,1999,1,single_cross,single_cross,0,1,-0.10283565647299166,-0.003011248687603496,-0.003929756196031975,-0.10855240177870529,-0.013759015528763519,-0.002732792024786296,-0.0017736211383110323,0.010840742489428568,0.00954799529256567,-0.0088318281220221,-0.024478795715744295,-0.006078329933010274,-0.06175436040337556,-0.3252117856484613,-0.5126606055633056,-1.0530068098860426,-0.4666448132737182
VEN,income,2,LCN,2001,2002,1,single_cross,dominance,0,1,-0.1935168431487157,0.017071800549403604,0.0164887205543226,0.2031423519408313,0.050417988536691494,0.015679436165208394,0.03137517052277439,0.05342558853619117,0.04717590012158701,0.03220961726550131,0.04551603383202052,0.03490177777736969,0.1549330438154355,2.2928111312553927,-0.6765940757551361,-1.5345691870829903,-0.5990372880192352
VEN,income,2,LCN,2002,2003,2,multi_cross,single_cross,0,1,-0.1656135877400402,-0.009706211145420862,-0.00530654577422196,-0.034115537967966736,-0.01274126426485106,-0.007030863805832399,-0.02162301250657339,-0.056435525241276485,-0.04989360355630579,-0.007987081498376736,-0.00681820718926196,-0.015692349862253874,-0.007312675132768787,0.021424124331721472,-0.670108227864981,-1.770456169602082,-0.5653620176518082
VEN,income,2,LCN,2003,2004,1,single_cross,dominance,0,-1,0.11337487624518662,-0.005865828002780515,-0.0038363826402056933,0.056448132318821065,-0.0056075542136961865,-0.004002908924691406,-0.011891860154295275,-0.031239742776087986,-0.028611361224504472,-0.0035475710335357014,0.011126110305100911,-0.008903637749123894,0.014493753496124251,-0.4535149185000904,0.3492108156326523,0.6910577169988903,0.27640176395093063
VEN,income,2,LCN,2004,2005,0,dominance,dominance,-1,-1,0.22489639956346394,0.019841607463823407,0.01678828659514997,0.3517677867332061,0.06221246042068923,0.021693379601227303,0.057952852825005396,0.1838890019907362,0.15893253401329321,0.038265982024637935,0.05498886025778038,0.048519621997378304,0.1831607977756502,3.950111057952588,1.1071976954401466,3.616654148143935,0.9951177740700392
VEN,income,2,LCN,2005,2006,1,single_cross,dominance,0,-1,0.20285221258037145,-0.04602867047969039,-0.0405695269522246,-0.47933859550387115,-0.12190275806677636,-0.04188356955995712,-0.09670506579397109,-0.22682482531791814,-0.19954323515225258,-0.07728753186282145,-0.08133081022971167,-0.09309707074005802,-0.33850103711902413,-6.79018292158174,0.5237508810890548,0.3237840754378727,0.4913473354931086
VNM,consumption,0,EAS,1992,1997,1,single_cross,single_cross,0,1,0.26145286514668575,-0.0021227965274926985,-0.0043738095638699015,-0.007889302494483885,-0.0026958194991928974,-0.00035361388995740206,0.0014382869148510113,0.009267461708707292,0.01147103757796486,-0.0021971946981579893,-0.007571045327878612,-0.0007466593681106914,-0.012251090503866024,-0.11267025001168118,0.3168349303377971,0.7775969823323416,0.147487216216142
VNM,consumption,1,EAS,2002,2004,1,single_cross,single_cross,0,-1,0.16505506683478996,-0.002420873874453,0.003908592508271469,0.011965407738233902,-1.993593801130622e-05,-0.0021043978182717915,-0.009410097679251411,-0.02690901271817453,-0.03307236208993969,-1.5985166928716987e-05,0.010704342828926794,-0.004459527797612078,0.018167874016045804,0.21576831150515918,0.24395590486370233,0.42203978566595524,0.1054943959859223
VNM,consumption,1,EAS,2004,2006,1,single_cross,single_cross,0,-1,0.11027085774304499,-0.00998452966322233,-0.007244927071897278,-0.007711816673292404,-0.009920280472482196,-0.005424975969261003,-0.013703182011997384,-0.022017974070685287,-0.02811839821908524,-0.007994010670505092,-0.0068597055621403835,-0.01147211297194281,-0.010305641611193794,-0.12850774889219618,0.14357702731517308,0.2785052865089117,0.06904705723199123
VNM,consumption,1,EAS,2006,2008,1,single_cross,single_cross,0,1,0.07691266120992905,-0.0021805892682171812,-0.004111944460522543,-0.008324751573352218,-0.003167244774683692,-0.0005226453564713962,0.0012710219463289985,0.010226875397569113,0.013186117559353394,-0.0025689918214722163,-0.00756591577272131,-0.0011033961410751858,-0.013317862637335809,-0.10908043620517027,0.13264345216588236,0.38268295802224017,0.08607109808000168
VNM,consumption,2,EAS,2010,2012,0,dominance,dominance,1,1,0.02799149688571576,-0.036004047603932776,-0.03370450926404034,-0.05582429052110177,-0.0460351046472216,-0.023723121070006292,-0.06282190192004311,-0.1405177056829972,-0.1626688619130119,-0.03640087546577411,-0.04618431790069799,-0.05043869630411199,-0.0653632196076156,-0.5779173617233395,-0.2491773237354935,-1.3518095589403645,-0.25052973314922933
VNM,consumption,2,EAS,2012,2014,1,single_cross,single_cross,0,-1,0.05693819243708677,-0.008896653251987185,-0.006004046077184855,-0.0009963857610844062,-0.0072255641846418195,-0.004497530441657099,-0.01236444867147371,-0.024443087312700618,-0.031887195590784345,-0.005867086096298185,-0.0008868606438895421,-0.009486838150319199,-0.0025622148506688203,-0.03743329330525036,0.11339823870045418,0.11967253991671267,0.08815900320149672
VNM,consumption,2,EAS,2014,2016,0,dominance,dominance,-1,-1,0.14392918421300607,0.005113805346578404,0.0060221535061012466,0.011219907432293008,0.006742436911863603,0.002970143650435894,0.006633547603558304,0.011296789567870724,0.014902310913752048,0.005476112696962382,0.009852287673486892,0.006262392134651407,0.014361385209562816,0.08348170305289049,0.6253237110360583,1.3977506447028087,0.5487028184946263
VNM,consumption,2,EAS,2016,2018,1,single_cross,dominance,0,-1,0.10659093473828464,0.004493254797190371,0.00613707069195446,0.016125043530812677,0.0070913661273485085,0.0024674832113930067,0.003725941488430806,-0.0016442338065048023,-0.002150922486788498,0.005719808772499224,0.013660789868721823,0.005210436440259897,0.02050373084894941,0.22615338184370692,0.5402181567307869,1.0128554641265204,0.5135500496378933
VNM,consumption,2,EAS,2018,2020,1,single_cross,single_cross,0,1,0.111713212102496,0.010722485717541086,0.008712854878287324,0.007866126140736895,0.0109634756449076,0.006230562844065798,0.0168970744175726,0.0351838438147572,0.04477767042515346,0.00876355997254058,0.00646014259937272,0.013188732094531197,0.009926822048939465,0.1732969445390724,0.7293410938112226,1.8883981306661788,0.7263988045757528
VNM,consumption,2,EAS,2020,2022,2,multi_cross,dominance,0,-1,-0.053863779801025344,-0.0070973723799470645,-0.006284083185194245,-0.0070003419174081705,-0.005412265027656515,-0.0013525177535533006,0.0020269656909611966,0.03362091872439271,0.04058408565234184,-0.004314239857801189,-0.0057427034978170255,-0.0028668977455175992,-0.01575220517593906,-0.3591097486496899,-0.39145530808594486,-0.05902678769971992,-0.3865988584980795
WSM,consumption,0,EAS,2002,2008,1,single_cross,single_cross,0,1,0.061683626355560954,0.013049942579121065,0.00507311046021286,0.0010489794033736177,0.013649748282135388,0.008870621066324497,0.026894443110376087,0.06332095147773426,0.061791558753119924,0.010283480687756086,0.0007705560324156036,0.01914137071262706,-0.0006872709401444244,-0.240445837032218,0.40307355449020665,1.3064039395723697,0.3825649540328184
WSM,consumption,0,EAS,2008,2013,1,single_cross,dominance,0,-1,-0.05458988083142915,-0.033038148109056975,-0.026076552051084723,-0.045688174189216835,-0.042304830376494684,-0.021586285748898495,-0.056579476696805076,-0.11794353645015487,-0.11836186482917366,-0.032333806729114484,-0.03548253622172298,-0.04640905868536249,-0.05442824518391087,-0.31395791747401436,-0.5776388010092388,-1.811892083843972,-0.5367507214349199
XKX,consumption,0,ECS,2003,2005,0,dominance,dominance,-1,-1,0.028917901443269823,0.022845040411811735,0.03328484581818547,0.03777399828186698,0.025272325594665912,0.0110248462495941,0.022189416644715715,0.025462488045893406,0.043025336690414084,0.021821076219646796,0.0426874457081684,0.022884126573716718,0.056627029519125516,0.5258233282414291,0.20078823518156574,0.38277841949484426,0.10971456272591329
XKX,consumption,0,ECS,2005,2006,1,single_cross,dominance,0,1,-0.01789493857194919,-0.00916967887633191,-0.013200866561250524,-0.0174706579154493,-0.0103659840055364,-0.004123128150413394,-0.007310391788806214,-0.005229325470839791,-0.00858643636348455,-0.008883723001365196,-0.019142040928468385,-0.008574239661057526,-0.026247135388020648,-0.2276291559870245,-0.093925306222715,-0.12469692203736393,-0.04547573200994193
XKX,consumption,0,ECS,2006,2009,0,dominance,dominance,-1,-1,0.1343004772494393,0.014597082699918107,0.0201934462701171,0.02495655268378691,0.016779012059585596,0.007431638684514699,0.015395888553427217,0.018762960624448682,0.030269519913076248,0.014333803256807998,0.0270482126185444,0.015468303641009512,0.03636731511137903,0.26867490767402025,0.382251719489912,0.7708821726040322,0.2308746841682463
XKX,consumption,0,ECS,2009,2010,1,single_cross,dominance,0,1,0.0366386558528162,0.014720100444432005,0.01410171532071669,0.013635174831862495,0.013509532850935785,0.006719002488130496,0.015185946148416785,0.020489488708921005,0.03148638970062034,0.011367278979850098,0.013969529763330213,0.014038902854988294,0.0212295635776375,0.2710940041815837,0.196783550884279,0.40883327388911717,0.12969757819533856
XKX,consumption,0,ECS,2010,2011,0,dominance,dominance,1,1,-0.03643668243211748,-0.05420254304952443,-0.06371666305305668,-0.06292394099538559,-0.0526950879272437,-0.0253687748429568,-0.055990072247909,-0.07486949341064861,-0.12384045671210009,-0.045221222557030594,-0.06941229243119201,-0.05273980184350349,-0.0953497142409877,-0.9863807295294817,-0.4827884039629513,-1.0779907897093666,-0.31702163413859286
XKX,consumption,1,ECS,2012,2013,0,dominance,dominance,1,1,0.010441638222904955,-0.026608721713884398,-0.036760701723518974,-0.030420845008744507,-0.025326906901883606,-0.012446233799504804,-0.0283319926154791,-0.04476512642123889,-0.07704599711907556,-0.022313622986521495,-0.03726655586094549,-0.025714991505974893,-0.04657322151479609,-0.38105612104214037,-0.20706352027099761,-0.6195000613873134,-0.14845222193598728
XKX,consumption,1,ECS,2013,2014,1,single_cross,dominance,0,-1,-0.0013549498030836933,0.009670896356574699,0.017062089304604067,0.018729029157818905,0.009934986994397904,0.0034690651033914,0.0045590657218526065,-0.0026099056646456953,-0.004832451904275725,0.008820388848748612,0.023361160308057377,0.007150246338198912,0.0298004933799855,0.25503107607489817,0.08160881663135156,-0.04878455619610644,0.03375886659707117
XKX,consumption,1,ECS,2014,2015,0,dominance,dominance,1,1,0.04082677818859981,-0.008147545120440303,-0.013740799427174655,-0.012916713191864299,-0.0089089487023713,-0.004045186200476995,-0.008510779305853602,-0.011520269875352318,-0.021871423118773103,-0.0079053979289362,-0.015962597500018688,-0.00833644160998051,-0.019551669619887413,-0.1385128131433917,0.02517218924011999,-0.003307917768212043,0.011202396901522915
XKX,consumption,1,ECS,2015,2016,2,multi_cross,dominance,0,-1,0.012891317651879916,0.0026524604911977723,0.004723743247314172,0.003881370416136093,0.0032248710150905024,0.0016990732556180013,0.004222377607747296,0.007839006647139796,0.014980475543627025,0.002869740718660599,0.0048650435260289004,0.0034993211781726985,0.0053859299995791254,0.016731404923929105,0.055839027166253885,0.19957457019508507,0.04560142774417841
XKX,consumption,1,ECS,2016,2017,0,dominance,dominance,-1,-1,0.0307912160956342,0.02282214113572123,0.026327688547507777,0.01737212276387451,0.022393140403072997,0.013484988298553692,0.0370067654026639,0.0784596055251115,0.13152565182564258,0.019673938956441192,0.02106382077634031,0.027885622576925007,0.0221664373094978,0.038755959815850005,0.29481286835888154,1.407437473944194,0.26947428953630237
XKX,income,2,ECS,2017,2018,4,multi_cross,single_cross,0,1,-0.153283276671485,0.004124938777965603,0.006029818729404557,-0.02342807641464062,0.014357226257591393,0.0033734002521215167,-0.00041655208634938656,-0.02976274538690238,-0.030964258119665744,0.009279440042616494,-0.0035915626299644066,0.00741964036985987,0.040785450622786934,1.7094868547024227,-0.6598800798191871,-1.8415824891562877,-0.6377994996723211
XKX,income,2,ECS,2018,2019,1,single_cross,dominance,0,-1,0.2976350285717667,-0.04408068118220593,-0.04253891928016529,-0.3459526227322358,-0.0999857590184356,-0.0333610868541275,-0.06386133588869569,-0.079824355852612,-0.08855218654481112,-0.06747774058022621,-0.06656098137930733,-0.07272335264694219,-0.28914203927345916,-4.532661378345802,0.9099380077379253,1.9929587560702302,0.9156030484728728
XKX,income,2,ECS,2019,2020,0,dominance,dominance,-1,-1,0.34859747190068835,0.17155797820642715,0.11863283286376614,1.8802341787745913,0.3935934684914434,0.1584961719074248,0.47191863079001584,1.7587548075624668,1.2049328512786597,0.23074535063319723,0.1950072266474765,0.3595544361681422,0.8423277690182447,16.922267938278914,5.284463562307298,26.568186931467537,5.496975172179061
XKX,income,2,ECS,2020,2021,2,multi_cross,multi_cross,0,1,-0.4081519113723165,-0.07947450993282712,-0.03581216282439248,-0.6369681948099553,-0.14663530591597485,-0.08404201249060458,-0.33852597005977003,-1.6287831858637005,-1.0647635092669903,-0.07555908277980034,-0.03554809626339639,-0.1952011114563575,-0.058638852930807284,-1.9608975198732566,-4.467161158126653,-25.506639356184515,-4.674932741028819
XKX,income,2,ECS,2021,2022,1,single_cross,dominance,0,-1,0.03654519725378584,-0.1108649916927561,-0.09760229399246523,-0.9750849795593928,-0.24779313924468838,-0.08527774317049941,-0.1751782593104929,-0.24306523326904833,-0.2842117120545141,-0.15577865931868162,-0.10552357085346653,-0.18764284719567964,-0.6600123657193799,-15.066853793454605,-1.1710649912171123,-3.1234995379342827,-1.1659775498646199
YEM,consumption,1,MEA,2005,2014,1,single_cross,dominance,0,-1,-0.1321014876837928,0.019773094235838173,0.022635419654658095,0.034130313026262404,0.022063431372111114,0.008780363128441507,0.015132584257459808,-0.00030134383162006007,-0.00035283276497288796,0.01788673310055741,0.0320260033901727,0.018571286257270087,0.05059173860108984,0.6157193611619265,-0.13125524557464252,-0.5430825754291932,-0.09088363280386758
ZAF,consumption,3,SSF,2005,2008,1,single_cross,single_cross,0,-1,0.031402801858535306,-0.024717038161842453,-0.00684031218984027,-0.04930493854272444,-0.0555570364369562,-0.02916030424784205,-0.10839714041664605,-0.4074607278629807,-0.2310930175164676,-0.026134963971388814,-0.008186140282243515,-0.0712828562522354,0.010500140085157428,0.7053803321901704,-0.04744117031887907,-1.7703540336795172,-0.12508090796768911
ZAF,consumption,3,SSF,2008,2010,1,single_cross,dominance,0,-1,0.16201907617461314,-0.016403914990538948,-0.007685887276625114,-0.08505330040376058,-0.04329817731446706,-0.017384638364499272,-0.05124641521587037,-0.14844202856552968,-0.0927014084107729,-0.0213991566399378,-0.015288463560655496,-0.04177544205314776,-0.05148077522554506,-0.9922860613745712,0.92715158721166,1.849898299302609,0.9170393767717435
ZAF,consumption,3,SSF,2010,2014,0,dominance,dominance,1,1,-0.061445993469616565,-0.012319701903472757,-0.006198738010574134,-0.06660635100670387,-0.032132834513619035,-0.012166891982423322,-0.031186751602370832,-0.06254274555452222,-0.04075605397083226,-0.016490752612644433,-0.013137121052908873,-0.02892994059948384,-0.04621477828396614,-1.1690716663634149,-0.5756907174757844,-1.5761769687262372,-0.6093871198135306
ZAF,consumption,3,SSF,2014,2022,0,dominance,dominance,1,1,0.05876298073370278,-0.05580234205134249,-0.034738018996013253,-0.31174532265648724,-0.13795074385665562,-0.05231994169991569,-0.1316727092254807,-0.27623858545000735,-0.194988593775262,-0.07713905138797589,-0.08013575783958649,-0.12168073977780125,-0.23951209091439007,-4.656562563298085,-0.26139108306058567,-1.3028957113717627,-0.3127080884206954
ZMB,consumption,3,SSF,1998,2002,0,dominance,dominance,1,1,-0.27120592371748425,-0.07065571633241957,-0.06492577706023983,-0.24915223693710614,-0.1252238326162995,-0.049819489566999386,-0.1116352537640124,-0.18958340002382346,-0.15729614023279348,-0.0874925404654176,-0.13424604189709927,-0.10959697113206929,-0.2636549363980668,-2.9140270442601057,-0.6109646565036613,-1.5228605019284704,-0.3147179120196678
ZMB,consumption,3,SSF,2002,2004,0,dominance,dominance,-1,-1,0.06323707513841312,0.12194573181472651,0.09768059537323037,0.40602498424405237,0.2233112011443174,0.09280155292409029,0.22881181706222586,0.50441176327948,0.3827173199461269,0.1487693399229041,0.1913764706730659,0.20692130676756643,0.4046666991104555,5.645911771951113,0.42994104298359415,1.315053895879363,0.2445865712117029
ZMB,consumption,3,SSF,2004,2006,2,multi_cross,single_cross,0,1,-0.08248661465636307,0.003149801733049684,0.0011036064827391057,0.0007365349089070161,0.004103364219694816,0.001255422364004194,-0.0014653677537928012,-0.053653472301574245,-0.035976563276415296,0.0024347750352264885,0.00023450772058586367,0.0028835467526637792,0.005340237461979425,-0.016200676613587817,-0.11651408671673114,-0.44430805181031197,-0.07080170344788611
ZMB,consumption,4,SSF,2010,2015,0,dominance,dominance,-1,-1,0.10478233020989565,0.038129637610368916,0.030227671564944547,0.23729069829051364,0.09618050572498071,0.035378176758557894,0.08856620205524801,0.24193189383354907,0.17043639937862087,0.057507774611449514,0.07597917195286452,0.08098184615730158,0.2024325906683001,3.162693138902032,0.26739633160749166,0.9023285699285446,0.161589076479973
ZMB,consumption,4,SSF,2015,2022,0,dominance,dominance,1,1,-0.16334049178144397,-0.04334358685240425,-0.028920320082546525,-0.20847820021812002,-0.09803661182533124,-0.0410029490396677,-0.11551325575364657,-0.34217389781017205,-0.24780866567841087,-0.058672875039904315,-0.06510321287352894,-0.09368685195490034,-0.16153146646500793,-2.103574230013516,-0.35981915287285937,-1.3013099793020815,-0.2314670946959882
ZWE,consumption,0,SSF,2011,2017,2,multi_cross,single_cross,0,-1,-0.10996524584331874,0.01174831570715984,0.006685679448657056,0.011867685528726357,0.015121442516284112,0.008542344292081283,0.025217479553813593,0.06826731530821029,0.06384944973546736,0.0110436910003881,0.00794071841400712,0.018581541650865285,0.01060847142498389,-0.09110172127921778,-0.1692700978760835,-0.2500977546090084,-0.0882450401886653
ZWE,consumption,0,SSF,2017,2019,0,dominance,dominance,-1,-1,0.020425627621420833,0.06026892713251025,0.04899646954402048,0.16159185268099957,0.10593705256317759,0.049138504829842305,0.1341099923153925,0.34604058995410436,0.27893373443170466,0.07285851502103619,0.08994844584868489,0.10877065150966952,0.1582123829735741,1.575665952402316,0.3115367965524689,1.355442384527266,0.2652418493333114
